name,platform,year_of_release,genre,sales
Wii Sports,Wii,2006,Sports,41.36
Super Mario Bros.,NES,1985,Platform,29.08
Mario Kart Wii,Wii,2008,Racing,15.68
Wii Sports Resort,Wii,2009,Sports,15.61
Pokemon Red/Pokemon Blue,GB,1996,Role-Playing,11.27
Tetris,GB,1989,Puzzle,23.2
New Super Mario Bros.,DS,2006,Platform,11.28
Wii Play,Wii,2006,Misc,13.96
New Super Mario Bros. Wii,Wii,2009,Platform,14.44
Duck Hunt,NES,1984,Shooter,26.93
Nintendogs,DS,2005,Simulation,9.05
Mario Kart DS,DS,2005,Racing,9.71
Pokemon Gold/Pokemon Silver,GB,1999,Role-Playing,9
Wii Fit,Wii,2007,Sports,8.92
Kinect Adventures!,X360,2010,Misc,15
Wii Fit Plus,Wii,2009,Sports,9.01
Grand Theft Auto V,PS3,2013,Action,7.02
Grand Theft Auto: San Andreas,PS2,2004,Action,9.43
Super Mario World,SNES,1990,Platform,12.78
Brain Age: Train Your Brain in Minutes a Day,DS,2005,Misc,4.74
Pokemon Diamond/Pokemon Pearl,DS,2006,Role-Playing,6.38
Super Mario Land,GB,1989,Platform,10.83
Super Mario Bros. 3,NES,1988,Platform,9.54
Grand Theft Auto V,X360,2013,Action,9.66
Grand Theft Auto: Vice City,PS2,2002,Action,8.41
Pokemon Ruby/Pokemon Sapphire,GBA,2002,Role-Playing,6.06
Brain Age 2: More Training in Minutes a Day,DS,2005,Puzzle,3.43
Pokemon Black/Pokemon White,DS,2010,Role-Playing,5.51
Gran Turismo 3: A-Spec,PS2,2001,Racing,6.85
Call of Duty: Modern Warfare 3,X360,2011,Shooter,9.04
Pokémon Yellow: Special Pikachu Edition,GB,1998,Role-Playing,5.89
Call of Duty: Black Ops 3,PS4,2015,Shooter,6.03
Call of Duty: Black Ops,X360,2010,Shooter,9.7
Pokemon X/Pokemon Y,3DS,2013,Role-Playing,5.28
Call of Duty: Black Ops II,PS3,2012,Shooter,4.99
Call of Duty: Black Ops II,X360,2012,Shooter,8.25
Call of Duty: Modern Warfare 2,X360,2009,Shooter,8.52
Call of Duty: Modern Warfare 3,PS3,2011,Shooter,5.54
Grand Theft Auto III,PS2,2001,Action,6.99
Super Smash Bros. Brawl,Wii,2008,Fighting,6.62
Mario Kart 7,3DS,2011,Racing,5.03
Call of Duty: Black Ops,PS3,2010,Shooter,5.99
Grand Theft Auto V,PS4,2014,Action,3.96
Animal Crossing: Wild World,DS,2005,Simulation,2.5
Halo 3,X360,2007,Shooter,7.97
Super Mario 64,N64,1996,Platform,6.91
Pokemon HeartGold/Pokemon SoulSilver,DS,2009,Action,4.34
Pokemon Omega Ruby/Pokemon Alpha Sapphire,3DS,2014,Role-Playing,4.35
Gran Turismo 4,PS2,2004,Racing,3.01
Super Mario Galaxy,Wii,2007,Platform,6.06
Super Mario Land 2: 6 Golden Coins,GB,1992,Adventure,6.16
Grand Theft Auto IV,X360,2008,Action,6.76
Gran Turismo,PS,1997,Racing,4.02
Super Mario 3D Land,3DS,2011,Platform,4.89
Gran Turismo 5,PS3,2010,Racing,2.96
Call of Duty: Modern Warfare 2,PS3,2009,Shooter,4.99
Super Mario All-Stars,SNES,1993,Platform,5.99
Grand Theft Auto IV,PS3,2008,Action,4.76
Pokemon FireRed/Pokemon LeafGreen,GBA,2004,Role-Playing,4.34
Super Mario 64,DS,2004,Platform,5.01
Call of Duty: Ghosts,X360,2013,Shooter,6.73
Just Dance 3,Wii,2011,Misc,5.95
New Super Mario Bros. 2,3DS,2012,Platform,3.66
Mario Kart 64,N64,1996,Racing,5.55
Halo: Reach,X360,2010,Shooter,7.04
Final Fantasy VII,PS,1997,Role-Playing,3.01
Halo 4,X360,2012,Shooter,6.65
Gran Turismo 2,PS,1999,Racing,3.88
Just Dance 2,Wii,2010,Misc,5.8
Call of Duty: Ghosts,PS3,2013,Shooter,4.1
Call of Duty 4: Modern Warfare,X360,2007,Shooter,5.93
Donkey Kong Country,SNES,1994,Platform,4.36
Minecraft,X360,2013,Misc,5.7
Animal Crossing: New Leaf,3DS,2012,Simulation,2.03
Mario Party DS,DS,2007,Misc,4.4
The Elder Scrolls V: Skyrim,X360,2011,Role-Playing,5.05
Super Mario Kart,SNES,1992,Racing,3.54
FIFA 16,PS4,2015,Sports,1.12
Halo 2,XB,2004,Shooter,6.82
Wii Party,Wii,2010,Misc,1.75
Mario Party 8,Wii,2007,Misc,3.74
FIFA Soccer 13,PS3,2012,Action,1.06
GoldenEye 007,N64,1997,Shooter,5.8
Pokemon Black 2/Pokemon White 2,DS,2012,Role-Playing,2.79
Final Fantasy X,PS2,2001,Role-Playing,2.91
The Sims 3,PC,2009,Simulation,0.99
Mario & Sonic at the Olympic Games,Wii,2007,Sports,2.57
Star Wars Battlefront (2015),PS4,2015,Shooter,2.99
Final Fantasy VIII,PS,1999,Role-Playing,2.28
Pac-Man,2600,1982,Puzzle,7.28
Pokémon Platinum Version,DS,2008,Role-Playing,2.76
Grand Theft Auto: Liberty City Stories,PSP,2005,Action,2.9
Call of Duty: Advanced Warfare,PS4,2014,Shooter,2.81
The Legend of Zelda: Ocarina of Time,N64,1998,Action,4.1
FIFA 17,PS4,2016,Sports,0.66
Crash Bandicoot 2: Cortex Strikes Back,PS,1997,Platform,3.78
Super Smash Bros. for Wii U and 3DS,3DS,2014,Fighting,3.27
Super Mario Galaxy 2,Wii,2010,Platform,3.56
Super Mario Bros. 2,NES,1988,Platform,5.39
Call of Duty: Black Ops 3,XOne,2015,Shooter,4.59
Call of Duty: World at War,X360,2008,Shooter,4.81
Battlefield 3,X360,2011,Shooter,4.46
Need for Speed Underground,PS2,2003,Racing,3.27
Just Dance,Wii,2009,Misc,3.48
Battlefield 3,PS3,2011,Shooter,2.85
Fallout 4,PS4,2015,Role-Playing,2.53
Tekken 3,PS,1998,Fighting,3.27
The Legend of Zelda: Twilight Princess,Wii,2006,Action,3.74
Pokemon Sun/Moon,3DS,2016,Role-Playing,2.98
Crash Bandicoot 3: Warped,PS,1998,Platform,3.68
Mario Kart 8,WiiU,2014,Racing,3.15
Super Smash Bros. Melee,GC,2001,Fighting,4.41
Mario Kart: Double Dash!!,GC,2003,Racing,4.12
Need for Speed Underground 2,PS2,2004,Racing,2.71
Medal of Honor: Frontline,PS2,2002,Shooter,2.93
Crash Bandicoot,PS,1996,Platform,3.23
Just Dance 4,Wii,2012,Misc,4.05
Gears of War 2,X360,2008,Shooter,4.15
Uncharted 3: Drake's Deception,PS3,2011,Action,2.77
Zumba Fitness,Wii,2010,Sports,3.45
Call of Duty 4: Modern Warfare,PS3,2007,Shooter,3.11
Uncharted 2: Among Thieves,PS3,2009,Action,3.27
FIFA 12,PS3,2011,Sports,0.84
Big Brain Academy,DS,2005,Misc,1.66
The Legend of Zelda,NES,1986,Action,3.74
Red Dead Redemption,PS3,2010,Action,2.79
FIFA 14,PS3,2013,Sports,0.78
Assassin's Creed III,PS3,2012,Action,2.64
Donkey Kong Country Returns,Wii,2010,Platform,3.17
Halo: Combat Evolved,XB,2001,Shooter,4.98
The Elder Scrolls V: Skyrim,PS3,2011,Role-Playing,2.55
Pokémon Emerald Version,GBA,2004,Role-Playing,2.57
Kingdom Hearts,PS2,2002,Role-Playing,3.64
Pokémon Crystal Version,GB,2000,Role-Playing,2.55
Halo 3: ODST,X360,2009,Shooter,4.34
Red Dead Redemption,X360,2010,Action,3.7
Super Mario Sunshine,GC,2002,Platform,4.01
Street Fighter II: The World Warrior,SNES,1992,Fighting,2.47
World of Warcraft,PC,2004,Role-Playing,0.08
Driver,PS,1999,Action,3.11
Gears of War 3,X360,2011,Shooter,4.05
Kinect Sports,X360,2010,Sports,3.92
Gears of War,X360,2006,Shooter,3.54
FIFA 15,PS4,2014,Sports,0.8
Metal Gear Solid 2: Sons of Liberty,PS2,2001,Action,2.45
Sonic the Hedgehog 2,GEN,1992,Platform,4.47
Metal Gear Solid,PS,1998,Action,3.18
Metal Gear Solid 4: Guns of the Patriots,PS3,2008,Action,2.63
Final Fantasy XII,PS2,2006,Role-Playing,1.88
The Last of Us,PS3,2013,Action,2.41
LittleBigPlanet,PS3,2008,Platform,2.8
Resident Evil 2,PS,1998,Action,1.88
Dragon Quest IX: Sentinels of the Starry Skies,DS,2009,Role-Playing,0.63
Tekken 2,PS,1996,Fighting,2.26
Destiny,PS4,2014,Shooter,2.49
LEGO Star Wars: The Complete Saga,Wii,2007,Action,3.57
Cooking Mama,DS,2006,Simulation,3.07
Tetris,NES,1988,Puzzle,2.97
Super Smash Bros.,N64,1999,Fighting,2.95
Assassin's Creed II,PS3,2009,Action,2.54
Assassin's Creed,X360,2007,Adventure,3.28
Forza Motorsport 3,X360,2009,Racing,2.99
Super Mario Advance,GBA,2001,Platform,3.14
Monster Hunter Freedom Unite,PSP,2008,Role-Playing,0.47
Batman: Arkham City,PS3,2011,Action,2.71
Grand Theft Auto V,XOne,2014,Action,2.81
Mario Kart: Super Circuit,GBA,2001,Racing,2.62
Super Mario World,GBA,2001,Platform,3.21
Pokemon Stadium,N64,1999,Strategy,3.18
Crash Bandicoot: The Wrath of Cortex,PS2,2001,Platform,2.07
Call of Duty: World at War,PS3,2008,Shooter,2.73
Uncharted 4: A Thief's End,PS4,2016,Shooter,1.85
Dr. Mario,GB,1989,Puzzle,2.18
Final Fantasy XIII,PS3,2009,Role-Playing,1.74
Pokemon Pinball,GB,1999,Misc,3.02
Final Fantasy IX,PS,2000,Role-Playing,1.62
Assassin's Creed III,X360,2012,Action,3.13
Final Fantasy X-2,PS2,2003,Role-Playing,1.92
Donkey Kong 64,N64,1999,Platform,3.33
Call of Duty: Advanced Warfare,XOne,2014,Shooter,3.22
Minecraft,PS3,2014,Misc,2.03
Assassin's Creed II,X360,2009,Action,3.11
Tomb Raider II,PS,1997,Action,2.3
Madden NFL 2004,PS2,,Sports,4.26
Tomodachi Life,3DS,2013,Simulation,0.97
New Super Mario Bros. U,WiiU,2012,Platform,2.3
Dragon Quest VIII: Journey of the Cursed King,PS2,2004,Role-Playing,0.65
Super Mario Bros. 3,GBA,2003,Platform,2.93
Professor Layton and the Curious Village,DS,2007,Puzzle,1.21
Super Mario Land 3: Wario Land,GB,1994,Platform,2.49
FIFA Soccer 13,X360,2012,Action,1.09
Donkey Kong Country 2: Diddy's Kong Quest,SNES,1995,Platform,2.1
Diablo III,PC,2012,Role-Playing,2.44
Medal of Honor: Rising Sun,PS2,2003,Shooter,1.98
Kirby's Dream Land,GB,1992,Platform,2.71
Microsoft Flight Simulator,PC,1996,Simulation,3.22
Guitar Hero II,PS2,2006,Misc,3.81
Fable III,X360,2010,Role-Playing,3.59
Mario & Sonic at the Olympic Games,DS,2008,Sports,1.63
Resident Evil 5,PS3,2009,Action,1.96
The Legend of Zelda: Phantom Hourglass,DS,2007,Action,1.85
Super Mario Bros.,GB,1999,Platform,3.4
FIFA Soccer 11,PS3,2010,Sports,0.61
Resident Evil,PS,1996,Action,2.05
Grand Theft Auto: Vice City Stories,PSP,2006,Action,1.7
Tony Hawk's Pro Skater,PS,1999,Sports,3.42
Warzone 2100,PS,1999,Strategy,2.79
Spyro the Dragon,PS,1998,Platform,3.36
Guitar Hero III: Legends of Rock,PS2,2007,Misc,3.49
Link's Crossbow Training,Wii,2007,Shooter,3.05
Pokemon Mystery Dungeon: Explorers of Time/Explorers of Darkness,DS,2007,Role-Playing,1.83
Fallout 3,X360,2008,Role-Playing,3.4
Uncharted: Drake's Fortune,PS3,2007,Action,2.31
Madden NFL 06,PS2,2005,Sports,3.98
Diddy Kong Racing,N64,1997,Racing,2.91
Monster Hunter Freedom 3,PSP,2010,Role-Playing,0
Super Smash Bros. for Wii U and 3DS,WiiU,2014,Fighting,2.6
Dr. Mario,NES,1990,Puzzle,2.62
StarCraft II: Wings of Liberty,PC,2010,Strategy,2.57
Assassin's Creed,PS3,2007,Adventure,1.91
God of War III,PS3,2010,Action,2.74
Crash Team Racing,PS,1999,Racing,2.57
LEGO Star Wars: The Complete Saga,DS,2007,Action,2.83
Driver 2,PS,2000,Action,2.36
Batman: Arkham City,X360,2011,Action,2.99
The Last of Us,PS4,2014,Action,1.88
The Simpsons: Hit & Run,PS2,2003,Racing,1.73
Tony Hawk's Pro Skater 2,PS,2000,Sports,3.05
The Lord of the Rings: The Two Towers,PS2,2002,Action,1.94
Tomb Raider,PS,1996,Action,2.29
Animal Crossing: City Folk,Wii,2008,Simulation,1.82
Uncharted: The Nathan Drake Collection,PS4,2015,Action,2.07
The Legend of Zelda: A Link to the Past,SNES,1991,Action,2.42
The Legend of Zelda: The Wind Waker,GC,2002,Action,2.6
Guitar Hero III: Legends of Rock,Wii,2007,Misc,3.04
Luigi's Mansion: Dark Moon,3DS,2013,Action,1.8
Forza Motorsport 4,X360,2011,Racing,2.08
Mario & Sonic at the Olympic Winter Games,Wii,2009,Sports,1.87
Madden NFL 2005,PS2,2004,Sports,4.18
Guitar Hero III: Legends of Rock,X360,2007,Misc,3.19
Pitfall!,2600,1981,Platform,4.21
Madden NFL 07,PS2,2006,Sports,3.63
Halo 5: Guardians,XOne,2015,Shooter,2.78
Spider-Man: The Movie,PS2,2002,Action,2.71
Dragon Quest VII: Warriors of Eden,PS,2000,Role-Playing,0.2
Call of Duty: Infinite Warfare,PS4,2016,Shooter,1.61
God of War,PS2,2005,Action,2.71
Splatoon,WiiU,2015,Shooter,1.54
Nintendo Land,WiiU,2012,Misc,2.52
Tony Hawk's Pro Skater 3,PS2,2001,Sports,2.66
Winning Eleven: Pro Evolution Soccer 2007,PS2,2006,Sports,0.1
The Elder Scrolls IV: Oblivion,X360,2006,Role-Playing,2.82
Zelda II: The Adventure of Link,NES,1987,Adventure,2.19
Need for Speed: Most Wanted,PS2,2005,Racing,2.03
Michael Jackson: The Experience,Wii,2010,Misc,2.64
Call of Duty: Advanced Warfare,PS3,2014,Shooter,1.56
Resistance: Fall of Man,PS3,2006,Shooter,1.74
Sonic the Hedgehog,GEN,1991,Platform,3.03
Kingdom Hearts II,PS2,2005,Role-Playing,2.2
The Legend of Zelda: Ocarina of Time,3DS,2011,Action,2.09
Super Mario 3D World,WiiU,2013,Platform,2.11
Minecraft,PS4,2014,Misc,1.48
Asteroids,2600,1980,Shooter,4
Call of Duty: Advanced Warfare,X360,2014,Shooter,2.77
FIFA 15,PS3,2014,Sports,0.58
Fable II,X360,2008,Role-Playing,2.51
Namco Museum,GBA,2001,Misc,3
Batman: Arkham Asylum,PS3,2009,Action,2.24
Metal Gear Solid 3: Snake Eater,PS2,2004,Action,1.46
Assassin's Creed: Revelations,PS3,2011,Action,1.41
Fallout 4,XOne,2015,Role-Playing,2.51
FIFA 14,X360,2013,Sports,0.92
Daxter,PSP,2006,Platform,2.45
Warcraft II: Tides of Darkness,PC,1995,Strategy,1.7
FIFA Soccer 06,PS2,2005,Sports,0.78
EyeToy Play,PS2,2003,Misc,0.88
Gran Turismo 5 Prologue,PS3,2007,Racing,1.28
Assassin's Creed: Revelations,X360,2011,Action,2.25
FIFA 12,X360,2011,Sports,0.84
Teenage Mutant Ninja Turtles,NES,1989,Action,3.38
Street Fighter IV,PS3,2009,Fighting,2.03
Excitebike,NES,1984,Racing,2.04
Frogger,PS,1997,Action,3.79
Madden NFL 2003,PS2,2002,Sports,3.36
Half-Life,PC,1997,Shooter,4.03
Super Mario World 2: Yoshi's Island,SNES,1995,Platform,1.65
FIFA Soccer 07,PS2,2006,Sports,0.71
Street Fighter II Turbo,SNES,1992,Fighting,1.42
World of Warcraft: The Burning Crusade,PC,2007,Role-Playing,2.57
Battlefield 1,PS4,2016,Shooter,1.1
God of War II,PS2,2007,Action,2.32
World Soccer Winning Eleven 9,PS2,2005,Sports,0.12
Fallout: New Vegas,X360,2010,Role-Playing,2.66
Forza Motorsport 2,X360,2007,Racing,2.35
Carnival Games,Wii,2007,Misc,2.12
Watch Dogs,PS4,2014,Action,1.4
Namco Museum Vol.3,PS,1996,Misc,2.28
Tekken Tag Tournament,PS2,2000,Fighting,1.68
Far Cry 4,PS4,2014,Shooter,1.13
Star Fox 64,N64,1997,Shooter,2.78
Golf,NES,1984,Sports,1.22
Namco Museum: 50th Anniversary,PS2,2005,Misc,2.08
Left 4 Dead 2,X360,2009,Shooter,2.67
The Witcher 3: Wild Hunt,PS4,2015,Role-Playing,1.02
Assassin's Creed: Unity,PS4,2014,Action,1.19
Batman: Arkham Knight,PS4,2015,Action,1.53
The Legend of Zelda: Skyward Sword,Wii,2011,Action,2.03
Fallout 3,PS3,2008,Role-Playing,2.15
Professor Layton and the Diabolical Box,DS,2007,Puzzle,0.9
Donkey Kong Land,GB,1994,Platform,1.97
EA Sports Active,Wii,2009,Sports,2.09
Tony Hawk's Underground,PS2,2003,Sports,2.29
Monster Hunter 4 Ultimate,3DS,2014,Role-Playing,0.68
The Elder Scrolls V: Skyrim,PC,2011,Role-Playing,1.16
NBA 2K16,PS4,2015,Sports,2.49
Tekken 5,PS2,2005,Fighting,0.93
Dragon Warrior III,NES,1988,Role-Playing,0.1
MotorStorm,PS3,2006,Racing,1.53
Nintendogs + cats,3DS,2011,Simulation,1.44
World Soccer Winning Eleven 8 International,PS2,2004,Sports,0.16
Sports Champions,PS3,2010,Sports,2.13
Namco Museum Vol.1,PS,1995,Misc,2.12
The Legend of Zelda: Link's Awakening,GB,1992,Action,2.21
Call of Duty: Ghosts,PS4,2013,Shooter,1.78
Flash Focus: Vision Training in Minutes a Day,DS,2007,Misc,0.86
Tom Clancy's The Division,PS4,2016,Shooter,1.35
Big Brain Academy: Wii Degree,Wii,2007,Misc,1.05
Resident Evil Director's Cut,PS,1996,Action,1.82
Mario & Luigi: Bowser's Inside Story,DS,2009,Role-Playing,2.23
LEGO Indiana Jones: The Original Adventures,X360,2008,Action,2.4
The Sims: Unleashed,PC,2002,Simulation,2.03
Ratchet & Clank: Size Matters,PSP,2007,Platform,1.4
Harry Potter and the Sorcerer's Stone,PS,2001,Action,1.37
Mario & Sonic at the London 2012 Olympic Games,Wii,2011,Sports,1.12
Resident Evil 3: Nemesis,PS,1999,Action,1.3
Super Paper Mario,Wii,2007,Platform,1.95
Spyro: Year of the Dragon,PS,2000,Platform,1.93
Assassin's Creed IV: Black Flag,PS3,2013,Action,1.33
FIFA Soccer 2005,PS2,2004,Sports,0.58
Pokémon Trading Card Game,GB,1998,Strategy,1.49
Friend Collection,DS,2009,Misc,0
Tony Hawk's Pro Skater 4,PS2,2002,Sports,2.13
Star Wars Battlefront (2015),XOne,2015,Shooter,2.04
MySims,DS,2007,Simulation,1.58
Midnight Club 3: DUB Edition,PSP,2005,Racing,1.65
Banjo-Kazooie,N64,1998,Platform,1.87
SOCOM: U.S. Navy SEALs,PS2,2002,Shooter,2.53
Jak and Daxter: The Precursor Legacy,PS2,2001,Platform,2.08
Pokemon Snap,N64,1999,Simulation,2.23
Pro Evolution Soccer 2008,PS2,2007,Sports,0.05
Resident Evil 4,PS2,2005,Action,2.08
Guitar Hero: World Tour,Wii,2008,Misc,2.32
FIFA Soccer 10,PS3,2009,Sports,0.6
Star Wars: Battlefront,PS2,2004,Shooter,1.93
Doom II: Hell on Earth,PC,1994,Shooter,2.05
The Simpsons: Road Rage,PS2,2001,Racing,2.02
Luigi's Mansion,GC,2001,Action,2.38
Battlefield 4,PS4,2013,Shooter,1.35
Star Wars: Battlefront II,PS2,2005,Shooter,2.18
Just Dance 2014,Wii,2013,Misc,1.88
Cooking Mama 2: Dinner With Friends,DS,2007,Simulation,1.6
WWF SmackDown!,PS,2000,Fighting,2.01
Croc: Legend of the Gobbos,PS,1997,Platform,1.57
Grand Theft Auto: Liberty City Stories,PS2,2006,Action,1.56
The Getaway,PS2,2002,Action,1.23
Tomb Raider III: Adventures of Lara Croft,PS,1997,Action,1.66
James Bond 007: Agent Under Fire,PS2,2001,Shooter,1.9
LEGO Star Wars: The Video Game,PS2,2005,Action,1.98
Rugrats in Paris: The Movie,PS,2000,Action,1.96
FIFA Soccer 11,X360,2010,Sports,0.71
Spyro 2: Ripto's Rage!,PS,1999,Platform,2.14
Left 4 Dead,X360,2008,Shooter,2.66
Donkey Kong Country 3: Dixie Kong's Double Trouble!,SNES,1996,Platform,1.17
Assassin's Creed: Unity,XOne,2014,Action,2.27
Kung Fu,NES,1985,Action,1.64
Resident Evil 5,X360,2009,Action,2.11
Assassin's Creed: Brotherhood,X360,2010,Action,2.85
FIFA Soccer 2004,PS2,,Sports,0.59
Battlefield 4,PS3,2013,Shooter,1.3
Batman: Arkham Asylum,X360,2009,Action,2.2
Battlefield 4,X360,2013,Shooter,2.15
Battlefield: Bad Company 2,X360,2010,Shooter,2.1
Mario & Sonic at the Olympic Winter Games,DS,2009,Sports,1.21
Guitar Hero: On Tour,DS,2008,Misc,2.1
Clubhouse Games,DS,2006,Misc,0.59
Monster Hunter 4,3DS,2013,Role-Playing,0
Borderlands,X360,2009,Shooter,2.4
Tekken 4,PS2,2002,Fighting,1.55
Final Fantasy III,SNES,1994,Role-Playing,0.86
Grand Theft Auto 2,PS,1998,Action,1.13
Metal Gear Solid V: The Phantom Pain,PS4,2015,Action,1.09
Spider-Man 2,PS2,2004,Action,1.75
F-1 Race,GB,1990,Racing,1.73
FIFA Soccer 2003,PS2,2002,Sports,0.46
LittleBigPlanet 2,PS3,2011,Platform,1.83
Crash Bash,PS,2000,Misc,1.56
Assassin's Creed Syndicate,PS4,2015,Action,0.81
LEGO Batman: The Videogame,X360,2008,Action,2.04
Destiny,XOne,2014,Shooter,2.14
WWF War Zone,PS,1998,Fighting,2.47
The Legend of Zelda: Majora's Mask,N64,2000,Action,1.9
Far Cry 3,PS3,2012,Shooter,0.88
Rugrats: Search For Reptar,PS,1998,Adventure,1.63
English Training: Have Fun Improving Your Skills!,DS,2006,Misc,0
James Bond 007: Nightfire,PS2,2002,Shooter,1.45
Ratchet & Clank,PS2,2002,Platform,1.44
Monster Hunter X,3DS,2015,Action,0.27
Star Wars Episode III: Revenge of the Sith,PS2,2005,Action,1.47
The Legend of Zelda: Spirit Tracks,DS,2009,Action,1.4
Max Payne,PS2,2001,Shooter,1.99
Assassin's Creed IV: Black Flag,X360,2013,Action,1.9
The Lord of the Rings: The Return of the King,PS2,2003,Action,1.5
Yokai Watch 2 Ganso/Honke,3DS,2014,Role-Playing,0.09
Gears of War: Ultimate Edition,XOne,2015,Shooter,2.61
True Crime: Streets of LA,PS2,2003,Action,1.89
Professor Layton and the Unwound Future,DS,2008,Puzzle,0.6
Gran Turismo (PSP),PSP,2009,Racing,0.5
FIFA 16,XOne,2015,Sports,0.89
Wii Music,Wii,2008,Misc,1.35
Tekken,PS,1995,Fighting,0.95
Madden NFL 16,PS4,2015,Sports,2.34
Gran Turismo 6,PS3,2013,Racing,0.72
Halo: The Master Chief Collection,XOne,2014,Shooter,1.91
007: Tomorrow Never Dies,PS,1999,Shooter,1.72
Super Mario Maker,WiiU,2015,Platform,1.18
WWF SmackDown! 2: Know Your Role,PS,2000,Fighting,1.76
Baseball,NES,1983,Sports,0.73
Killer Instinct,SNES,1995,Fighting,2.26
Dragon Quest VI: Maboroshi no Daichi,SNES,1995,Role-Playing,0
God of War: Chains of Olympus,PSP,2008,Action,1.48
Enter the Matrix,PS2,2003,Action,1.78
Crisis Core: Final Fantasy VII,PSP,2007,Role-Playing,1.35
Dance Central,X360,2010,Misc,2.15
L.A. Noire,PS3,2011,Adventure,1.27
Ace Combat 04: Shattered Skies,PS2,2001,Simulation,2.06
Animal Crossing,GC,2001,Simulation,1.92
FIFA Soccer 08,PS2,2007,Sports,0.68
Club Penguin: Elite Penguin Force,DS,2008,Adventure,1.87
Spider-Man,PS,2000,Action,1.7
Mario Party 9,Wii,2012,Misc,1.06
Need for Speed III: Hot Pursuit,PS,1998,Racing,2.14
Star Wars Episode I Racer,N64,1999,Racing,2.31
Sonic Rush,DS,2005,Platform,1.21
Dragon Warrior IV,NES,1990,Role-Playing,0.08
Rhythm Heaven,DS,2008,Misc,0.55
Fallout: New Vegas,PS3,2010,Role-Playing,1.52
Personal Trainer: Cooking,DS,2006,Misc,0.9
The Elder Scrolls IV: Oblivion,PS3,2007,Role-Playing,1.69
The Legend of Zelda: A Link Between Worlds,3DS,2013,Action,1.4
Resident Evil 6,PS3,2012,Shooter,0.88
Mass Effect 2,X360,2010,Role-Playing,1.99
Dragon Ball Z: Budokai,PS2,2002,Fighting,2.17
Madden NFL 2002,PS2,2001,Sports,2.5
World Class Track Meet,NES,1986,Sports,1.92
Donkey Kong,GB,1994,Platform,1.57
The Sims: Vacation,PC,2002,Simulation,1.72
LEGO Batman: The Videogame,Wii,,Action,1.8
Animal Crossing: Happy Home Designer,3DS,2015,Simulation,0.51
The Sims 4,PC,2014,Simulation,1
Borderlands 2,X360,2012,Shooter,1.89
LEGO Batman: The Videogame,DS,2008,Action,1.75
Kung Fu Panda,X360,2008,Action,1.91
Mass Effect 3,X360,2012,Role-Playing,1.94
Heavy Rain,PS3,2010,Adventure,1.29
Rayman,PS,1995,Platform,1.54
Saints Row 2,X360,2008,Action,1.94
Tom Clancy's Splinter Cell,XB,2002,Action,1.85
Mike Tyson's Punch-Out!!,NES,1987,Fighting,2.03
WWE SmackDown! Shut Your Mouth,PS2,2002,Sports,1.45
FIFA 14,PS4,2013,Sports,0.61
Killzone 2,PS3,2009,Shooter,1.4
Far Cry 3,X360,2012,Shooter,1.38
Epic Mickey,Wii,2010,Platform,2.04
NBA 2K13,X360,2012,Sports,2.6
Dragon Ball Z: Budokai Tenkaichi 3,PS2,2007,Fighting,1.15
wwe Smackdown vs. Raw 2006,PS2,,Fighting,1.57
Star Fox,SNES,1993,Shooter,1.61
The Sims: Livin Large,PC,2000,Misc,1.67
World Soccer Winning Eleven 6 International,PS2,2002,Sports,0.12
Devil May Cry,PS2,2001,Action,1.36
Star Wars: The Old Republic,PC,2011,Role-Playing,1.58
Middle-Earth: Shadow of Mordor,PS4,2014,Action,1.01
Sonic Heroes,PS2,2003,Platform,1.04
Hitman 2: Silent Assassin,PS2,2002,Action,1.36
Titanfall,XOne,2014,Shooter,1.84
Battlefield: Bad Company 2,PS3,2010,Shooter,1.33
Wave Race 64,N64,1996,Racing,1.98
SOCOM II: U.S. Navy SEALs,PS2,2003,Shooter,2.22
WWE SmackDown! vs. RAW 2006,PS2,2005,Fighting,1.45
Pac-Man Collection,GBA,2001,Puzzle,2.07
Street Fighter IV,X360,2009,Fighting,1.82
inFAMOUS,PS3,2009,Action,1.76
Kirby Super Star Ultra,DS,2008,Platform,1.55
Call of Duty: Ghosts,XOne,2013,Shooter,1.88
FIFA 15,X360,2014,Sports,0.79
Super Mario World 2: Yoshi's Island,GBA,2002,Platform,1.75
Mass Effect,X360,2007,Role-Playing,1.83
Sonic Mega Collection Plus,PS2,2004,Misc,1.54
World Soccer Winning Eleven 7 International,PS2,2003,Sports,0.08
Sega Superstars Tennis,X360,2008,Sports,1.75
Hot Shots Golf 3,PS2,2001,Sports,0.99
Cooking Mama: Cook Off,Wii,2007,Simulation,1.41
Call of Duty: Finest Hour,PS2,2004,Shooter,1.51
WarioWare: Smooth Moves,Wii,2006,Puzzle,0.86
Syphon Filter,PS,1999,Shooter,2.03
Imagine: Babyz,DS,2007,Simulation,1.3
Colin McRae Rally,PS,1998,Racing,0.09
Madden NFL 13,X360,2012,Sports,2.53
The Elder Scrolls III: Morrowind,XB,2002,Role-Playing,2.09
Assassin's Creed IV: Black Flag,PS4,2013,Action,1.07
Command & Conquer: Red Alert,PC,1996,Strategy,1.37
F-Zero,SNES,1990,Racing,1.37
Yoshi's Story,N64,1997,Platform,1.29
Mortal Kombat,PS3,2011,Fighting,1.98
Madden NFL 10,X360,2009,Sports,2.52
WWE SmackDown! vs. Raw,PS2,2002,Fighting,1.32
BioShock,X360,2007,Shooter,1.65
Metroid Prime,GC,2002,Shooter,1.96
Assassin's Creed: Brotherhood,PS3,2010,Action,1.87
Finding Nemo,GBA,2003,Action,1.59
Zumba Fitness 2,Wii,2011,Sports,1.51
Myst,PC,1994,Adventure,0.02
Medal of Honor,PS3,2010,Shooter,1.28
Need for Speed: Most Wanted,PS3,2012,Racing,0.71
Imagine: Fashion Designer,DS,2007,Simulation,1.32
WWE SmackDown! Here Comes the Pain,PS2,2003,Fighting,1.32
Hot Shots Golf,PS,1997,Sports,0.29
A Bug's Life,PS,1998,Platform,1.96
WWF SmackDown! Just Bring It,PS2,2001,Fighting,1.19
inFAMOUS: Second Son,PS4,2014,Action,1.28
Dragon Quest V: Tenkuu no Hanayome,SNES,1992,Role-Playing,0
Mortal Kombat Trilogy,PS,1996,Fighting,1.98
Monster Hunter Tri,3DS,2011,Role-Playing,0.46
NBA Street,PS2,2001,Sports,2.19
Jak II,PS2,2003,Platform,1.68
Ratchet & Clank: Going Commando,PS2,2003,Platform,1.44
Need for Speed: Hot Pursuit,PS3,2010,Racing,1.05
Skylanders: Spyro's Adventure,Wii,2011,Action,1.35
Battlefield 3,PC,2011,Shooter,0.89
Mortal Kombat X,PS4,2015,Fighting,1.5
The Sims,PS2,2003,Simulation,1.41
Killzone 3,PS3,2011,Shooter,1.45
Star Wars: The Force Unleashed,X360,2008,Action,1.74
Minecraft,XOne,2014,Misc,1.61
Yoshi's Island DS,DS,2006,Platform,1.45
Saints Row: The Third,X360,2011,Action,1.25
Missile Command,2600,1980,Shooter,2.56
Mario Paint,SNES,1992,Misc,1.43
Tekken 6,PS3,2009,Fighting,1.2
Pokémon Stadium 2,N64,2000,Strategy,1.02
Metroid,NES,1986,Action,1.33
Sonic and the Secret Rings,Wii,2007,Platform,1.21
FIFA 16,PS3,2015,Sports,0.41
The Legend of Zelda: A Link to the Past,GBA,2002,Action,1.75
Onimusha: Warlords,PS2,2001,Action,0.99
Mario Party,N64,1998,Misc,1.25
L.A. Noire,X360,2011,Adventure,1.52
Call of Duty 3,X360,2006,Shooter,1.49
Madden NFL 12,X360,2011,Sports,2.42
LEGO Star Wars II: The Original Trilogy,PS2,2006,Action,1.85
Killzone: Shadow Fall,PS4,2013,Shooter,0.89
Madden NFL 11,X360,2010,Sports,2.38
Burnout 3: Takedown,PS2,2004,Racing,1.23
Yokai Watch 2 Shinuchi,3DS,2014,Role-Playing,0
Mortal Kombat,GEN,1992,Fighting,1.95
Mario vs. Donkey Kong: Mini-Land Mayhem!,DS,2010,Puzzle,1.63
Professor Layton and the Last Specter,DS,2009,Puzzle,0.28
Call Of Duty 2: Big Red One,PS2,2005,Shooter,1.48
Medal of Honor,PS,1998,Shooter,1.44
Fable,XB,2004,Role-Playing,1.99
Guitar Hero: World Tour,X360,2008,Misc,1.78
FIFA 17,XOne,2016,Sports,0.43
Hannah Montana,DS,2006,Action,1.59
Tom Clancy's Splinter Cell,PS2,2003,Action,1.15
Super Mario Bros.: The Lost Levels,NES,1986,Platform,0
Need for Speed: Shift,PS3,2009,Racing,0.69
Star Wars: Shadows of the Empire,N64,1996,Action,2
Medal of Honor Heroes,PSP,2006,Shooter,0.86
Final Fantasy XIII-2,PS3,2011,Role-Playing,0.78
Midnight Club: Street Racing,PS2,2000,Racing,2
Skate 3,X360,2010,Sports,1.47
ESPN NFL 2K5,PS2,2004,Sports,2.15
Halo Wars,X360,2009,Strategy,1.54
NBA 2K12,X360,2011,Sports,2.31
Pac-Man: Adventures in Time,PSP,2006,Fighting,0.76
FIFA Soccer 10,X360,2009,Sports,0.59
Medal of Honor,X360,2010,Shooter,1.56
Harry Potter and the Chamber of Secrets,PS2,2002,Action,0.9
Streets of Rage,GEN,1990,Action,1.86
God of War Collection,PS3,2009,Action,1.7
NBA Live 2005,PS2,2004,Sports,2.03
Mario Strikers Charged,Wii,2007,Sports,1.05
FIFA Soccer 09,PS3,2008,Sports,0.48
Style Savvy,DS,2008,Simulation,0.62
WWE SmackDown vs. RAW 2007,PS2,2006,Fighting,1.4
LEGO Star Wars: The Complete Saga,X360,2007,Action,1.53
Ratchet & Clank: Up Your Arsenal,PS2,2004,Platform,1.31
Madden NFL 08,PS2,2007,Sports,2.14
Monster Hunter Freedom 2,PSP,2007,Role-Playing,0.37
Ratchet & Clank Future: Tools of Destruction,PS3,2007,Platform,0.93
Super Mario All-Stars: Limited Edition,Wii,2010,Platform,0.99
Sonic Adventure 2 Battle,GC,2001,Platform,1.7
Dragon Warrior II,NES,1987,Role-Playing,0.15
Ghostbusters: The Video Game (DS Version),X360,2009,Action,1.04
Madden NFL 13,PS3,2012,Sports,2.11
Dragon Age: Origins,X360,2009,Role-Playing,1.76
Pokémon Colosseum,GC,2003,Role-Playing,1.21
LittleBigPlanet,PSP,2009,Platform,0.64
Madden NFL 09,X360,2008,Sports,2.21
Space Invaders,2600,,Shooter,2.36
Crazy Taxi,PS2,2001,Racing,1.13
Art Academy,DS,2010,Misc,0.26
NBA 2K14,X360,2013,Sports,2.1
Perfect Dark,N64,2000,Action,1.55
Skylanders Giants,Wii,2012,Action,1.48
Dragon Warrior,NES,1986,Role-Playing,0.49
Deca Sports,Wii,2008,Sports,1.11
PES 2009: Pro Evolution Soccer,PS2,2008,Sports,0.13
Mario Party 2,N64,1999,Misc,1.28
Marvel: Ultimate Alliance,X360,2006,Role-Playing,2.29
Rockstar Games Double Pack: Grand Theft Auto III & Grand Theft Auto Vice City,XB,2003,Action,1.84
Mortal Kombat: Deadly Alliance,PS2,2002,Fighting,1.81
Game Party,Wii,2007,Misc,1.47
Bloodborne,PS4,2015,Action,1.03
Tomb Raider: The Last Revelation,PS,1998,Action,1.15
Mario Party 4,GC,2002,Misc,1.13
Pure,X360,2008,Racing,1.38
Rock Band,X360,,Misc,1.93
NBA 2K13,PS3,2012,Sports,1.73
Saints Row: The Third,PS3,2011,Action,0.86
Resistance 2,PS3,2008,Shooter,1.15
NBA 2K15,PS4,2014,Sports,1.47
Final Fantasy V,SNES,1992,Role-Playing,0
Final Fantasy Tactics,PS,1997,Role-Playing,0.93
Midnight Club: Los Angeles,PS3,2008,Racing,1.56
Twisted Metal 2,PS,1996,Racing,2.12
The Sims: Bustin' Out,PS2,2003,Simulation,1.07
Riven: The Sequel to Myst,PC,1997,Adventure,1.52
LEGO Harry Potter: Years 1-4,Wii,2010,Action,1.28
Need for Speed (2015),PS4,2015,Racing,0.5
Call of Duty: Infinite Warfare,XOne,2016,Shooter,1.46
Madden NFL 16,XOne,2015,Sports,2.08
Ice Hockey,NES,1988,Sports,1.27
Sonic Adventure,DC,1998,Platform,1.26
Tom Clancy's Rainbow Six: Vegas 2,X360,2008,Shooter,1.56
uDraw Studio,Wii,2010,Misc,1.65
Tomb Raider (2013),PS3,2013,Action,0.6
Need for Speed Carbon: Own the City,PSP,2006,Racing,0.87
Dragon Ball Z: Budokai 2,PS2,2003,Fighting,1.63
pro evolution soccer 2011,PS3,2010,Sports,0.29
ATV Offroad Fury,PS2,2001,Racing,2.07
Dino Crisis,PS,1998,Action,0.81
Need for Speed: ProStreet,PS2,2007,Racing,0.69
Halo: Combat Evolved Anniversary,X360,2011,Shooter,1.44
Tetris Plus,PS,1996,Puzzle,2.1
Pro Wrestling,NES,1987,Fighting,0.77
Theme Hospital,PC,1997,Strategy,2.3
Frogger's Adventures: Temple of the Frog,GBA,,Adventure,2.15
Monopoly,PC,1994,Misc,1.49
,GEN,1993,,1.78
Guitar Hero,PS2,2005,Misc,1.67
Madden NFL 11,PS3,2010,Sports,2.04
WCW/nWo Revenge,N64,1998,Fighting,1.94
Yu-Gi-Oh! The Duelists of the Roses,PS2,2001,Misc,1.16
Dead Island,X360,2011,Action,1.48
Half-Life 2,PC,2004,Shooter,2.28
The Incredibles,PS2,2004,Action,0.96
Madden NFL 08,X360,2007,Sports,2.18
Tony Hawk's Underground 2,PS2,2004,Sports,1.25
Zumba Fitness,X360,2010,Sports,1.74
Madden NFL 10,PS3,2009,Sports,2.03
Kirby's Dream Land 2,GB,1995,Platform,0.69
Midnight Club: Los Angeles,X360,2008,Racing,1.68
Donkey Kong Land II,GB,1996,Platform,1.39
Dragon Warrior Monsters,GB,1998,Role-Playing,0
Kinect: Disneyland Adventures,X360,2011,Misc,1.73
WWE SmackDown vs Raw 2008,PS2,2007,Fighting,0.92
The Legend of Zelda: Majora's Mask 3D,3DS,2015,Action,1.15
LEGO Indiana Jones: The Original Adventures,Wii,,Action,1.51
Resident Evil - Code: Veronica X,PS2,2001,Action,1.08
NBA 2K16,XOne,2015,Sports,1.95
Kinect Sports: Season Two,X360,2011,Sports,1.38
My Fitness Coach,Wii,2008,Sports,1.18
Mario Tennis,N64,2000,Sports,0.78
Grand Theft Auto,PS,1997,Action,0.79
James Bond 007: Everything or Nothing,PS2,2004,Shooter,0.85
Need For Speed: High Stakes,PS,1999,Racing,1.58
Chrono Trigger,SNES,1995,Role-Playing,0.28
Guild Wars 2,PC,2012,Action,0.96
Cool Boarders 3,PS,1998,Sports,1.65
Paper Mario: Sticker Star,3DS,2012,Role-Playing,1.12
WarioWare Touched!,DS,2004,Puzzle,0.51
Batman: Arkham Origins,PS3,2013,Action,1.07
Tomb Raider II,PC,1997,Action,0.91
Yokai Watch Busters,3DS,2015,Action,0
LEGO Star Wars: The Complete Saga,PS3,2007,Action,1.02
Need for Speed Underground 2,XB,2004,Racing,1.38
Pro Evolution Soccer 2010,PS3,2009,Sports,0.3
Mario Bros.,NES,1983,Platform,0.51
FIFA Soccer 09,PS2,2008,Sports,0.38
LEGO Harry Potter: Years 1-4,DS,2010,Action,1.07
The Sims 3,X360,2010,Simulation,1.27
Pokemon Ranger: Shadows of Almia,DS,2008,Role-Playing,0.94
TOCA Touring Car Championship,PS,1997,Racing,0.07
Dead Island,PS3,2011,Action,1.08
Kirby: Nightmare in Dream Land,GBA,2002,Platform,1.22
Wario Land 4,GBA,2001,Platform,0.9
Sonic's Ultimate Genesis Collection,PS3,2009,Misc,1.34
Far Cry: Primal,PS4,2016,Action,0.6
Battlefield 1,XOne,2016,Shooter,1.28
Onimusha 2: Samurai's Destiny,PS2,2002,Adventure,0.62
Cool Boarders 2,PS,1997,Sports,1.52
Paper Mario: The Thousand-Year Door,GC,2004,Role-Playing,1.48
Madden NFL 12,PS3,2011,Sports,1.93
God of War: Ascension,PS3,2013,Action,1.23
Guitar Hero III: Legends of Rock,PS3,2007,Misc,1.4
Sonic Advance,GBA,2001,Platform,1.19
Super Monkey Ball: Banana Blitz,Wii,2006,Misc,1.05
Just Dance Kids,Wii,2010,Misc,1.52
Call of Duty 3,Wii,,Shooter,1.17
New Super Luigi U,WiiU,2013,Platform,1.25
Assassin's Creed IV: Black Flag,XOne,2013,Action,1.48
Spyro: Season of Ice,GBA,2001,Platform,1.29
Dissidia: Final Fantasy,PSP,2008,Fighting,0.51
Madden NFL 25,X360,2013,Sports,1.98
Teenage Mutant Ninja Turtles II: The Arcade Game,NES,1990,Action,1.74
Dance Dance Revolution X2,PS2,2009,Simulation,1.09
Borderlands 2,PS3,2012,Shooter,1.05
Prince of Persia: The Sands of Time,PS2,2003,Action,0.88
Monster Hunter Tri,Wii,2009,Role-Playing,0.65
LEGO Marvel Super Heroes,X360,2013,Action,1.24
The Legend of Zelda: Link's Awakening DX,GB,1998,Adventure,1
Resident Evil 4,Wii,2007,Action,1.32
Tom Clancy's Rainbow Six: Siege,PS4,2015,Shooter,0.55
Star Wars: The Force Unleashed,PS3,2008,Action,1.01
Devil May Cry 3: Dante's Awakening Special Edition,PS2,2006,Action,1.06
Frogger,2600,1981,Action,2.06
Guitar Hero II,X360,2007,Misc,2.01
Forza Motorsport 5,XOne,2013,Racing,1.21
Rock Band 2,X360,2008,Misc,1.78
Pro Yakyuu Family Stadium,NES,1986,Sports,0.15
Wario Land 3,GB,2000,Platform,1.11
Need for Speed: Hot Pursuit,X360,2010,Racing,1.03
LEGO Indiana Jones: The Original Adventures,DS,2008,Action,1.4
BioShock 2,X360,2010,Shooter,1.45
High School Musical: Makin' the Cut!,DS,2007,Puzzle,1.06
Star Wars: Knights of the Old Republic,XB,2003,Role-Playing,1.68
Kirby's Pinball Land,GB,1992,Misc,0.87
Donkey Kong Country,GB,2000,Platform,1.04
Madden NFL 15,PS4,2014,Sports,1.54
Pro Evolution Soccer 2012,PS3,2011,Action,0.34
Saints Row,X360,2006,Action,1.17
Yu-Gi-Oh: Duel Monsters 4,GB,2000,Role-Playing,0
ATV Offroad Fury 2,PS2,2002,Racing,1.92
FIFA 15,XOne,2014,Sports,0.6
Mario & Luigi: Superstar Saga,GBA,2003,Role-Playing,1.48
Star Wars: Rogue Squadron,N64,1998,Simulation,1.6
Tennis,NES,1984,Sports,0.48
Tom Clancy's The Division,XOne,2016,Shooter,1.29
Final Fantasy XIII,X360,2010,Role-Playing,1.28
The Sims: House Party,PC,2001,Simulation,1.23
Scribblenauts,DS,2009,Puzzle,1.67
Sonic Unleashed,Wii,2008,Platform,1.26
Syphon Filter 2,PS,2000,Shooter,1.5
Pokemon Ranger,DS,2006,Role-Playing,1.28
Volleyball,NES,1987,Sports,0.14
Skylanders SWAP Force,Wii,2013,Platform,1.21
Overwatch,PS4,2016,Shooter,0.81
Hitman: Absolution,PS3,2012,Action,0.59
SimCity 2000,PC,1992,Simulation,1.2
R.C. Pro-Am,NES,1988,Racing,1.47
Super Mario RPG: Legend of the Seven Stars,SNES,1996,Role-Playing,0.66
Mahjong,NES,1983,Misc,0.01
Demon Attack,2600,1981,Shooter,1.99
Call of Duty: Roads to Victory,PSP,2007,Shooter,0.52
Dance Dance Revolution Extreme,PS2,2004,Simulation,1.04
Final Fantasy Tactics Advance,GBA,2003,Role-Playing,0.82
Your Shape featuring Jenny McCarthy,Wii,2009,Sports,1.49
Project Gotham Racing,XB,2001,Racing,1.37
Golf,GB,1989,Sports,0.83
NBA 2K12,PS3,2011,Sports,1.62
Tony Hawk's Pro Skater,N64,2000,Sports,1.68
Need for Speed: Hot Pursuit 2,PS2,2002,Racing,1.68
PES 2009: Pro Evolution Soccer,PS3,2008,Sports,0.11
Dynasty Warriors 4,PS2,2003,Action,0.63
NBA 2K14,PS3,2013,Sports,1.44
Parasite Eve,PS,1998,Role-Playing,0.94
Tetris DS,DS,2006,Puzzle,0.63
Project Gotham Racing (JP weekly sales),XB,2002,Action,1.54
Scooby-Doo! Night of 100 Frights,PS2,2002,Platform,1.17
Battlefield: Hardline,PS4,2015,Shooter,0.71
Mortal Kombat,X360,2011,Fighting,1.63
Borderlands,PS3,2009,Shooter,1.2
Devil May Cry 3: Dante's Awakening,PS2,2005,Action,0.99
Derby Stallion,PS,1997,Sports,0
NBA 2K11,X360,2010,Action,1.84
Finding Nemo,PS2,2003,Action,1.26
Dying Light,PS4,2015,Action,0.96
Yokai Watch,3DS,2013,Role-Playing,0.25
Dead Rising,X360,2006,Action,1.16
World of Warcraft: Cataclysm,PC,2010,Role-Playing,1.77
Tetris Worlds,PS2,2002,Puzzle,1.11
Final Fantasy III,DS,2006,Role-Playing,0.89
Sim Theme Park,PC,1998,Strategy,2.04
Mario Party 5,GC,2003,Misc,0.97
Rock Band,Wii,,Misc,1.33
Warcraft: Orcs & Humans,PC,1994,Strategy,0.89
Mario & Luigi: Dream Team,3DS,2013,Role-Playing,0.89
Portal 2,X360,2011,Shooter,1.41
Mario Sports Mix,Wii,2010,Sports,0.88
Need for Speed: Most Wanted 5-1-0,PSP,2005,Racing,1.77
Spec Ops: Airborne Commando,PS,2002,Shooter,1.54
The Sims 2: Pets,DS,2006,Simulation,0.92
Dance Dance Revolution: Hottest Party,Wii,2007,Simulation,1.35
DriveClub,PS4,2014,Racing,0.36
Yu-Gi-Oh! The Eternal Duelist Soul,GBA,2001,Strategy,1.64
UFC 2009 Undisputed,X360,2009,Fighting,1.48
Metal Gear Solid: Peace Walker,PSP,2010,Action,0.46
Kirby's Epic Yarn,Wii,2010,Platform,1.42
Wipeout: The Game,Wii,2009,Misc,1.94
Pokemon Mystery Dungeon: Red/Blue Rescue Team,GBA,2005,Role-Playing,0.71
The Incredibles,GBA,2004,Action,1.15
R4: Ridge Racer Type 4,PS,1998,Racing,0.68
Kingdom Hearts: Birth by Sleep,PSP,2010,Role-Playing,0.63
Tom Clancy's Splinter Cell: Conviction,X360,2010,Action,1.2
SoulCalibur II,PS2,2003,Fighting,1.06
Need for Speed: ProStreet,X360,2007,Racing,1.04
Sonic Mega Collection,GC,2002,Misc,1.47
Ghostbusters: The Video Game (DS Version),PS3,2010,Action,0.6
Madden NFL 15,X360,2014,Sports,1.77
Need For Speed: Undercover,PS3,2008,Racing,0.63
Toy Story 3: The Video Game,DS,2010,Action,0.89
NBA Jam,GEN,1992,Sports,1.75
SOCOM: U.S. Navy SEALs: Combined Assault,PS2,2006,Shooter,1.74
Peter Jackson's King Kong: The Official Game of the Movie,PS2,2005,Action,0.71
Need for Speed: ProStreet,PS3,2007,Racing,0.73
Donkey Kong Country,GBA,2003,Platform,1.2
Dance Central 2,X360,2011,Misc,1.45
PGR4 - Project Gotham Racing 4,X360,2007,Racing,0.48
1080°: TenEighty Snowboarding,N64,1998,Sports,1.25
Carnival Games,DS,2008,Misc,1.21
NBA Live 2004,PS2,2003,Sports,1.57
Call of Duty 2,X360,2005,Shooter,1.82
Rayman Raving Rabbids: TV Party,Wii,2008,Misc,0.72
Pokémon Mystery Dungeon: Blue Rescue Team,DS,2005,Role-Playing,1.15
Dark Souls,PS3,2011,Role-Playing,0.75
Just Dance 3,X360,2011,Misc,1.47
Battlefield 4,XOne,2013,Shooter,1.25
Fire Emblem: Awakening,3DS,2012,Role-Playing,0.9
Need for Speed: The Run,PS3,2011,Action,0.58
Just Dance 2015,Wii,2014,Misc,0.99
Dragon Age: Inquisition,PS4,2014,Role-Playing,0.73
Super Street Fighter II,SNES,1993,Fighting,0.52
Dead Space,PS3,2008,Action,1.05
Mortal Kombat vs. DC Universe,PS3,2008,Fighting,1.48
TouchMaster,DS,2007,Puzzle,0.48
Tenchu: Stealth Assassins,PS,1997,Action,0.95
Tennis,GB,1989,Sports,0.75
Harry Potter and the Chamber of Secrets,GBA,2002,Action,1.21
Kingdom Hearts 358/2 Days,DS,2009,Role-Playing,1.06
Skate 3,PS3,2010,Sports,0.79
SimCity,SNES,1991,Simulation,0.93
Harry Potter and the Chamber of Secrets,PS,2002,Action,0.75
Need for Speed Rivals,PS4,2013,Racing,0.73
Spyro: Enter the Dragonfly,PS2,2002,Platform,0.74
Devil May Cry 2,PS2,2003,Action,0.71
E.T.: The Extra Terrestrial,2600,1981,Action,1.84
Hot Shots Golf: Open Tee,PSP,2004,Sports,0.5
Minecraft,PSV,2014,Misc,0.18
Soccer,NES,1985,Sports,0.18
Rad Racer,NES,1986,Racing,1.13
Forza Horizon,X360,2012,Racing,0.82
Tom Clancy's Rainbow Six: Vegas,X360,2006,Shooter,1.09
Crash Nitro Kart,PS2,2003,Racing,0.74
Resident Evil 6,X360,2012,Shooter,1.12
Grand Theft Auto: San Andreas,XB,2005,Action,1.26
Star Wars: Dark Forces,PC,1994,Shooter,1.09
NBA Street Vol. 2,PS2,2003,Sports,1.69
Def Jam Vendetta,PS2,2003,Fighting,0.95
Kirby Squeak Squad,DS,2006,Platform,0.78
Burnout Paradise,PS3,2008,Racing,1.01
Who wants to be a millionaire,PC,1999,Misc,1.94
Alleyway,GB,1989,Puzzle,0.96
Scooby Doo and the Cyber Chase,PS,2001,Adventure,0.59
The Sims 3,PS3,2010,Simulation,0.73
FIFA Soccer 09,X360,2008,Sports,0.49
Dragon Ball Z: Budokai 3,PS2,2004,Fighting,1.09
Call of Duty: World at War,Wii,2008,Shooter,1.17
Jet Moto 2,PS,1997,Racing,1.41
Tom Clancy's Ghost Recon,PS2,2002,Shooter,1.42
BioShock Infinite,X360,2013,Shooter,1.22
X-Men Legends,PS2,2004,Role-Playing,1
Mortal Kombat II,SNES,1993,Fighting,1.48
Virtua Fighter 2,SAT,1995,Fighting,0.34
Mortal Kombat vs. DC Universe,X360,2008,Fighting,1.53
Destiny: The Taken King,PS4,2015,Shooter,0.78
Tetris DX,GB,1998,Puzzle,1.06
The Legend of Zelda: Oracle of Ages,GB,2001,Action,0.92
Destiny,X360,2014,Shooter,1.31
Red Faction,PS2,2001,Shooter,0.76
The Sims: Makin' Magic,PC,2003,Simulation,1.03
Mario Party: Island Tour,3DS,2013,Misc,0.62
MX Unleashed,PS2,2004,Racing,0.94
PaRappa The Rapper,PS,1996,Misc,0.26
Guitar Hero: World Tour,PS3,2008,Misc,1.1
Need for Speed: Shift,X360,2009,Racing,0.73
Mario Party 3,N64,2000,Misc,0.72
Diablo III,PS3,2013,Role-Playing,0.72
LittleBigPlanet 3,PS4,2014,Platform,0.66
Star Wars Rogue Leader: Rogue Squadron II,GC,2001,Simulation,1.03
Tomb Raider (2013),X360,2013,Action,0.86
Mario Super Sluggers,Wii,2008,Sports,1.48
Donkey Kong Country Returns,3DS,2013,Platform,0.74
Monopoly,Wii,2008,Misc,0.86
Madden NFL 09,PS3,2008,Sports,1.56
Batman: Arkham Origins,X360,2013,Action,1.15
Game Party 2,Wii,2008,Misc,1.28
Yu-Gi-Oh! Forbidden Memories,PS,1999,Role-Playing,1.37
Mortal Kombat: Deception,PS2,2004,Fighting,0.92
Hot Shots Golf 2,PS,1999,Sports,0.25
Medal of Honor: European Assault (All Region sales),PS2,2005,Shooter,0.89
NBA 2K17,PS4,2016,Sports,1.25
Toy Story Mania!,Wii,2009,Misc,1.04
WCW Nitro,PS,1998,Fighting,1.42
High School Musical: Sing It!,PS2,2007,Misc,0.47
Star Fox Adventures,GC,2002,Adventure,0.96
FIFA 2000,PS,1998,Sports,0.22
Madden NFL 25,PS3,2013,Sports,1.6
Dynasty Warriors 3,PS2,2001,Action,0.53
The Legend of Zelda: Oracle of Seasons,GB,2001,Adventure,0.87
Ratchet & Clank Future: A Crack in Time,PS3,2009,Platform,1.05
Madden NFL 06,XB,2005,Sports,1.75
Shrek 2,PS2,2004,Platform,1.12
Turok 2: Seeds of Evil,N64,1997,Platform,1.37
The Legend of Dragoon,PS,1999,Role-Playing,0.94
SingStar,PS2,2004,Misc,0
Star Wars: The Force Unleashed,Wii,2008,Action,1.11
NBA Live 2002,PS2,2001,Sports,0.91
Just Cause 3,PS4,2015,Action,0.47
Chrono Cross,PS,1999,Role-Playing,0.62
Jak 3,PS2,2004,Platform,1.33
Kingdom Hearts: Chain of Memories,GBA,2004,Role-Playing,1.26
Pinball,NES,1984,Action,0.8
Max Payne 3,PS3,2012,Shooter,0.59
Gran Turismo Concept 2001 Tokyo,PS2,2001,Racing,0
LEGO Marvel Super Heroes,PS3,2013,Action,0.77
Phineas and Ferb,DS,2009,Action,1.32
NCAA Football 06,PS2,2005,Sports,1.53
"Hey You, Pikachu!",N64,1998,Simulation,0.83
Rayman Raving Rabbids 2,Wii,2007,Misc,0.82
2 Games in 1: Sonic Advance & ChuChu Rocket!,GBA,2005,Misc,1.31
Jet Moto,PS,1996,Racing,1.33
Kirby: Triple Deluxe,3DS,2014,Platform,0.61
Secret of Mana,SNES,1993,Role-Playing,0.25
GoldenEye 007 (2010),Wii,2010,Action,0.84
Sonic Classic Collection,DS,2010,Platform,0.92
Air Combat,PS,1995,Simulation,0.92
Diablo III,PS4,2014,Role-Playing,0.51
inFAMOUS 2,PS3,2011,Action,1.05
World of Warcraft: Mists of Pandaria,PC,2012,Role-Playing,0.84
Sonic & Knuckles,GEN,1994,Platform,1.24
Namco Museum,PS2,2001,Misc,1.73
The Sims: Hot Date,PC,2001,Simulation,1.81
Demon's Souls,PS3,2009,Role-Playing,0.97
The Orange Box,X360,2007,Shooter,1.09
DDRMAX2: Dance Dance Revolution,PS2,2003,Simulation,1.05
Crazy Taxi,DC,2000,Racing,1.1
Virtua Fighter 4,PS2,2002,Fighting,0.78
Mafia III,PS4,2016,Action,0.42
Sly 2: Band of Thieves,PS2,2004,Platform,0.88
Guitar Hero: World Tour,PS2,2008,Misc,1
Sonic Advance 2,GBA,2002,Platform,0.93
Madden NFL 07,X360,2006,Sports,1.66
NFL GameDay 2000,PS,1999,Sports,1
NBA 2K11,PS3,2010,Action,1.41
Forza Motorsport 6,XOne,2015,Racing,0.73
The Evil Within,PS4,2014,Action,0.55
Metroid Prime 3: Corruption,Wii,2007,Shooter,0.89
The Legend of Zelda: The Wind Waker,WiiU,2013,Action,0.92
Disney's The Lion King,SNES,1994,Platform,1.26
Professor Layton and the Mask of Miracle,3DS,2011,Puzzle,0.32
Midnight Club II,PS2,2003,Racing,1.25
SpongeBob SquarePants: SuperSponge,PS,2001,Action,1.12
The Getaway: Black Monday,PS2,2004,Action,0.39
50 Cent: Bulletproof,PS2,2005,Action,0.85
Final Fantasy II,SNES,1991,Role-Playing,0.24
Kirby 64: The Crystal Shards,N64,2000,Platform,0.63
Dead or Alive 3,XB,2001,Fighting,1.19
Dragon Quest Monsters: Joker,DS,2006,Role-Playing,0.23
LEGO Star Wars III: The Clone Wars,Wii,2011,Action,1.01
High School Musical: Sing It!,Wii,2007,Misc,1.15
Metroid II: Return of Samus,GB,1991,Adventure,0.85
WWF Attitude,PS,1998,Fighting,1.27
UFC 2009 Undisputed,PS3,2009,Fighting,1.07
The SpongeBob SquarePants Movie,PS2,2004,Platform,1.06
Golden Sun,GBA,2001,Role-Playing,0.93
Sonic the Hedgehog 3,GEN,1994,Platform,1.02
Kid Icarus,NES,1986,Platform,0.53
Def Jam: Fight for NY,PS2,2004,Fighting,0.86
Tom Clancy's Ghost Recon,XB,2002,Shooter,1.23
State of Emergency,PS2,2002,Action,0.86
2 Games in 1 Double Pack: The Incredibles / Finding Nemo: The Continuing Adventures,GBA,2007,Action,1.26
The Urbz: Sims in the City,PS2,2004,Simulation,0.52
Star Wars: Starfighter,PS2,2001,Simulation,0.61
Madden NFL 2000,PS,1998,Sports,1.68
Star Wars: Battlefront,XB,2004,Shooter,1.24
Pro Evolution Soccer,PS2,2001,Sports,0.06
Madden NFL 17,PS4,2016,Sports,1.25
Just Cause 2,PS3,2010,Action,0.45
Disney's Aladdin,SNES,1993,Platform,0.94
Kirby's Adventure,NES,1993,Platform,0.79
Yoshi,NES,1991,Puzzle,0.7
The Elder Scrolls Online,PS4,2015,Role-Playing,0.67
FIFA Soccer 08,PS3,2007,Sports,0.35
Crackdown,X360,2007,Shooter,1
Wii Party U,WiiU,2013,Misc,0.3
Dance Dance Revolution X,PS2,2008,Simulation,0.85
2 Games in 1: Disney Princess & The Lion King,GBA,2004,Misc,1.25
Kingdom Hearts,PS3,2013,Role-Playing,0.9
Star Wars Episode I: The Phantom Menace,PS,1999,Adventure,0.72
Xenosaga Episode I: Der Wille zur Macht,PS2,2002,Role-Playing,0.63
Watch Dogs,PS3,2014,Action,0.56
Kinect Star Wars,X360,2012,Action,1.05
Dragon's Dogma,PS3,2012,Role-Playing,0.41
Cruis'n USA,N64,1996,Racing,1.69
Madden NFL 99,PS,1998,Sports,1.66
The Order: 1886,PS4,2015,Shooter,0.61
SSX Tricky,PS2,2001,Sports,0.85
Knack,PS4,2013,Platform,0.43
Twisted Metal III,PS,1998,Action,1.48
Harry Potter and the Sorcerer's Stone,GB,2001,Action,0.94
Dragon Quest VI: Realms of Revelation,DS,2010,Role-Playing,0.2
Crash Bandicoot: The Huge Adventure,GBA,2002,Platform,0.95
Hitman: Absolution,X360,2012,Action,0.68
Rockstar Games Double Pack: Grand Theft Auto III & Grand Theft Auto Vice City,PS2,2003,Action,0.85
The Crew,PS4,2014,Racing,0.35
Call of Duty: World at War Final Fronts,PS2,2008,Shooter,0.61
NBA 2K15,XOne,2014,Sports,1.37
Madden NFL 2005,XB,2004,Sports,1.61
Star Ocean: Till The End of Time,PS2,2003,Role-Playing,0.8
Call of Duty: Modern Warfare 3,PC,2011,Shooter,0.41
Dishonored,X360,2012,Action,1.06
Toy Story 2: Buzz Lightyear to the Rescue!,PS,1998,Platform,0.99
The Beatles: Rock Band,Wii,2009,Misc,1.17
Ace Combat 5: The Unsung War,PS2,2004,Simulation,0.88
Need for Speed Underground,XB,2003,Racing,1.09
Kanshuu Nippon Joushikiryoku Kentei Kyoukai: Imasara Hito ni wa Kikenai Otona no Joushikiryoku Training DS,DS,2006,Misc,0
Tetris Worlds,GBA,2001,Puzzle,1.25
Imagine: Teacher,DS,2008,Simulation,0.7
Call of Duty: Black Ops 3,X360,2015,Shooter,1.14
Deal or No Deal,DS,2007,Misc,1.15
FIFA Soccer 10,PS2,2009,Sports,0.23
Portal 2,PS3,2011,Shooter,0.83
Super Puyo Puyo,SNES,1993,Puzzle,0
NCAA Football 07,PS2,2006,Sports,1.41
The Sims 3: Late Night Expansion Pack,PC,2010,Simulation,0.59
No Man's Sky,PS4,2016,Action,0.63
Ben 10: Protector of Earth,DS,2007,Action,0.68
Cabela's Big Game Hunter 2010,Wii,2009,Sports,1.58
SOCOM 3: U.S. Navy SEALs,PS2,2005,Shooter,1.22
BioShock Infinite,PS3,2013,Shooter,0.72
Jampack Winter '99,PS,1999,Misc,0.94
Call of Duty: Black Ops 3,PS3,2015,Shooter,0.49
WCW vs. nWo: World Tour,N64,1997,Fighting,1.37
WCW/NWO Thunder,PS,1998,Fighting,1.1
Harry Potter and the Sorcerer's Stone,GBA,2001,Action,0.87
Dragon Ball Z: The Legacy of Goku,GBA,2002,Role-Playing,1.52
Cooking Mama 3: Shop & Chop,DS,2009,Simulation,0.79
Resident Evil 4,GC,2005,Action,0.98
Personal Trainer: Math,DS,2007,Puzzle,0.48
Game Party 3,Wii,2009,Puzzle,1.4
Need For Speed: Undercover,X360,2008,Racing,0.79
World Championship Poker: Featuring Howard Lederer - All In,PS2,2006,Misc,0.82
NFL GameDay 98,PS,1997,Sports,1.58
Sonic Colors,Wii,2010,Platform,0.92
Saints Row 2,PS3,2008,Action,0.88
Yoshi's Cookie,GB,1992,Puzzle,0.59
Time Crisis,PS,1997,Shooter,0.38
Sid Meier's Civilization V,PC,2010,Strategy,0.98
 Fire Emblem Fates,3DS,2015,Role-Playing,0.81
The Sims: Superstar,PC,2003,Simulation,1.67
Metroid Fusion,GBA,2002,Action,1.18
We Ski,Wii,2008,Sports,0.97
Star Wars Battlefront: Renegade Squadron,PSP,2007,Shooter,0.9
SSX 3,PS2,2003,Sports,0.93
Madden NFL 2001,PS,2000,Sports,1.58
Star Wars: Battlefront II,XB,2005,Shooter,1.22
Disney's DuckTales,NES,1989,Platform,0.91
Tony Hawk's Pro Skater 3,PS,2001,Sports,1.09
"Monsters, Inc.",GBA,2001,Adventure,0.59
PGR: Project Gotham Racing 2,XB,2003,Racing,0.97
Dragon Age: Origins,PS3,2009,Role-Playing,0.96
Spy Hunter,PS2,2001,Racing,1.13
NCAA Football 2004,PS2,2003,Sports,1.35
Fight Night Round 3,PS3,2006,Fighting,0.81
StarCraft II: Heart of the Swarm,PC,2013,Strategy,0.83
SpongeBob SquarePants: Battle for Bikini Bottom,PS2,2003,Platform,1.08
Until Dawn,PS4,2015,Adventure,0.45
Big Beach Sports,Wii,2008,Sports,0.45
Street Fighter II': Special Champion Edition,GEN,1992,Fighting,1
SSX,PS2,2000,Sports,0.78
Shaun White Snowboarding: Road Trip,Wii,2008,Sports,0.93
NBA Ballers,PS2,2004,Sports,0.81
Saints Row IV,X360,2013,Action,1.01
NBA Live 2003,PS2,2002,Sports,1.25
LEGO Batman 2: DC Super Heroes,X360,2012,Action,0.9
Dragon Ball Z: Budokai Tenkaichi,PS2,2005,Fighting,0.96
Dark Souls III,PS4,2016,Role-Playing,0.65
Ms. Pac-Man,2600,1981,Puzzle,1.54
Kirby's Return to Dreamland,Wii,2011,Platform,0.58
Mario Party 6,GC,2004,Misc,0.9
Super Scope 6,SNES,1991,Shooter,1.06
Star Wars The Clone Wars: Lightsaber Duels,Wii,2008,Action,1.21
Need for Speed Carbon,X360,2006,Racing,0.76
Heavenly Sword,PS3,2007,Action,0.57
Dragon Quest V: Tenkuu no Hanayome,PS2,2004,Role-Playing,0
MySims,Wii,2007,Simulation,0.9
Kirby & the Amazing Mirror,GBA,2004,Platform,0.8
Army of Two,X360,2008,Shooter,1.09
Dig Dug,2600,1982,Puzzle,1.52
Tom Clancy's Rainbow Six,PS,1999,Shooter,0.93
Ghosts 'n Goblins,NES,1986,Action,0.74
Tiger Woods PGA Tour 2003,PS2,2002,Sports,0.8
NBA Live 06 (All region sales),PS2,2005,Sports,1.44
Prince of Persia: Warrior Within,PS2,2004,Action,0.54
Far Cry 4,XOne,2014,Shooter,0.8
ESPN NFL 2K5,XB,2004,Sports,1.54
Beyond: Two Souls,PS3,2013,Adventure,0.52
Pikmin,GC,2001,Strategy,0.78
Tiger Woods PGA Tour 2004,PS2,2003,Sports,1.18
NBA 2K15,X360,2014,Sports,1.35
Call of Duty: Black Ops,PC,,Shooter,0.58
Ape Escape,PS,1999,Platform,0.71
NCAA Football 2005,PS2,2004,Sports,1.32
Max Payne 3,X360,2012,Shooter,0.86
Viva Pinata,X360,2006,Simulation,0.45
Tony Hawk's American Wasteland (Old all region sales),PS2,2005,Sports,0.8
Kinectimals,X360,2010,Simulation,1.02
Kirby Air Ride,GC,2003,Racing,1.01
LEGO Marvel Super Heroes,PS4,2013,Action,0.59
Sled Storm,PS,1998,Racing,0.9
Destiny,PS3,2014,Shooter,0.68
Rock Band,PS3,,Misc,0.99
Dragon Quest IV: Chapters of the Chosen,DS,2007,Role-Playing,0.3
NFL Street 2,PS2,2004,Sports,0.79
Baseball,GB,1989,Sports,0.66
Yu-Gi-Oh! Duel Monsters,GB,1998,Strategy,0
Super Mario Strikers,GC,2005,Sports,0.98
Buzz! The Music Quiz,PS2,2005,Misc,0
Rage,X360,2011,Shooter,0.82
Mario Hoops 3 on 3,DS,2006,Sports,0.98
SpongeBob's Atlantis SquarePantis,DS,2007,Action,1.49
Dollar Dash,PS2,2005,Action,1.3
F-1 World Grand Prix,N64,1998,Racing,0.46
River Raid,2600,1981,Shooter,1.49
Just Cause 2,X360,2010,Action,0.59
Silent Hill,PS,1999,Action,0.71
Sonic Heroes,GC,2003,Platform,1.05
Disney Infinity,Wii,2013,Action,1.05
ESPN NBA 2K5,PS2,2004,Sports,1.26
Diablo,PC,1996,Role-Playing,0.01
Far Cry 2,X360,2008,Action,0.71
The Legend of Zelda: Twilight Princess,GC,2006,Action,1.15
Soul Edge,PS,1996,Fighting,0.61
Mario Bros.,2600,1982,Platform,1.48
Pro Evolution Soccer 2008,PS3,2007,Sports,0.04
NASCAR 2000,PS,1999,Racing,0.88
Pokemon Battle Revolution,Wii,2006,Role-Playing,0.78
Kingdom Hearts 3D: Dream Drop Distance,3DS,2012,Action,0.88
Dance Dance Revolution: Hottest Party 2,Wii,2008,Simulation,0.94
SoulCalibur IV,X360,2008,Fighting,0.92
Jampack Summer 2K,PS,2000,Misc,0.88
Sonic Generations,PS3,2011,Platform,0.6
Spyro 2: Season of Flame,GBA,2002,Platform,0.85
Mario Party 10,WiiU,2015,Misc,0.69
Devil May Cry 4,PS3,2008,Action,0.58
Dead Rising 3,XOne,2013,Action,1.06
Pro Evolution Soccer 2010,PS2,2009,Sports,0.1
NCAA Football 2002,PS2,2001,Sports,0.77
Gears of War: Judgment,X360,2013,Shooter,0.92
Watch Dogs,XOne,2014,Action,0.9
Guitar Hero: On Tour Decades,DS,2008,Misc,0.84
FIFA 16,X360,2015,Sports,0.57
Madden NFL 15,XOne,2014,Sports,1.31
Conflict: Desert Storm,PS2,2002,Shooter,0.98
Mario Party 7,GC,2005,Misc,0.95
Dragon Quest V: Hand of the Heavenly Bride,DS,2008,Role-Playing,0.17
High School Musical 3: Senior Year,DS,2008,Misc,0.63
Smuggler's Run,PS2,2000,Racing,0.77
Fight Night Round 3,PS2,2006,Fighting,1.07
Need for Speed: Most Wanted,X360,2012,Racing,0.62
Carnival Games: Mini Golf,Wii,2008,Sports,0.86
Donkey Kong Classics,NES,1988,Platform,0.59
Hannah Montana: Music Jam,DS,2007,Action,1.05
Twisted Metal,PS,1995,Action,1.32
Final Fight,SNES,1990,Action,0.67
Pokemon Mystery Dungeon: Explorers of Sky,DS,2009,Role-Playing,0.57
Dragon Quest Monsters 2,GB,2001,Role-Playing,0
Pokemon Pinball: Ruby & Sapphire,GBA,2003,Misc,0.68
MySims Kingdom,DS,2008,Simulation,0.8
LEGO Pirates of the Caribbean: The Video Game,Wii,2011,Action,0.73
Stuntman,PS2,2002,Racing,0.76
Tom Clancy's Rainbow Six 3,XB,2003,Shooter,0.91
LEGO Harry Potter: Years 1-4,X360,2010,Action,0.95
007: The World is not Enough,N64,2000,Action,1.13
Spider-Man 2: Enter: Electro,PS,2001,Action,0.57
Guitar Hero 5,Wii,2009,Misc,0.92
Command & Conquer: Tiberian Sun,PC,1999,Strategy,1.55
Wolfenstein: The New Order,PS4,2014,Shooter,0.47
Mafia II,X360,2010,Action,0.85
Moshi Monsters: Moshling Zoo,DS,2011,Misc,0.37
BioShock 2,PS3,2010,Shooter,0.85
Dark Cloud,PS2,2000,Role-Playing,0.83
Warcraft III: The Frozen Throne,PC,2003,Strategy,0.58
Active Life: Outdoor Challenge,Wii,2008,Sports,0.78
Tom Clancy's Ghost Recon Advanced Warfighter,X360,2006,Shooter,1.4
Ratchet & Clank (2016),PS4,2016,Platform,0.5
MVP Baseball 2005,PS2,2005,Sports,1.26
Die Hard Trilogy,PS,1996,Shooter,0.85
Uncharted: Golden Abyss,PSV,2011,Shooter,0.53
Go Vacation,Wii,2011,Misc,0.42
Pro Evolution Soccer 2013,PS3,2012,Sports,0.18
Mortal Kombat 3,SNES,1994,Fighting,1.19
NFL GameDay 99,PS,1998,Sports,1.44
Dishonored,PS3,2012,Action,0.72
Mario Golf: Toadstool Tour,GC,2003,Sports,1.09
Tiger Woods 99 PGA Tour Golf,PS,1997,Sports,0.85
Call of Duty: Black Ops II,PC,2012,Shooter,0.64
Resident Evil: The Umbrella Chronicles,Wii,2007,Action,0.67
Knockout Kings,PS,1997,Fighting,1.07
The Simpsons Skateboarding,PS2,2002,Sports,0.36
Donkey Kong Country: Tropical Freeze,WiiU,2014,Platform,0.7
NASCAR 98,PS,1996,Racing,1.43
Xevious,NES,1984,Shooter,0.18
F1 Race,NES,1984,Racing,0
NASCAR 99,PS,1998,Racing,1.45
Final Fantasy XIV: A Realm Reborn,PC,2010,Role-Playing,0.88
NBA Live 2000,PS,1998,Sports,1.43
Fight Night Round 4,PS3,2009,Fighting,0.92
Super Monkey Ball 2,GC,2002,Puzzle,1.11
Pac-Man World 2,PS2,2002,Action,1.26
Disney Fairies: Tinker Bell,DS,2008,Adventure,0.85
MySims Kingdom,Wii,2008,Simulation,0.7
Dead Space 2,X360,2011,Shooter,0.94
Puzzle & Dragons,3DS,2013,Role-Playing,0
Call of Duty: Modern Warfare: Reflex Edition,Wii,2009,Shooter,0.94
Mega Man 2,NES,1988,Action,0.93
Simpsons Wrestling,PS,2001,Fighting,0.23
NBA Live 98,PS,1997,Sports,1.41
The Simpsons Game,PS2,2007,Action,0.35
Monopoly,PS,1997,Misc,1.18
The Simpsons Game,DS,2007,Action,0.56
Football Manager 2012,PC,2011,Sports,0.02
Ni no Kuni: Wrath of the White Witch,PS3,2011,Role-Playing,0.6
SoulCalibur II,GC,2003,Fighting,0.99
Call of Duty 3,PS3,2006,Shooter,0.6
Tokyo Xtreme Racer Zero,PS2,2000,Racing,0.66
NFL Blitz,PS,1998,Sports,1.41
Red Faction II,PS2,2002,Shooter,0.49
Madden NFL 2001,PS2,2000,Sports,1.19
Ninja Hattori Kun: Ninja wa Shuugyou Degogiru no Maki,NES,1986,Platform,0
WWF No Mercy,N64,2000,Fighting,1.2
Ice Climber,NES,1985,Platform,0.46
Sonic CD,SCD,1993,Platform,1
Star Wars: The Force Unleashed II,PS3,2010,Action,0.8
Pac-Man World,PS,1998,Action,1.21
Rock Band 2,PS3,2008,Misc,1.13
Final Fantasy: Crystal Chronicles,GC,2003,Role-Playing,0.72
Medal of Honor: Frontline,XB,2002,Shooter,1
Madden NFL 09,PS2,2008,Sports,1.22
Dead Rising 2,X360,2010,Action,0.75
Banjo-Tooie,N64,2000,Platform,0.82
Buzz! The BIG Quiz,PS2,2006,Misc,0
Mafia II,PS3,2010,Action,0.5
Batman: Arkham Knight,XOne,2015,Action,0.88
Doom (2016),PS4,2016,Shooter,0.54
Dirge of Cerberus: Final Fantasy VII,PS2,2006,Shooter,0.47
WWF WrestleMania 2000,N64,1999,Fighting,1.2
Wario Land II,GB,1997,Platform,0.7
Nintendo World Cup,NES,1990,Sports,0.28
Sonic Rivals 2,PSP,2007,Racing,0.44
Bratz: Forever Diamondz,DS,2006,Adventure,0.43
Resistance 3,PS3,2011,Shooter,0.64
Drawn To Life: SpongeBob SquarePants Edition,DS,2008,Adventure,0.99
Disney Sing It: Pop Hits,Wii,2009,Misc,1.07
007: Quantum of Solace,X360,2008,Action,0.82
Major League Baseball 2K5,PS2,2005,Sports,0.72
Fight Night 2004,PS2,2004,Fighting,1.08
LEGO Star Wars III: The Clone Wars,X360,2011,Action,0.84
Tom Clancy's Splinter Cell: Pandora Tomorrow,XB,2004,Action,0.82
LEGO City Undercover,3DS,2013,Platform,0.52
Imagine: Master Chef,DS,2007,Simulation,0.39
Disney Princess,GBA,2003,Platform,1.04
Mario Golf,N64,1999,Action,0.62
Call of Duty Black Ops: Declassified,PSV,2012,Action,0.71
Tom Clancy's Ghost Recon: Future Soldier,X360,2012,Shooter,0.93
Fight Night Round 3,X360,2006,Fighting,1.33
Xenogears,PS,1998,Role-Playing,0.29
The SpongeBob SquarePants Movie,GBA,2004,Platform,1.02
Super Scribblenauts,DS,2010,Puzzle,1.06
Midway Arcade Treasures,PS2,2003,Misc,0.72
Triple Play 99,PS,,Sports,0.81
Dragon Quest VII: Warriors of Eden,3DS,2013,Role-Playing,0.06
Super Monkey Ball,GC,2001,Puzzle,0.95
SoulCalibur IV,PS3,2008,Fighting,0.72
Donkey Kong,2600,1981,Platform,1.36
Mortal Kombat 4,PS,1998,Fighting,0.81
New Play Control! Mario Power Tennis,Wii,2009,Sports,0.35
Mario Superstar Baseball,GC,2005,Sports,0.93
Wall-E,DS,2008,Platform,0.46
WCW vs the World,PS,1998,Fighting,1.17
Battlefield: Bad Company,X360,2008,Shooter,0.81
Homefront,X360,2011,Shooter,0.83
Onimusha 3: Demon Siege,PS2,2004,Action,0.37
Madden NFL 15,PS3,2014,Sports,1.08
Red Dead Revolver,PS2,2004,Shooter,0.71
Resident Evil: Outbreak,PS2,2003,Action,0.54
Tamagotchi,GB,1996,Simulation,0
4 Nin uchi Mahjong,NES,1984,Misc,0
Dragon Ball Z,SNES,1993,Fighting,0
Game de Hakken!! Tamagotchi 2,GB,1997,Simulation,0
Namco Museum 64,N64,1999,Misc,1.24
Mass Effect 2,PS3,2011,Role-Playing,0.78
LEGO Battles: Ninjago,DS,2011,Strategy,1.02
Tony Hawk's American Wasteland (Weekly american sales),PS2,2005,Sports,1.38
NBA 2K14,PS4,2013,Sports,0.89
The House of the Dead 2 & 3 Return,Wii,2008,Shooter,0.77
SingStar Pop,PS2,2007,Misc,0.04
Kirby Super Star,SNES,1996,Platform,0.26
Sonic & Sega All-Stars Racing,Wii,2010,Racing,0.61
Disney Infinity,X360,2013,Action,0.97
My Word Coach,DS,2007,Misc,0.37
Tiger Woods PGA Tour 2005,PS2,2004,Sports,1.03
NCAA Football 2003,PS2,2002,Sports,1.16
Star Wars: The Force Unleashed II,X360,2010,Action,0.95
Frogger 2: Swampy's Revenge,PS,1999,Action,0.8
WWE SmackDown vs Raw 2008,X360,2007,Fighting,0.92
Kinect Joy Ride,X360,2010,Racing,0.92
Smarty Pants,Wii,2007,Misc,0.52
SNK vs. Capcom: The Match of the Millennium,PSP,2006,Fighting,0.53
Disney's DuckTales,GB,1988,Platform,0.82
Disney Princess: Magical Jewels,DS,2007,Adventure,1.12
Classic NES Series: Super Mario Bros.,GBA,2004,Platform,0
Triple Play 2000,PS,1999,Sports,0.79
Anno 2070,PC,2011,Strategy,0
Hasbro Family Game Night,Wii,2008,Puzzle,0.96
Sonic Rivals,PSP,2006,Racing,0.73
BioShock,PS3,2008,Shooter,0.75
Mass Effect 3,PS3,2012,Role-Playing,0.63
Cabela's Big Game Hunter,PS2,2002,Sports,0.7
NBA Live 06 (Weekly american sales),PS2,2005,Sports,1.35
SimCity (2013),PC,2013,Simulation,0.48
The Legend of Zelda: The Minish Cap,GBA,2004,Action,0.89
NFL Street,PS2,2004,Sports,1.15
Super Metroid,SNES,1994,Action,0.57
Pro Yakyuu Family Stadium '87,NES,1987,Sports,0.12
Dead Space 2,PS3,2011,Shooter,0.73
Tiger Woods PGA Tour 09 All-Play,Wii,2008,Sports,0.8
Metal Gear Rising: Revengeance,PS3,2013,Action,0.45
Resident Evil (Remake),GC,2002,Action,0.63
Rayman Raving Rabbids,Wii,2006,Misc,1.22
Dragon Quest Monsters: Joker 2,DS,2010,Role-Playing,0.09
UFC Undisputed 2010,PS3,2010,Fighting,0.8
LEGO Star Wars: The Video Game,GC,2005,Action,1.09
Medal of Honor: Warfighter,PS3,2012,Action,0.48
Disney's The Lion King,GEN,1994,Platform,0.97
Sonic's Ultimate Genesis Collection,X360,2009,Misc,0.85
Hello Kitty Party,DS,2007,Misc,0.78
The Sims 3,Wii,2010,Simulation,0.57
Knockout Kings 2000,PS,1999,Fighting,1.02
Gran Turismo 4 Prologue,PS2,2003,Racing,0
Diablo III,X360,2013,Role-Playing,0.9
Twisted Metal: Black,PS2,2001,Racing,1.19
NASCAR 2005: Chase for the Cup,PS2,2004,Racing,0.69
Fight Night Round 4,X360,2009,Fighting,0.95
Spider-Man: The Movie,XB,2002,Action,1.07
LEGO Star Wars II: The Original Trilogy,PSP,2006,Action,0.58
Dead Space,X360,2008,Action,0.89
Need For Speed: Undercover,PS2,2008,Racing,0.38
2Xtreme,PS,1996,Sports,1.15
LEGO Indiana Jones 2: The Adventure Continues,Wii,2009,Action,0.9
Ridge Racer,PSP,2004,Racing,0.36
Sonic Advance 3,GBA,2004,Platform,0.74
Final Fantasy III,NES,1990,Role-Playing,0
Tomb Raider (2013),PS4,2014,Action,0.47
Colin McRae Rally 3,PS2,2002,Racing,0.03
Forza Horizon 2,XOne,2014,Racing,0.5
Madden NFL 2002,PS,2001,Sports,0.78
Inazuma Eleven 2,DS,2009,Role-Playing,0
NBA Jam,SNES,1994,Sports,1.19
Teenage Mutant Ninja Turtles III: The Manhattan Project,NES,1991,Action,1.05
Dynasty Warriors 5,PS2,2005,Action,0.24
Hannah Montana: Spotlight World Tour,Wii,2007,Action,0.87
Injustice: Gods Among Us,X360,2013,Fighting,0.97
Far Cry 2,PS3,2008,Action,0.43
Yoshi's New Island,3DS,2014,Platform,0.48
LEGO Batman 2: DC Super Heroes,Wii,2012,Action,0.9
True Crime: Streets of LA,XB,2003,Action,0.96
Toy Story 3: The Video Game,Wii,2010,Action,0.63
Bravely Default: Flying Fairy,3DS,2012,Role-Playing,0.5
Ryse: Son of Rome,XOne,2013,Action,0.83
Mortal Kombat X,XOne,2015,Fighting,1.03
Paper Mario,N64,2000,Role-Playing,0.58
Rise of the Tomb Raider,XOne,2015,Adventure,0.55
Duke Nukem: Time to Kill,PS,1998,Shooter,0.77
Sonic Generations,X360,2011,Platform,0.71
Dave Mirra Freestyle BMX 2,PS2,2001,Sports,0.67
Bakugan: Battle Brawlers,DS,2009,Action,1.26
LEGO Indiana Jones: The Original Adventures,PS2,2008,Action,0.6
Deus Ex: Human Revolution,X360,2011,Shooter,0.76
A Collection of Activision Classic Games for the Atari 2600,PS,1998,Misc,0.76
Final Fantasy XII: Revenant Wings,DS,2007,Role-Playing,0.33
Call of Duty: Black Ops,Wii,2010,Shooter,0.8
Deus Ex: Human Revolution,PS3,2011,Shooter,0.5
Star Wars Knights of the Old Republic II: The Sith Lords,XB,2004,Role-Playing,0.99
Pocket Monsters Stadium,N64,1998,Strategy,0
The Sims 2,PSP,2005,Simulation,0.49
Dead Rising 2,PS3,2010,Action,0.43
Ridge Racer 7,PS3,2006,Racing,0.24
Tom Clancy's Ghost Recon 2,XB,2004,Shooter,0.86
Need for Speed: The Run,X360,2011,Action,0.63
Crash Bandicoot 2: N-Tranced,GBA,2003,Platform,0.63
Titanfall,X360,2014,Shooter,0.87
SingStar Abba,PS2,2008,Misc,0.23
Gradius,NES,1986,Shooter,0.27
Dragon Quest III: Soshite Densetsu e...,SNES,1996,Role-Playing,0
Centipede,2600,1981,Shooter,1.26
Dead to Rights,PS2,2002,Shooter,0.67
WWE '13,PS3,2012,Action,0.51
Dance Dance Revolution (Japan),PS,1999,Simulation,0
Hasbro Family Game Night 2,Wii,2009,Misc,0.7
Madden NFL 98,PS,1997,Sports,1.29
Gardening Mama,DS,2009,Puzzle,0.79
Burnout Paradise,X360,2008,Racing,0.63
Middle-Earth: Shadow of Mordor,XOne,2014,Action,0.73
MotorStorm: Pacific Rift,PS3,2008,Racing,0.43
Samurai Warriors,PS2,2004,Action,0.22
Battlefield 4,PC,2013,Shooter,0.39
The Simpsons: Hit & Run,XB,2003,Racing,0.7
Gears of War 4,XOne,2016,Shooter,0.78
SaGa Frontier,PS,1997,Role-Playing,0.15
SingStar Party,PS2,2004,Misc,0
FIFA Soccer 08,PSP,2007,Sports,0.2
FIFA Soccer 09,PSP,2008,Sports,0.23
Disney Princess: Enchanted Journey,Wii,2007,Adventure,1.22
FIFA Soccer 08,X360,2007,Sports,0.31
Test Drive,PS2,2002,Racing,0.95
Devil May Cry 4,X360,2008,Action,0.79
Tom Clancy's Rainbow Six: Vegas 2,PS3,2008,Shooter,0.66
Metroid: Other M,Wii,2010,Action,0.85
Crysis 2,X360,2011,Action,0.71
Chrono Trigger,DS,2008,Role-Playing,0.61
Marvel vs. Capcom 3: Fate of Two Worlds,PS3,2011,Fighting,0.81
Mortal Kombat 3,GEN,1994,Fighting,1.03
Doom 3,XB,2005,Shooter,0.85
Tom Clancy's Rainbow Six: Siege,XOne,2015,Shooter,0.77
F1 2010,PS3,2010,Racing,0.25
Monster Hunter Freedom,PSP,2005,Role-Playing,0.24
Donkey Kong Jungle Beat,GC,2004,Platform,0.84
Need for Speed Carbon,PS2,2006,Racing,1.22
Lost Planet: Extreme Condition,X360,2006,Shooter,1.09
Command & Conquer: Red Alert 2,PC,2000,Strategy,1.32
NBA 2K15,PS3,2014,Sports,0.87
Max Payne 2: The Fall of Max Payne,PS2,2003,Shooter,0.65
Battlefield: Bad Company,PS3,2008,Shooter,0.76
MVP Baseball 2004,PS2,2004,Sports,1.1
Yokai Watch 3,3DS,2016,Action,0
Ratchet & Clank: Up Your Arsenal (Weekly american sales),PS2,2004,Platform,1.27
Alan Wake,X360,2010,Action,0.66
Spider-Man: The Movie,GBA,2002,Action,0.92
WWF War Zone,N64,1998,Fighting,1.08
Tony Hawk's Pro Skater,GB,2000,Sports,0.9
The Sims: Bustin' Out,GBA,2003,Simulation,0.93
Triple Play 2001,PS,2000,Sports,0.74
Metroid Prime 2: Echoes,GC,2004,Shooter,0.87
The Elder Scrolls V: Skyrim,PS4,2016,Role-Playing,0.48
Corvette,PS2,2004,Racing,0.65
WWE SmackDown vs Raw 2008,PS3,2007,Fighting,0.62
Skylanders SWAP Force,X360,2013,Platform,0.86
Grand Theft Auto: Chinatown Wars,DS,2009,Action,0.58
UFC Undisputed 2010,X360,2010,Fighting,0.9
World of Warcraft: Wrath of the Lich King,PC,2008,Role-Playing,0.01
Gyromite,NES,1985,Puzzle,0.73
TOCA 2: Touring Cars,PS,1998,Racing,0.03
NFL 2K3,PS2,2002,Sports,1.06
Assassin's Creed III: Liberation,PSV,2012,Action,0.53
Fighting Force,PS,1997,Fighting,0.73
Petz Wild Animals: Dolphinz,DS,2007,Simulation,0.71
Mega Man Battle Network 4: Red Sun / Blue Moon,GBA,2003,Role-Playing,0.31
Your Shape: Fitness Evolved,X360,2010,Sports,0.79
Need for Speed Underground Rivals,PSP,2005,Racing,0.69
Madden NFL 97,PS,1996,Sports,0.73
The ICO & Shadow of the Colossus Collection,PS3,2011,Adventure,0.67
TNN Motor Sports Hardcore 4x4,PS,1996,Racing,0.73
MAG: Massive Action Game,PS3,2010,Shooter,0.77
IHRA Drag Racing 2,PS2,2002,Racing,0.64
Rage,PS3,2011,Shooter,0.47
LEGO Harry Potter: Years 1-4,PS3,2010,Action,0.55
Madagascar,PS2,2005,Platform,0.78
The Witcher 3: Wild Hunt,XOne,2015,Role-Playing,0.69
Rugrats Studio Tour,PS,1999,Adventure,0.57
Pitfall II: Lost Caverns,2600,1983,Platform,1.22
Turok: Evolution,PS2,2002,Shooter,0.64
[Prototype],X360,2009,Action,0.84
Burnout 3: Takedown,XB,2004,Racing,0.84
The Beatles: Rock Band,X360,2009,Misc,0.97
Adventure,2600,,Adventure,1.21
Yu-Gi-Oh! The Sacred Cards,GBA,2002,Role-Playing,0.94
NBA Live 07,PS2,2006,Sports,1.07
Yoshi's Woolly World,WiiU,2015,Platform,0.62
Skylanders Giants,X360,2012,Action,0.75
SingStar '80s,PS2,2005,Misc,0.27
Romancing SaGa 3,SNES,1995,Role-Playing,0
Test Drive 5,PS,1997,Racing,1.05
Tekken 6,X360,2009,Fighting,0.71
Assassin's Creed Syndicate,XOne,2015,Action,0.62
Digimon World,PS,1999,Role-Playing,0.56
Far Cry 4,PS3,2014,Shooter,0.34
Pokemon Ranger: Guardian Signs,DS,2010,Role-Playing,0.5
LEGO Batman: The Videogame,PS3,2008,Action,0.72
Mega Man Battle Network 3 Blue / White Version,GBA,2002,Role-Playing,0.39
Resident Evil Zero,GC,2002,Action,0.54
High School Musical 3: Senior Year DANCE!,Wii,2008,Misc,0.67
Crysis 2,PS3,2011,Action,0.46
Pirates of the Caribbean: The Curse of the Black Pearl,GBA,2003,Platform,0.93
Mario & Luigi: Partners in Time,DS,2005,Role-Playing,0.74
Namco Museum DS,DS,2007,Misc,1.13
Deal or No Deal,Wii,2009,Misc,1.2
Transformers,PS2,2004,Shooter,0.63
Dying Light,XOne,2015,Action,0.86
Fallout 4,PC,2015,Role-Playing,0.51
Sonic Colors,DS,2010,Platform,0.69
Assassin's Creed: Rogue,PS3,2014,Action,0.46
EA Playground,Wii,2007,Sports,0.68
Midnight Club 3: DUB Edition (America weekly sales),PS2,2005,Racing,1.22
Gold's Gym: Cardio Workout,Wii,2008,Sports,1.1
The Elder Scrolls Online,XOne,2015,Role-Playing,0.78
Champions of Norrath,PS2,2004,Role-Playing,0.63
LEGO Batman: The Videogame,PSP,,Action,0.57
Yakuman,GB,1989,Misc,0
Army Men 3D,PS,1999,Action,1.1
Imagine: Wedding Designer,DS,2008,Simulation,0.55
Twisted Metal 4,PS,1999,Racing,1.07
Manhunt,PS2,2003,Action,0.63
Need for Speed Carbon,Wii,2006,Racing,0.45
Silent Hill 2,PS2,2001,Action,0.62
Castlevania: Symphony of the Night,PS,1997,Platform,0.58
Guitar Hero: Aerosmith,Wii,2008,Misc,1.03
The LEGO Movie Videogame,X360,2014,Action,0.69
The Sims 2: Nightlife,PC,2005,Simulation,1.22
Dark Souls II,PS3,2014,Role-Playing,0.4
Kid Icarus: Uprising,3DS,2012,Action,0.48
Pokemon Mystery Dungeon: Gates to Infinity,3DS,2012,Role-Playing,0.44
LEGO Batman: The Videogame,PS2,2008,Action,0.72
Road Rash,PS,1995,Racing,0.71
Atlantis,2600,1981,Shooter,1.18
NBA 2K9,X360,2008,Sports,1
Tony Hawk's Underground,XB,2003,Sports,0.85
Hogan's Alley,NES,1984,Shooter,0.68
Metal Gear Solid V: Ground Zeroes,PS4,2014,Action,0.45
Mystery Case Files: MillionHeir,DS,2008,Adventure,0.75
.hack//Infection Part 1,PS2,2002,Role-Playing,0.49
Jillian Michaels' Fitness Ultimatum 2009,Wii,2008,Sports,0.96
Valkyria Chronicles,PS3,2008,Role-Playing,0.71
WWE '12,X360,2011,Fighting,0.74
Sonic Adventure DX: Director's Cut,GC,2003,Platform,0.87
Jet Li: Rise to Honor,PS2,2004,Action,0.62
Battle Arena Toshinden,PS,1994,Fighting,0.39
WWE '13,X360,2012,Action,0.72
Final Fantasy X / X-2 HD Remaster,PS3,2013,Role-Playing,0.43
Need for Speed Rivals,PS3,2013,Racing,0.33
EA Sports Active 2,Wii,2010,Sports,0.76
Rockstar Games presents Table Tennis,Wii,2007,Sports,0.39
Devil Dice,PS,1998,Puzzle,0.05
Football Manager 2011,PC,2010,Sports,0
Brian Lara Cricket,PS,1998,Sports,0.02
Championship Manager 03/04,PC,2003,Sports,0
Wheel of Fortune,PS,1998,Misc,0.99
Tamagotchi Connection: Corner Shop,DS,2005,Simulation,0.1
Tomb Raider: Underworld,PS3,2008,Action,0.45
Kung Fu Panda,DS,2008,Action,0.56
LEGO Battles,DS,2009,Strategy,0.77
NBA Live 2001,PS,2000,Sports,0.7
Saints Row IV,PS3,2013,Action,0.56
Star Wars: The Force Unleashed,PS2,2008,Action,0.49
Combat,2600,,Action,1.17
Watch Dogs,X360,2014,Action,0.72
SOCOM: U.S. Navy SEALs Confrontation,PS3,2008,Shooter,0.94
Dragon Ball: Daimaou Fukkatsu,NES,1988,Role-Playing,0
Gegege no Kitarou 2: Youkai Gundan no Chousen,NES,1987,Role-Playing,0
Reel Fishing,PS,1996,Sports,0.99
Need for Speed: Most Wanted,X360,2005,Racing,1
Pokemon XD: Gale of Darkness,GC,2005,Role-Playing,0.71
Black,PS2,2006,Shooter,1.01
Tom Clancy's Rainbow Six: Vegas,PS3,2007,Shooter,0.47
LittleBigPlanet PS Vita,PSV,2012,Platform,0.35
Pokemon Super Mystery Dungeon,3DS,2015,Role-Playing,0.48
RollerCoaster Tycoon 2,PC,2002,Strategy,1.19
Ratatouille,DS,2007,Action,0.49
Lara Croft Tomb Raider: The Angel of Darkness,PS2,2003,Action,0.61
Tom Clancy's Splinter Cell: Pandora Tomorrow,PS2,2004,Action,0.52
Road Rash 3D,PS,1998,Racing,1.05
Ratchet: Deadlocked,PS2,2005,Shooter,0.85
Winter Sports: The Ultimate Challenge,Wii,2007,Sports,0.45
Baldur's Gate: Dark Alliance,PS2,2001,Role-Playing,0.61
Oddworld: Abe's Oddysee,PS,1997,Platform,0.75
Ridge Racer V,PS2,2000,Action,0.24
WWE SmackDown vs. Raw 2009,PS2,2008,Fighting,0.69
Tetris 2 (All region sales),GB,1992,Puzzle,0.56
LEGO Harry Potter: Years 5-7,Wii,,Action,0.69
Star Wars Episode III: Revenge of the Sith,XB,2005,Action,0.82
[Prototype],PS3,2009,Action,0.65
Transformers: Autobots / Decepticons,DS,2007,Action,1.12
FIFA Street,PS3,2012,Sports,0.12
Frogger: The Great Quest,PS2,2001,Platform,0.6
Madden NFL 17,XOne,2016,Sports,1.08
Ninja Gaiden,XB,2004,Action,0.92
Cars 2,DS,2011,Racing,0.68
Crash Bandicoot: The Wrath of Cortex,XB,2002,Platform,0.59
Driv3r,PS2,2004,Racing,0.6
Assassin's Creed: Bloodlines,PSP,2009,Action,0.43
Disney's Tarzan / Disney's Aladdin in Nasira's Revenge / Disney's The Emperor's New Groove Action Game,PS,2003,Misc,0.69
Kingdom Hearts II,PS3,2014,Role-Playing,0.52
LEGO The Lord of the Rings,X360,2012,Action,0.64
Kirby Tilt 'n' Tumble,GB,2000,Puzzle,0.29
SpongeBob SquarePants: Battle for Bikini Bottom,GBA,2003,Platform,0.88
Vigilante 8,PS,1998,Racing,0.68
Hyrule Warriors,WiiU,2014,Action,0.58
Castlevania,NES,1986,Platform,0.54
Donkey Kong Country 2,GBA,2004,Platform,0.79
Guitar Hero: Aerosmith,X360,2008,Misc,1
"WarioWare, Inc.: Mega MicroGame$",GBA,2003,Puzzle,0.4
Need for Speed Carbon,PS3,2006,Racing,0.49
Ben 10: Protector of Earth,Wii,2007,Action,0.54
2010 FIFA World Cup South Africa,PS3,2010,Sports,0.3
Tales of Xillia,PS3,2011,Role-Playing,0.29
Diddy Kong Racing DS,DS,2007,Racing,1.09
Mario Power Tennis,GC,2004,Sports,0.58
Intelligent Qube,PS,1997,Puzzle,0.13
Pac-Man,NES,1984,Puzzle,0.27
Game & Watch Gallery 2,GB,1997,Misc,0.76
Game & Watch Gallery 3,GB,1999,Misc,0.79
Parfait: Chocolat Second Style,PS2,2006,Adventure,0.59
NBA Live 99,PS,1997,Sports,1.13
Chocobo no Fushigi Dungeon,PS,1997,Role-Playing,0
Golden Sun: The Lost Age,GBA,2002,Role-Playing,0.61
SimCity 2000,PS,1996,Simulation,0.68
Max Payne,XB,2001,Shooter,0.98
WCW Mayhem,PS,1998,Fighting,0.68
NBA 2K2,PS2,2002,Sports,0.59
NASCAR Thunder 2003,PS2,,Racing,0.6
Cars,PS2,2006,Racing,1.01
Fuzion Frenzy,XB,2001,Misc,0.93
Call of Duty: Finest Hour,XB,2004,Shooter,0.78
Final Fantasy IV,DS,2007,Simulation,0.51
Star Wars: Battlefront II,PSP,2005,Shooter,1.05
Super Street Fighter IV: 3D Edition,3DS,2011,Fighting,0.55
Sly Cooper and the Thievius Raccoonus,PS2,2002,Platform,1.03
WWE 2K16,PS4,2015,Sports,0.41
Star Wars Episode 1: Jedi Power Battles,PS,1999,Action,0.66
Dino Crisis 2,PS,2000,Action,0.34
The Magical Quest starring Mickey Mouse,SNES,1992,Platform,0.66
Dragon Quest IV: Michibikareshi Monotachi,PS,2001,Role-Playing,0
Need for Speed Underground,GC,2003,Racing,0.69
Naruto Shippuden: Ultimate Ninja Storm 2,PS3,2010,Fighting,0.42
Medal of Honor: Airborne,PS3,2007,Shooter,0.25
Battlefield: Hardline,XOne,2015,Shooter,0.72
Shrek / Shrek 2 2-in-1 Gameboy Advance Video,GBA,2007,Misc,0.87
Bayonetta,PS3,2009,Action,0.44
Test Drive 4,PS,1997,Racing,0.67
Boom Blox,Wii,2008,Puzzle,0.71
World Soccer Winning Eleven 9 (JP & Others sales),PSP,2005,Sports,0.01
The Lord of the Rings: The Fellowship of the Ring,PS2,2002,Action,0.59
The Sims 2: Castaway,Wii,2007,Simulation,0.44
FIFA Soccer 07,PSP,2006,Sports,0.25
ATV Offroad Fury 3,PS2,2004,Racing,1
F1 2011,PS3,2011,Racing,0.12
Farming Simulator 2015,PC,2014,Simulation,0.08
Pikmin 2,GC,2004,Strategy,0.48
NFL 2K,DC,1999,Sports,1.12
SolarStriker,GB,1989,Shooter,0.4
TwinBee,NES,1986,Shooter,0
Ganbare Goemon! Karakuri Douchuu,NES,1986,Platform,0
Dragon Ball Z: La Legende Saien,SNES,1993,Fighting,0
Enter the Matrix,XB,2003,Action,0.72
Cars,PSP,2006,Racing,0.72
NHL 2002,PS2,2001,Sports,0.59
FIFA Soccer 11,PSP,2010,Sports,0.13
Nuclear Strike,PS,1997,Simulation,0.66
The Simpsons: Road Rage,GBA,2003,Racing,0.86
LEGO Batman 2: DC Super Heroes,PS3,2012,Action,0.5
Captain Toad: Treasure Tracker,WiiU,2014,Puzzle,0.53
SpongeBob SquarePants: Revenge of the Flying Dutchman,GBA,2002,Platform,0.92
Pro Evolution Soccer 2008,Wii,2008,Sports,0.09
Destiny: The Taken King,XOne,2015,Shooter,0.85
Scarface: The World is Yours,PS2,2006,Action,0.99
Disney's Chip 'n Dale: Rescue Rangers,NES,1990,Platform,0.68
Kobe Bryant in NBA Courtside,N64,1998,Sports,1.02
The Dukes of Hazzard: Racing for Home,PS,1999,Racing,0.99
Hitman 2: Silent Assassin,XB,,Action,0.76
Disney Sing It,Wii,2008,Misc,0.77
WWE SmackDown vs Raw 2008,PSP,2007,Fighting,0.45
Spider-Man: The Movie,GC,2002,Action,0.86
Final Fantasy I & II: Dawn of Souls,GBA,2004,Role-Playing,0.64
Mario vs. Donkey Kong 2: March of the Minis,DS,2006,Puzzle,0.73
Metal Gear Solid: Portable Ops,PSP,2006,Action,0.38
Metal Gear Solid VR Missions,PS,1999,Adventure,0.66
LEGO Indiana Jones 2: The Adventure Continues,DS,2009,Action,0.65
Mario & Sonic at the London 2012 Olympic Games,3DS,2012,Sports,0.18
Pole Position,2600,1982,Racing,1.1
Injustice: Gods Among Us,PS3,2013,Fighting,0.48
Mario Tennis,GB,2000,Sports,0.5
Shenmue,DC,1999,Adventure,0.52
Pro Yakyuu Family Stadium '88,NES,1988,Sports,0.1
Just Dance 4,X360,2012,Misc,0.9
Tony Hawk's Pro Skater 2,GBA,2001,Sports,0.85
One Piece: Pirate Warriors,PS3,2012,Action,0.01
Super Ghouls 'n Ghosts,SNES,1991,Platform,0.5
Soviet Strike,PS,1996,Simulation,0.65
Gun,PS2,2005,Shooter,0.98
Ty the Tasmanian Tiger,PS2,2002,Platform,0.57
Resident Evil: Operation Raccoon City,PS3,2012,Action,0.48
Mega Man 3,NES,1990,Platform,0.68
LEGO Indiana Jones: The Original Adventures,PSP,2008,Action,0.4
PokéPark Wii: Pikachu's Adventure,Wii,2009,Adventure,0.53
WWE '12,PS3,2011,Fighting,0.53
Mad Max (2015),PS4,2015,Action,0.36
Romancing SaGa 2,SNES,1993,Role-Playing,0
Mission: Impossible,N64,1997,Action,0.74
Cabela's Dangerous Hunts,PS2,2003,Sports,0.57
Grand Theft Auto V,PC,2015,Action,0.39
Fallout: New Vegas,PC,2010,Role-Playing,0.59
Cool Boarders 4,PS,1998,Sports,0.65
WWE SmackDown vs. Raw 2010,PS3,2009,Fighting,0.48
Rage Racer,PS,1996,Racing,0.16
Medal of Honor: Rising Sun,XB,2003,Shooter,0.76
Army of Two,PS3,2008,Shooter,0.74
Spore,PC,2008,Strategy,0.03
Destruction Derby 2,PS,1996,Racing,0.65
Mario vs. Donkey Kong,GBA,2004,Puzzle,0.68
LEGO Star Wars III: The Clone Wars,PS3,2011,Action,0.52
Midnight Club 3: DUB Edition Remix,PS2,2006,Racing,0.97
Tom Clancy's Ghost Recon: Jungle Storm,PS2,2004,Shooter,0.57
Bushido Blade,PS,1997,Fighting,0.39
Mirror's Edge,X360,2008,Platform,0.51
Sonic the Hedgehog,PS3,2006,Platform,0.41
NASCAR Thunder 2002,PS2,2001,Racing,0.57
Yu-Gi-Oh! The Sacred Cards (American and Others sales),GBA,2002,Role-Playing,0.84
Sega Rally Championship,SAT,1995,Racing,0.21
Jet Force Gemini,N64,1999,Shooter,0.78
Mega Man X,SNES,1993,Platform,0.57
Test Drive: Off Road,PS,1997,Racing,0.65
Your Shape: Fitness Evolved 2012,X360,2011,Sports,0.7
FIFA 14,XOne,2013,Sports,0.41
Final Fantasy Tactics: The War of the Lions,PSP,2007,Role-Playing,0.45
LEGO Star Wars: The Video Game,XB,2005,Action,0.83
Sniper: Ghost Warrior,X360,2010,Shooter,0.54
Sonic Rush Adventure,DS,2007,Platform,0.53
Worldwide Soccer Manager 2009,PC,2008,Simulation,0
Gauntlet: Dark Legacy,PS2,2001,Action,0.56
Medal of Honor Heroes 2,PSP,2007,Shooter,0.5
Bad Boys: Miami Takedown,PS2,2004,Shooter,0.56
Wario Land: Shake It!,Wii,2008,Platform,0.59
Football Manager 2013,PC,2012,Sports,0
Kaboom!,2600,1980,Misc,1.07
Medal of Honor: Warfighter,X360,2012,Action,0.59
Qix,GB,1990,Puzzle,0.51
Derby Stallion III,SNES,1995,Sports,0
Doraemon,NES,1986,Action,0
High School Musical 2: Work This Out!,DS,2008,Misc,0.5
FIFA Soccer 10,PSP,2009,Sports,0.15
Donkey Konga,GC,2003,Misc,0.5
Call of Duty 4: Modern Warfare,PC,2007,Shooter,0
Dragon Quest I & II,SNES,1993,Role-Playing,0
Tak and the Power of Juju,PS2,2003,Platform,0.56
WWE 2K15,PS4,2014,Sports,0.39
Asteroids,PS,1998,Shooter,0.64
Puyo Puyo Sun Ketteiban,PS,1997,Puzzle,0
Action Bass,PS,2000,Action,0.64
Tenchu: Wrath of Heaven,PS2,2003,Action,0.44
Shadow of the Colossus,PS2,2005,Action,0.78
Brave Fencer Musashi,PS,1998,Role-Playing,0.25
Ninja Gaiden Sigma,PS3,2007,Action,0.57
WWE 2K14,PS3,2013,Sports,0.49
Pokemon Rumble Blast,3DS,2011,Action,0.47
007: Quantum of Solace,PS3,2008,Action,0.43
Dance Dance Revolution Extreme 2,PS2,2005,Simulation,0.95
Resident Evil - Code: Veronica,DC,2000,Action,0.41
Super R.C. Pro-Am,GB,1991,Racing,0.58
South Park,N64,1998,Shooter,0.9
Commando,NES,1986,Action,0.71
Pilotwings,SNES,1990,Simulation,0.46
The Lord of the Rings: The Return of the King,XB,2003,Action,0.71
LEGO Star Wars: The Video Game,GBA,2005,Action,0.82
Hot Shots Golf: Out of Bounds,PS3,2007,Sports,0.31
Royal Palace of White Sword and The City of Gentiles,PS2,2005,Role-Playing,0
Red Dead Redemption: Undead Nightmare,PS3,2010,Action,0.45
Ratchet & Clank: All 4 One,PS3,2011,Platform,0.75
Sunset Overdrive,XOne,2014,Shooter,0.63
Mobile Suit Gundam: Federation vs. Zeon,PS2,2001,Simulation,0.12
Need for Speed Underground 2,GC,2004,Racing,0.7
Naruto Shippuden: Ultimate Ninja Storm 4,PS4,2016,Fighting,0.41
MechAssault,XB,2002,Simulation,1.01
EA Sports Active: More Workouts,Wii,2009,Sports,0.76
Derby Stallion 99,PS,1999,Sports,0
Cars,GBA,2006,Racing,0.81
Watch Dogs 2,PS4,2016,Action,0.37
LEGO Star Wars III: The Clone Wars,3DS,2011,Action,0.61
Tom Clancy's Rainbow Six 3: Black Arrow,XB,2004,Shooter,0.99
Donkey Kong,NES,1983,Platform,0.23
Mirror's Edge,PS3,2008,Platform,0.31
Guitar Hero 5,X360,2009,Misc,0.65
Alien: Isolation,PS4,2014,Shooter,0.34
Jampack Winter '98,PS,1998,Misc,0.63
Fantasy Life,3DS,2012,Role-Playing,0.33
Pokémon Mystery Dungeon: Red Rescue Team (US weekly sales),GBA,2005,Role-Playing,0.81
SingStar,PS3,2007,Misc,0.45
The Legend of Zelda: Tri Force Heroes,3DS,2015,Action,0.53
Moon Patrol,2600,1982,Shooter,1.05
Supercar Street Challenge,PS2,2001,Racing,0.55
Pilotwings 64,N64,1996,Simulation,0.56
Rabbids Go Home,Wii,2009,Platform,0.25
ModNation Racers,PS3,2010,Racing,0.5
SOCOM: U.S. Navy SEALs Fireteam Bravo,PSP,2005,Shooter,1.03
Rocksmith,PS3,2011,Misc,0.53
Call Of Duty 2: Big Red One,XB,2005,Shooter,0.66
Yoshi's Cookie,NES,1992,Puzzle,0.41
Rocksmith,X360,2011,Misc,0.84
Guitar Hero 5,PS2,2009,Misc,0.28
Worldwide Soccer Manager 2008,PC,2007,Sports,0
Yakuza 3,PS3,2009,Action,0.21
Persona 4: Golden,PSV,2012,Role-Playing,0.36
Spider-Man 2,XB,2004,Action,0.82
Crackdown 2,X360,2010,Shooter,0.63
The Beatles: Rock Band,PS3,2009,Misc,0.67
Dragon Age II,X360,2011,Action,0.72
Counter-Strike,XB,2003,Shooter,0.85
"Transformers: The Game (XBox 360, PS2, PS3, Wii & PC Versions)",PS2,2007,Action,0.63
Guitar Hero Encore: Rocks The 80s,PS2,2007,Misc,0.92
Fight Night Champion,PS3,2011,Fighting,0.45
Rock Band,PS2,,Misc,0.71
Tom Clancy's Splinter Cell: Chaos Theory,XB,2005,Action,0.68
NBA Jam Tournament Edition,GEN,1994,Sports,0.95
Donkey Kong Jr.,NES,1983,Platform,0.33
Arc the Lad,PS,1995,Role-Playing,0
Legend of Mana,PS,1999,Role-Playing,0.18
Pikmin 3,WiiU,2013,Strategy,0.44
WWE 2K14,X360,2013,Sports,0.64
Dragon Ball: XenoVerse,PS4,2015,Fighting,0.3
Lumines: Puzzle Fusion,PSP,2004,Puzzle,0.52
Megamania,2600,1981,Shooter,1.03
Jungle Hunt,2600,1982,Platform,1.03
Castlevania: Lords of Shadow,PS3,2010,Action,0.5
Triple Play 98,PS,1997,Sports,0.61
Plants vs. Zombies,DS,2011,Strategy,0.9
Lode Runner,NES,1984,Puzzle,0
The Final Fantasy Legend,GB,1989,Role-Playing,0
Famicom Jump: Eiyuu Retsuden,NES,1989,Role-Playing,0
F-Zero X,N64,1998,Racing,0.45
Popeye,NES,1983,Platform,0.51
Yu-Gi-Oh! Duel Monsters II: Dark Duel Stories,GB,1999,Strategy,0
Omerta: City of Gangsters,PS3,2011,Simulation,0.52
NBA Live 2001,PS2,2001,Sports,0.52
SingStar Legends,PS2,2006,Misc,0.12
SingStar Rocks!,PS2,2006,Misc,0
Tales of Symphonia,GC,2003,Role-Playing,0.54
LEGO City Undercover,WiiU,2013,Platform,0.47
Need for Speed: ProStreet,Wii,2007,Racing,0.53
GRID,PS3,2008,Racing,0.31
Medal of Honor: Airborne,X360,2007,Shooter,0.45
Star Ocean: The Second Story,PS,1998,Role-Playing,0.26
Petz Dogz 2,DS,2007,Simulation,0.46
NCAA Football 14,X360,2013,Sports,1.01
Yakuza 2,PS2,2006,Adventure,0.05
Guitar Hero 5,PS3,2009,Misc,0.53
Dragon Ball Z: The Legacy of Goku II,GBA,2003,Role-Playing,0.78
NERF N-Strike,Wii,2008,Shooter,0.91
NFL 2K1,DC,2000,Sports,1.02
BeatMania,PS,1998,Simulation,0
Untold Legends: Brotherhood of the Blade,PSP,2005,Role-Playing,0.54
Project CARS,PS4,2015,Racing,0.2
Madden NFL 2004,XB,2003,Sports,1.02
Sonic and the Black Knight,Wii,2009,Platform,0.64
The Godfather,PS2,2006,Action,0.89
Sonic Free Riders,X360,2010,Racing,0.74
Star Wars: Bounty Hunter,PS2,2002,Shooter,0.53
Densha De Go!,PS,1997,Simulation,0
WWE SmackDown vs. Raw 2011,PS3,2010,Fighting,0.44
LEGO Star Wars III: The Clone Wars,DS,2011,Action,0.61
NCAA Football 13,X360,2012,Action,1.02
Skate 2,X360,2009,Sports,0.82
NFL Blitz 2000,PS,1998,Sports,0.6
NASCAR Thunder 2004,PS2,2003,Racing,0.53
SpongeBob SquarePants: Revenge of the Flying Dutchman,PS2,2002,Platform,0.53
Imagine: Babysitters,DS,2008,Simulation,0.63
Namco Museum Battle Collection,PSP,2005,Misc,0.75
Fisherman's Bass Club,PS2,2002,Sports,0.53
Empire: Total War,PC,2009,Strategy,0.01
Virtua Fighter 5,PS3,2007,Fighting,0.29
Dante's Inferno,PS3,2010,Action,0.64
Toy Story 3: The Video Game,PS3,2010,Action,0.51
Joust,2600,1982,Platform,1.01
Tom Clancy's Ghost Recon 2,PS2,2004,Shooter,0.64
Final Fantasy XIV: A Realm Reborn,PS3,2013,Role-Playing,0.37
Forza Horizon 3,XOne,2016,Racing,0.42
Disney Infinity 2.0: Marvel Super Heroes,X360,2014,Action,0.64
Ready 2 Rumble Boxing,PS,1998,Sports,0.6
Star Wars: The Force Unleashed,PSP,2008,Action,0.43
Dragon Ball Z: Taiketsu,GBA,2003,Fighting,0.77
Disney's Lilo & Stitch,GBA,2002,Platform,0.77
Star Fox: Assault,GC,2005,Shooter,0.68
Plants vs. Zombies: Garden Warfare,X360,2014,Shooter,0.51
The Simpsons Game,PSP,2007,Action,0.24
Doko Demo Issyo,PS,1999,Misc,0
LEGO Star Wars II: The Original Trilogy,DS,2006,Action,0.96
Call of Duty 3,PS2,2006,Shooter,0.89
FIFA Soccer 11,Wii,2010,Sports,0.26
Imagine: Fashion Designer New York,DS,2008,Simulation,0.65
Prince of Persia,PS3,2008,Action,0.47
Championship Manager 99/00,PC,1999,Sports,0
Virtua Fighter,SAT,1994,Fighting,0.17
WWE SmackDown vs. Raw 2010,PS2,2009,Fighting,0.53
The Biggest Loser,Wii,2009,Sports,0.86
Marvel vs. Capcom 3: Fate of Two Worlds,X360,2011,Fighting,0.79
Tomb Raider: Underworld,X360,2008,Action,0.53
NHL 99,PS,1997,Sports,0.59
Pro Evolution Soccer 2008,X360,2007,Sports,0.08
SoulCalibur III,PS2,2005,Fighting,0.74
Tiger Woods PGA Tour 10,Wii,2009,Sports,0.6
MySims Agents,DS,2009,Adventure,0.54
Ridge Racer Revolution,PS,1995,Racing,0.17
World Tour Soccer,PSP,2005,Sports,0.1
Naruto: Ultimate Ninja Storm,PS3,2008,Fighting,0.49
Red Dead Redemption: Undead Nightmare,X360,2010,Action,0.57
Lightning Returns: Final Fantasy XIII,PS3,2013,Role-Playing,0.31
Hot Wheels Turbo Racing,PS,1999,Racing,0.59
NCAA Football 99,PS,1998,Sports,0.59
Mortal Kombat: Armageddon,PS2,2006,Fighting,0.88
Freekstyle,PS2,2002,Racing,0.52
Grand Theft Auto: Chinatown Wars,PSP,2009,Action,0.28
Spore Creatures,DS,2008,Simulation,0.66
The Orange Box,PS3,2007,Shooter,0.28
Simple 1500 Series Vol. 1: The Mahjong,PS,1998,Misc,0
DJ Hero,X360,2009,Misc,0.56
Bully: Scholarship Edition,X360,2008,Action,0.53
NBA Street V3,PS2,2005,Sports,0.52
Worms Armageddon,PS,1999,Strategy,0.18
Hulk,PS2,2003,Action,0.52
Overwatch,XOne,2016,Shooter,0.63
NFL Quarterback Club 98,N64,1997,Sports,1.01
NFL Blitz,N64,1998,Sports,1.02
Aliens vs Predator,X360,2010,Shooter,0.55
Skylanders Giants,PS3,2012,Action,0.36
Diablo II: Lord of Destruction,PC,2001,Role-Playing,1.03
Endless Ocean,Wii,2007,Adventure,0.43
Spider-Man 2,GBA,2004,Action,0.76
Seek and Destroy,PS2,2002,Racing,0.52
Darksiders,X360,2010,Action,0.67
Mercenaries 2: World in Flames,X360,2008,Shooter,0.65
LEGO Marvel Super Heroes,XOne,2013,Action,0.61
Warhawk,PS3,2007,Simulation,0.49
DiRT 3,PS3,2011,Racing,0.27
Sega Superstars Tennis,Wii,2008,Sports,0.28
DiRT,PS3,2007,Racing,0.16
Call of Duty 4: Modern Warfare,DS,2007,Shooter,0.95
Cosmic Ark,2600,1981,Shooter,0.99
Resident Evil: The Darkside Chronicles,Wii,2009,Action,0.46
SOCOM: U.S. Navy SEALs Fireteam Bravo 2,PSP,2006,Shooter,0.81
Defender,2600,1980,Misc,0.99
Dora the Explorer: Dora Saves the Mermaids,DS,2007,Platform,0.97
Arc the Lad II,PS,1996,Role-Playing,0
Tag Team Match M.U.S.C.L.E.,NES,1985,Fighting,0
Derby Stallion 96,SNES,1996,Sports,0
Adventure Island,NES,1986,Platform,0
NBA 2K3,PS2,2002,Sports,0.51
LEGO The Lord of the Rings,PS3,2012,Action,0.37
The Simpsons: Road Rage,XB,2001,Racing,0.78
Dave Mirra Freestyle BMX,PS,2000,Sports,0.91
EA Sports UFC,PS4,2014,Sports,0.46
Forza Motorsport,XB,2005,Racing,0.52
Virtua Tennis 3,PS3,2007,Sports,0.23
Monster Rancher 2,PS,1998,Simulation,0.19
MVP Baseball 2003,PS2,2003,Sports,0.51
Imagine: Animal Doctor,DS,2007,Simulation,0.45
Legacy of Kain: Soul Reaver,PS,,Action,0.58
WWE SmackDown vs. Raw 2010,X360,2009,Fighting,0.56
Tales of Destiny,PS,1997,Role-Playing,0.09
Sleeping Dogs,PS3,2012,Action,0.31
ATV: Quad Power Racing,PS,2000,Racing,0.58
Mega Man X4,PS,1996,Action,0.45
Naruto: Clash of Ninja 2,GC,2003,Fighting,0.44
Dance Dance Revolution SuperNOVA,PS2,2006,Simulation,0.87
Aliens vs Predator,PS3,2010,Shooter,0.41
Bomberman 64,N64,1997,Puzzle,0.5
Jeremy McGrath Supercross 98,PS,1998,Racing,0.91
F-Zero: Maximum Velocity,GBA,2001,Racing,0.39
Sonic the Hedgehog,X360,2006,Platform,0.44
Sonic & Sega All-Stars Racing,DS,2010,Racing,0.43
Need for Speed: Most Wanted,XB,2005,Racing,0.53
The Simpsons Game,X360,2007,Action,0.54
F1 2012,PS3,2012,Racing,0.12
Brink,X360,2011,Shooter,0.59
MX vs. ATV Unleashed,PS2,2005,Racing,0.86
WipEout Pure,PSP,2005,Racing,0.47
UFC Undisputed 3,PS3,2012,Action,0.55
LEGO Pirates of the Caribbean: The Video Game,X360,2011,Action,0.54
Tom Clancy's Ghost Recon Advanced Warfighter 2,PS3,2007,Shooter,0.34
Super Princess Peach,DS,2005,Platform,0.7
Guinness World Records: The Videogame,Wii,2008,Action,0.46
NCAA March Madness 2004,PS2,2003,Sports,0.5
Donkey Kong Land III,GB,,Platform,0.68
Bomberman,NES,1985,Puzzle,0.18
The Legend of Zelda: Twilight Princess HD,WiiU,2016,Action,0.56
LEGO Indiana Jones: The Original Adventures,PS3,2008,Action,0.44
Tomb Raider,PC,1996,Action,0.96
Street Fighter Alpha 3,PS,1998,Fighting,0.38
MySims Agents,Wii,2009,Adventure,0.61
Junior Brain Trainer,DS,2008,Misc,0.23
MotorStorm: Arctic Edge,PSP,2009,Racing,0.16
FIFA Soccer 08,Wii,2007,Sports,0.32
ZhuZhu Pets,DS,2010,Simulation,0.67
Tiger Woods PGA Tour 08,Wii,2007,Sports,0.93
Dragon Ball Z: Budokai Tenkaichi 3,Wii,2007,Fighting,0.32
Shrek 2,GC,2004,Platform,0.73
NBA 2K17,XOne,2016,Sports,0.86
Tom Clancy's Ghost Recon Advanced Warfighter 2,X360,2007,Shooter,0.87
Sonic Unleashed,PS3,2008,Platform,0.56
Final Fight 2,SNES,1993,Action,0.39
The Lost World: Jurassic Park,PS,1997,Action,0.57
Disney Universe,Wii,2011,Action,0.64
Dance on Broadway,Wii,2010,Misc,0.25
LEGO Indiana Jones 2: The Adventure Continues,X360,2009,Action,0.62
Petz: Catz 2,DS,2007,Simulation,0.51
Bulletstorm,X360,2011,Shooter,0.61
Skylanders SWAP Force,PS3,2013,Platform,0.43
Madden NFL 07,XB,2006,Sports,0.97
Sonic Generations,3DS,2011,Platform,0.44
Rock Band 2,Wii,2008,Misc,0.93
Harry Potter and the Prisoner of Azkaban,PS2,2004,Action,0.5
Pokemon Conquest,DS,2012,Role-Playing,0.56
Wall-E,Wii,2008,Platform,0.51
Pong: The Next Level,PS,1998,Puzzle,0.56
Naruto: Clash of Ninja Revolution,Wii,2007,Fighting,0.44
Disney Fairies: Tinker Bell and the Lost Treasure,DS,2009,Adventure,0.56
Ace Combat 6: Fires of Liberation,X360,2007,Simulation,0.69
The Simpsons Game,Wii,2007,Action,0.45
NBA Jam Tournament Edition,SNES,1995,Sports,0.87
Championship Manager 3,PC,2003,Sports,0
Need for Speed: Most Wanted,PSV,2012,Racing,0.33
Ninja Gaiden II,X360,2008,Action,0.65
Assassin's Creed: Rogue,X360,2014,Action,0.58
Rayman Legends,PS4,2014,Platform,0.22
Oshare Majo Love and Berry: DS Collection,DS,2006,Misc,0
Prince of Persia,X360,2008,Action,0.54
Monster Rancher,PS,1997,Simulation,0.12
ZombiU,WiiU,2012,Action,0.52
Pokken Tournament,WiiU,2016,Fighting,0.5
Ford Racing 2,PS2,2003,Racing,0.49
Breath of Fire III,PS,1997,Role-Playing,0.29
NERF N-Strike Elite,Wii,2009,Shooter,0.93
God of War: Ghost of Sparta,PSP,2010,Action,0.41
Dead or Alive 2,PS2,2000,Fighting,0.3
1942,NES,1985,Shooter,0.65
Game & Watch Gallery,GB,1997,Misc,0.63
Excitebike 64,N64,2000,Racing,0.65
NES Open Tournament Golf,NES,1991,Sports,0.41
Jissen Pachi-Slot Hisshouhou: Hokuto no Ken,PS2,2004,Misc,0
SoulCalibur II,XB,2003,Fighting,0.78
PES 2009: Pro Evolution Soccer,X360,2008,Sports,0.13
Winning Eleven: Pro Evolution Soccer 2007 (All Region sales),X360,2006,Sports,0.08
Road & Track Presents: The Need for Speed,PS,1995,Racing,0.56
NFL GameDay 2001,PS,2000,Sports,0.56
NBA Live 97,PS,1996,Sports,0.55
Dynasty Warriors 3: Xtreme Legends,PS2,2002,Action,0.13
Rayman Origins,PS3,2011,Platform,0.33
Jampack Winter 2000,PS,2000,Misc,0.55
NFL Fever 2002,XB,2000,Sports,0.74
Just Dance 2014,X360,2013,Misc,0.72
NCAA Football 12,X360,2011,Sports,0.94
The Simpsons: Hit & Run,GC,2003,Racing,0.77
UFC Undisputed 3,X360,2012,Action,0.72
Kirby: Mass Attack,DS,2011,Platform,0.48
Haze,PS3,2008,Shooter,0.49
Oddworld: Abe's Exoddus,PS,1998,Platform,0.55
The Bouncer,PS2,2000,Action,0.3
DiRT 2,PS3,2009,Racing,0.27
Guitar Hero: Aerosmith,PS3,2008,Misc,0.73
Shadow The Hedgehog,GC,2005,Platform,0.76
EyePet,PS3,2009,Simulation,0.35
Apollo Justice: Ace Attorney,DS,2007,Adventure,0.28
Ace Combat X: Skies of Deception,PSP,2006,Simulation,0.37
Dark Souls,X360,2011,Role-Playing,0.64
Cars: Race-O-Rama,Wii,2009,Racing,0.61
Puzzler Collection,DS,2008,Puzzle,0.16
Midnight Club: LA Remix,PSP,2008,Racing,0.52
Pro Evolution Soccer 2008,PSP,2008,Sports,0.02
Littlest Pet Shop: Winter,DS,2008,Simulation,0.58
Final Fantasy Type-0,PS4,2015,Role-Playing,0.37
FIFA Soccer 10,Wii,2009,Sports,0.23
Tales of Graces f,PS3,2010,Role-Playing,0.28
Fallout 3,PC,2008,Role-Playing,0.02
Mario Party Advance,GBA,2005,Misc,0.5
Tetris 2,NES,1993,Puzzle,0.62
Zoo Tycoon DS,DS,2005,Strategy,0.86
NASCAR 99,N64,1998,Racing,0.94
WWE SmackDown vs Raw 2008,Wii,2007,Fighting,0.38
Air-Sea Battle,2600,,Shooter,0.91
Dead Space 3,X360,2013,Action,0.64
Suikoden III,PS2,,Role-Playing,0.29
Rocksmith 2014,PS3,2013,Misc,0.53
Tom Clancy's Splinter Cell: Blacklist,X360,2013,Action,0.57
Madden NFL 10,PS2,2009,Sports,0.88
NBA 2K10,X360,2009,Sports,0.88
NCAA Football 06,XB,2005,Sports,0.73
Madden NFL 16,X360,2015,Sports,0.85
Grand Theft Auto: San Andreas,PC,2005,Action,0
Madden NFL 08,PS3,2007,Sports,0.89
Fire Emblem,GBA,2003,Strategy,0.49
Brutal Legend,X360,2009,Action,0.62
Disney Infinity,PS3,2013,Action,0.49
Tamagotchi Connection: Corner Shop 2,DS,2006,Simulation,0.09
NHL 2004,PS2,2003,Sports,0.47
Grand Theft Auto: Vice City Stories,PS2,2007,Action,0.78
Disney Tangled,DS,2010,Action,0.53
Wheel of Fortune,Wii,2010,Misc,0.86
FIFA Soccer 2005,XB,2004,Sports,0.33
Mass Effect 3,PC,2012,Role-Playing,0.4
Cars,DS,2006,Racing,0.85
Band Hero,Wii,2009,Misc,0.59
Romancing SaGa,SNES,1992,Role-Playing,0
Skylanders: Spyro's Adventure,X360,2011,Action,0.53
Donkey Kong Junior,2600,1981,Platform,0.9
LEGO Harry Potter: Years 5-7,X360,,Action,0.51
LEGO Star Wars II: The Original Trilogy,GC,2006,Action,0.75
Medal of Honor: Underground,PS,2000,Shooter,0.54
Dark Cloud 2,PS2,2002,Role-Playing,0.38
Far Cry 3,PC,2012,Shooter,0.22
Evolve,PS4,2015,Shooter,0.36
Dead Space 3,PS3,2013,Action,0.44
Dragon Quest X,Wii,2012,Role-Playing,0
Jampack Summer '99,PS,1999,Misc,0.54
Dance Dance Revolution 2nd ReMIX,PS,1999,Simulation,0
Mortal Kombat Trilogy,N64,1996,Fighting,0.72
Star Soldier,NES,1986,Shooter,0.32
NHL 2001,PS2,2000,Sports,0.47
Farming Simulator 2013,PC,2012,Simulation,0
Guitar Hero: Warriors of Rock,Wii,2010,Misc,0.47
de Blob,Wii,2008,Platform,0.49
Dragon Quest Monsters: Terry's Wonderland 3D,3DS,2012,Role-Playing,0
Shinobi,PS2,2002,Platform,0.36
Mortal Kombat: Deadly Alliance,XB,2002,Fighting,0.77
The Witcher 2: Assassins of Kings,PC,2011,Action,0.25
Sniper Elite V2,PS3,2012,Shooter,0.38
ESPN NBA 2K5,XB,2004,Sports,0.88
Gangs of London,PSP,2006,Adventure,0.3
Mario Tennis Open,3DS,2012,Sports,0.26
PilotWings Resort,3DS,2011,Simulation,0.4
Wheel of Fortune,PS2,,Misc,0.47
World Championship Poker,PS2,2004,Misc,0.8
My Weight Loss Coach,DS,2008,Sports,0.3
Tom Clancy's Splinter Cell: Chaos Theory,PS2,2005,Action,0.36
Sonic Unleashed,X360,2008,Platform,0.54
SpongeBob SquarePants: Battle for Bikini Bottom,GC,2003,Platform,0.74
Disney Infinity 2.0: Marvel Super Heroes,PS3,2014,Action,0.46
PlayStation All-Stars Battle Royale,PS3,2012,Action,0.5
Scooby-Doo! First Frights,Wii,2009,Action,0.84
Epic Mickey 2: The Power of Two,Wii,2012,Action,0.67
Mega Man Star Force Dragon / Leo / Pegasus,DS,2006,Action,0.39
Pro Evolution Soccer 2014,PS3,2013,Action,0.03
Yakuza 4,PS3,,Action,0.15
Wild ARMs,PS,1996,Role-Playing,0.26
Tom Clancy's Ghost Recon: Future Soldier,PS3,2012,Shooter,0.41
Kessen,PS2,2000,Strategy,0.27
Driver: San Francisco,PS3,2011,Racing,0.24
Yu-Gi-Oh! Worldwide Edition: Stairway to the Destined Duel,GBA,2003,Misc,0.68
NCAA Football 2000,PS,1999,Sports,0.53
Ben 10: Alien Force,DS,2008,Action,0.65
Army of Two: The 40th Day,X360,2010,Shooter,0.62
Sonic & Sega All-Stars Racing,PS3,2010,Racing,0.36
Just Dance 2016,Wii,2015,Misc,0.41
Skylanders: Trap Team,Wii,2014,Action,0.41
Lost Planet 2,PS3,2010,Shooter,0.29
LEGO Pirates of the Caribbean: The Video Game,PS3,2011,Action,0.36
NBA 2K16,X360,2015,Sports,0.79
Killzone,PS2,2004,Shooter,0.79
Colin McRae Rally 04,PS2,2003,Racing,0.01
Club Penguin: Game Day!,Wii,2010,Sports,0.54
The SpongeBob SquarePants Movie,GC,2004,Platform,0.73
Star Fox 64 3D,3DS,2011,Shooter,0.48
Midway Presents Arcade's Greatest Hits: The Atari Collection 1,PS,1996,Misc,0.52
Castlevania: Lament of Innocence,PS2,2003,Action,0.46
Rocksmith 2014,X360,2013,Misc,0.69
Tom Clancy's Splinter Cell: Blacklist,PS3,2013,Action,0.34
Destroy All Humans!,PS2,2005,Shooter,0.78
Skylanders: Spyro's Adventure,PS3,2011,Action,0.39
MVP Baseball 2005,XB,2005,Sports,0.7
SaGa Frontier 2,PS,1999,Role-Playing,0.1
Phantasy Star Portable,PSP,2008,Role-Playing,0.19
WWE SmackDown vs. Raw 2009,PS3,2008,Fighting,0.51
NCAA Football 10,X360,2009,Sports,0.87
Brutal Legend,PS3,2009,Action,0.54
Tony Hawk: RIDE,Wii,2009,Sports,0.69
MLB 2000,PS,1999,Sports,0.52
Bully,PS2,2006,Action,0.75
Rise of the Tomb Raider,PS4,2016,Adventure,0.23
Prince of Persia: The Sands of Time,XB,2003,Action,0.57
Hot Shots Golf Fore!,PS2,2003,Sports,0.46
MLB 06: The Show,PS2,2006,Sports,0.78
NHL 2003,PS2,2002,Sports,0.46
Naruto Shippuden: Ultimate Ninja Storm 3,PS3,2013,Fighting,0.32
EA Sports UFC 2,PS4,2016,Sports,0.29
The Sims 2,DS,2005,Simulation,0.81
Bentley's Hackpack,GBA,2005,Misc,0.67
Tony Hawk's Pro Skater 4,XB,2002,Sports,0.59
Dragon Age: Inquisition,XOne,2014,Role-Playing,0.56
White Knight Chronicles: International Edition,PS3,2008,Role-Playing,0.33
SingStar Abba,PS3,2008,Misc,0.27
Crash City Mayhem,GBA,2004,Racing,0.67
Spider-Man,2600,1981,Action,0.87
Kirby: Planet Robobot,3DS,2016,Action,0.28
Toy Story 2: Buzz Lightyear to the Rescue!,N64,1999,Platform,0.71
Castlevania II: Simon's Quest,NES,1987,Platform,0.45
Mega Man 4,NES,1991,Platform,0.51
Guitar Hero: Metallica,Wii,2009,Misc,0.4
Teenage Mutant Ninja Turtles,GBA,2003,Action,0.67
Bayonetta,X360,2009,Action,0.51
MLB 07: The Show,PS2,2007,Sports,0.77
Cars,GC,2006,Racing,0.72
Build-A-Bear Workshop,DS,2007,Simulation,0.85
Kingdom Hearts Re:coded,DS,2010,Role-Playing,0.53
Operation Flashpoint: Dragon Rising,X360,2009,Shooter,0.36
Inazuma Eleven 3,DS,2010,Role-Playing,0
Lego Batman 3: Beyond Gotham,PS4,2014,Action,0.37
Wipeout: In The Zone,X360,2011,Misc,0.87
SnoCross Championship Racing,PS,1999,Racing,0.52
Brothers in Arms: Hell's Highway,PS3,2008,Shooter,0.44
The LEGO Movie Videogame,PS3,2014,Action,0.33
Assassin's Creed III,PC,2012,Action,0.28
Borderlands 2,PC,2012,Shooter,0.42
Teenage Mutant Ninja Turtles,PS2,2003,Action,0.45
Disney Magical World,3DS,2013,Adventure,0.17
Top Gun: Combat Zones,PS2,2001,Simulation,0.45
NCAA Football 11,X360,2010,Sports,0.86
007: The World is not Enough,PS,2000,Action,0.51
Cars,Wii,2006,Racing,0.83
Monster High: Ghoul Spirit,DS,2011,Misc,0.69
Phoenix Wright: Ace Attorney,DS,2005,Adventure,0.44
MLB 15: The Show,PS4,2015,Sports,0.68
South Park: The Stick of Truth,PS3,2014,Role-Playing,0.43
South Park: The Stick of Truth,X360,2014,Role-Playing,0.58
NHL 98,PS,1997,Sports,0.51
Space Jam,PS,1996,Sports,0.51
Balloon Fight,NES,1985,Platform,0.39
Knockout Kings 2000,N64,1999,Fighting,0.63
MLB 12: The Show,PS3,2012,Sports,0.86
SpongeBob SquarePants: The Yellow Avenger,PSP,2006,Action,0.55
Dante's Inferno,X360,2010,Action,0.63
Wii Play: Motion,Wii,2011,Misc,0.23
WWE SmackDown vs. Raw 2009,X360,2008,Fighting,0.58
Sonic Riders,GC,2006,Racing,0.71
Starsky & Hutch,PS2,2003,Racing,0.45
Tobal No.1,PS,1996,Fighting,0.12
Blue Dragon,X360,2006,Role-Playing,0.3
Buzz! Quiz World,PS3,2009,Misc,0.16
Harvest Moon 3D: A New Beginning,3DS,2012,Action,0.41
Kung Fu Panda,Wii,2008,Action,0.5
Street Hoops,PS2,2002,Sports,0.45
EA Sports Grand Slam Tennis,Wii,2009,Sports,0.28
EA Sports Active 2,PS3,2010,Sports,0.52
Nickelodeon Fit,Wii,2010,Sports,0.76
Knockout Kings 2002,PS2,2002,Sports,0.45
Injustice: Gods Among Us,PS4,2013,Fighting,0.46
Tom Clancy's EndWar,X360,2008,Strategy,0.58
LEGO Harry Potter: Years 5-7,PS3,,Action,0.36
Tokyo Xtreme Racer 3,PS2,2003,Racing,0.35
Xenoblade Chronicles,Wii,2010,Role-Playing,0.43
Assassin's Creed,PC,2008,Adventure,0.01
Glover,N64,1998,Platform,0.72
Colin McRae Rally 2.0,PS,2000,Racing,0.02
Dynasty Warriors 7,PS3,2011,Action,0.25
NBA 2K14,XOne,2013,Sports,0.7
Namco Museum,XB,,Misc,0.77
SSX,PS3,2012,Sports,0.35
Sonic Riders: Zero Gravity,Wii,2008,Racing,0.48
AMF Bowling Pinbusters!,Wii,2007,Sports,0.84
Super Momotarou Dentetsu III,SNES,1994,Simulation,0
Sonic Mega Collection Plus,XB,2004,Misc,0.61
Operation Flashpoint: Dragon Rising,PS3,2009,Shooter,0.23
Tiger Woods PGA Tour 2002,PS2,2002,Sports,0.44
Lost Odyssey,X360,2007,Role-Playing,0.45
Street Fighter V,PS4,2016,Fighting,0.4
Just Cause 3,XOne,2015,Action,0.44
Mini-Yonku Shining Scorpion: Let's & Go!!,SNES,1996,Racing,0
MLB 2005,PS2,2004,Sports,0.44
Marvel: Ultimate Alliance 2,X360,2009,Role-Playing,0.68
Burnout Revenge,PS2,2005,Racing,0.75
Crysis 3,X360,2013,Shooter,0.51
Far Cry 4,X360,2014,Shooter,0.45
The Witcher 2: Assassins of Kings,X360,2012,Action,0.48
Homefront,PS3,2011,Shooter,0.32
Destruction Derby,PS,1995,Racing,0.5
LEGO Jurassic World,PS4,2015,Action,0.32
Avatar: The Game,PS3,2009,Action,0.32
The Elder Scrolls Online,PC,2014,Role-Playing,0.32
3Xtreme,PS,1999,Action,0.5
Hot Shots Tennis,PS2,2006,Sports,0.17
MX vs. ATV Reflex,PS3,2009,Racing,0.52
Madden NFL 25,PS4,2013,Sports,0.63
Sonic Heroes,XB,2003,Platform,0.41
Madden NFL 99,N64,1998,Sports,0.84
Spider-Man 3,PS2,2007,Platform,0.74
James Bond 007: Agent Under Fire,XB,2002,Shooter,0.65
LEGO Pirates of the Caribbean: The Video Game,DS,2011,Action,0.34
LEGO Marvel Super Heroes,3DS,2013,Action,0.42
DJ Hero,PS3,2009,Misc,0.42
Skylanders: Trap Team,X360,2014,Action,0.54
X-Men Legends,XB,2004,Role-Playing,0.62
NBA Live 2005,XB,2004,Sports,0.81
Harry Potter: Quidditch World Cup,PS2,2003,Sports,0.44
LEGO The Lord of the Rings,Wii,2012,Action,0.48
Madagascar,GBA,2005,Platform,0.62
Blitz: The League,PS2,2005,Sports,0.74
The Biggest Loser: Ultimate Workout,X360,2010,Sports,0.73
Castlevania: Circle of the Moon,GBA,2001,Platform,0.6
SOCOM 4: U.S. Navy SEALs,PS3,2011,Shooter,0.66
Tiger Woods PGA Tour 06,PS2,2005,Sports,0.74
FIFA Street,X360,2012,Sports,0.17
Classic NES Series: The Legend of Zelda,GBA,2004,Adventure,0.46
Fire Emblem: The Sacred Stones,GBA,2004,Strategy,0.42
Cars 2,Wii,2011,Racing,0.43
TouchMaster 2,DS,2008,Puzzle,0.3
Pokemon Card GB2: Here Comes Team GR!,GB,2001,Strategy,0
MLB 16: The Show,PS4,2016,Action,0.72
Killzone: Liberation,PSP,2006,Shooter,0.44
Finding Nemo,GC,2003,Action,0.69
Lego Batman 3: Beyond Gotham,X360,2014,Action,0.48
Ace Combat 2,PS,1997,Simulation,0.16
NFL 2K2,PS2,2001,Sports,0.44
Pure,PS3,2008,Racing,0.42
We Ski & Snowboard,Wii,2008,Sports,0.38
Resistance: Retribution,PSP,2009,Shooter,0.27
Call of Duty: World at War,DS,2008,Shooter,0.56
Tiger Woods PGA Tour 12: The Masters,PS3,2011,Sports,0.52
CSI: Hard Evidence,Wii,2008,Adventure,0.36
MLB 2001,PS,2000,Sports,0.49
The Jak and Daxter Collection,PS3,2012,Platform,0.6
FIFA Soccer 09 All-Play,Wii,2008,Sports,0.28
SingStar Anthems,PS2,2006,Misc,0
LEGO Indiana Jones 2: The Adventure Continues,PS3,2009,Action,0.47
Seiken Densetsu 3,SNES,1995,Role-Playing,0
Fossil Fighters,DS,2008,Role-Playing,0.83
Buzz! Quiz TV,PS3,2008,Misc,0.28
NCAA Football 13,PS3,2012,Action,0.82
Samba De Amigo,Wii,2008,Misc,0.41
Mega Man 8 Anniversary Collector's Edition,PS,1996,Platform,0.44
The Simpsons Game,PS3,2007,Action,0.38
Call of Duty: Modern Warfare 2,PC,2009,Shooter,0.01
The Tomb Raider Trilogy,PS3,2011,Action,0.27
F1 2010,X360,2010,Racing,0.18
Call of Juarez: Bound in Blood,PS3,2009,Shooter,0.35
Minecraft: Story Mode,X360,2015,Adventure,0.48
Rhythm Heaven,Wii,,Misc,0.11
NBA 2K6,PS2,2005,Action,0.43
Dissidia 012: Duodecim Final Fantasy,PSP,2011,Fighting,0.21
Buzz! The Mega Quiz,PS2,2007,Misc,0.32
Star Wars: Rebel Assault II - The Hidden Empire,PS,1996,Shooter,0.49
Monster 4X4: World Circuit,Wii,2006,Racing,0.8
Far Cry: Primal,XOne,2016,Action,0.47
Resident Evil: Revelations,3DS,2012,Action,0.3
Sonic Chronicles: The Dark Brotherhood,DS,2008,Role-Playing,0.5
Star Wars: The Force Unleashed,DS,2008,Action,0.5
Grand Theft Auto IV,PC,2008,Action,0.01
Rock Band 3,X360,2010,Misc,0.73
WWE SmackDown vs. Raw 2011,X360,2010,Fighting,0.44
ESPN NHL 2K5,PS2,2004,Sports,0.43
Borderlands: The Handsome Collection,PS4,2015,Shooter,0.38
Crimson Skies: High Road to Revenge,XB,2003,Simulation,0.65
Madden NFL 08,Wii,2007,Sports,0.8
Spec Ops: Ranger Elite,PS,2001,Shooter,0.49
Gex,PS,1995,Platform,0.49
F1 2009,Wii,2009,Racing,0.15
Derby Stallion II,SNES,1994,Sports,0
Tom Clancy's Ghost Recon: Island Thunder,XB,2003,Shooter,0.61
Sleeping Dogs,X360,2012,Action,0.38
Kingdoms of Amalur: Reckoning,X360,2012,Role-Playing,0.55
Metal Gear Ac!d,PSP,2004,Strategy,0.32
Need for Speed: V-Rally,PS,1997,Racing,0.43
Monster Strike 3DS,3DS,2015,Action,0
Kingdom Hearts Re: Chain of Memories,PS2,2008,Role-Playing,0.73
Phantasy Star Portable 2,PSP,2009,Role-Playing,0.08
Peppa Pig: The Game,DS,2008,Misc,0
Michael Jackson: The Experience,X360,2011,Misc,0.62
NFL GameDay '97,PS,1996,Sports,0.48
LittleBigPlanet Karting,PS3,2012,Action,0.42
Tony Hawk's Project 8,PS2,2006,Sports,0.72
NHL 2000,PS,1998,Sports,0.48
GRID,X360,2008,Racing,0.33
DiRT,X360,2007,Racing,0.38
Buzz! Master Quiz,PSP,2008,Misc,0.2
Red Faction: Guerrilla,X360,2009,Shooter,0.48
Fight Night Round 2,PS2,2005,Fighting,0.72
Conflict: Desert Storm,XB,2002,Shooter,0.48
LEGO Jurassic World,X360,2015,Action,0.47
Triple Play 2002,PS2,2002,Sports,0.43
Cooking Mama: World Kitchen,Wii,2008,Simulation,0.51
Brothers in Arms: Hell's Highway,X360,2008,Shooter,0.47
Vagrant Story,PS,2000,Role-Playing,0.3
Warriors Orochi,PS2,2007,Action,0.11
Enduro,2600,1982,Misc,0.81
Crysis 3,PS3,2013,Shooter,0.26
Mercenaries 2: World in Flames,PS3,2008,Shooter,0.29
SingStar '90s,PS2,2007,Misc,0.1
Wizards of Waverly Place,DS,2009,Misc,0.59
Ghostbusters: The Video Game,Wii,2009,Action,0.59
Dragon Quest VIII: Journey of the Cursed King,3DS,2015,Role-Playing,0
Beijing 2008,PS3,2008,Sports,0.14
Guitar Hero Live,PS4,2015,Misc,0.34
Endless Ocean: Blue World,Wii,2009,Simulation,0.46
Winning Eleven: Pro Evolution Soccer 2007,PSP,2006,Sports,0.01
Rocky,PS2,2002,Fighting,0.42
Ford Racing,PS,2001,Racing,0.48
Madden Football 64,N64,1997,Sports,0.81
Guitar Hero: Warriors of Rock,X360,2010,Misc,0.47
MLB 99,PS,1998,Sports,0.48
Lemmings,PSP,2006,Puzzle,0.12
Dynasty Warriors 4: Xtreme Legends,PS2,2003,Action,0.17
Pictionary,Wii,2010,Puzzle,0.6
Army Men: Air Attack,PS,1999,Action,0.47
FIFA Soccer 08,DS,2007,Sports,0.1
2010 FIFA World Cup South Africa,X360,2010,Sports,0.32
Tomb Raider: Anniversary,Wii,2007,Action,0.12
NBA 2K8,X360,2007,Sports,0.79
Street Fighter Alpha 2,PS,1996,Fighting,0.14
Tiger Woods PGA Tour 2005,XB,2004,Sports,0.64
Castlevania III: Dracula's Curse,NES,1989,Platform,0.4
LEGO Jurassic World,PS3,2015,Action,0.35
Kingdoms of Amalur: Reckoning,PS3,2012,Role-Playing,0.37
Rampage World Tour,PS,1997,Action,0.47
Dragon Ball Z: Burst Limit,PS3,2008,Fighting,0.22
Gold's Gym: Dance Workout,Wii,2010,Sports,0.69
Tekken Tag Tournament 2,PS3,2012,Fighting,0.28
Ninja Gaiden Sigma 2,PS3,2009,Action,0.52
Ratatouille,PS2,2007,Action,0.31
NFL GameDay,PS,1995,Sports,0.47
Burnout 2: Point of Impact,PS2,2002,Racing,0.42
Wii Fit U,WiiU,2013,Sports,0.35
Street Fighter EX3,PS2,2000,Fighting,0.32
The Legendary Starfy,DS,2008,Platform,0.6
NCAA Football 11,PS3,2010,Sports,0.79
The House of the Dead: Overkill,Wii,2009,Shooter,0.44
Army of Two: The 40th Day,PS3,2010,Shooter,0.44
Darksiders II,PS3,2012,Action,0.35
Spider-Man 2,GC,2004,Action,0.65
The Lord of the Rings: War in the North,X360,,Action,0.52
 Tales of Xillia 2,PS3,2012,Role-Playing,0.2
Ghostbusters: The Video Game,PS3,2009,Action,0.34
The Incredibles,GC,2004,Action,0.65
Xenoblade Chronicles X,WiiU,2015,Role-Playing,0.36
NBA 2K10,PS3,2009,Sports,0.75
Petz Dogz Fashion,DS,2008,Simulation,0.46
ATV Quad Power Racing 2,PS2,2003,Racing,0.41
Final Fantasy,NES,1987,Role-Playing,0.32
Skate 2,PS3,2009,Sports,0.46
Rocket Power: Team Rocket Rescue,PS,2001,Sports,0.47
Big Mutha Truckers,PS2,2002,Racing,0.41
The Evil Within,PS3,2014,Action,0.26
Rogue Galaxy,PS2,2005,Role-Playing,0.24
ESPN College Hoops 2K5,PS2,2004,Sports,0.41
NCAA Football 14,PS3,2013,Sports,0.75
Harry Potter and the Order of the Phoenix,DS,2007,Action,0.28
Sniper Elite V2,X360,2012,Shooter,0.46
Metroid: Zero Mission,GBA,2004,Adventure,0.6
Ben 10: Protector of Earth,PS2,2007,Action,0.09
Burnout Legends,PSP,2005,Racing,0.7
Q*bert,PS,1999,Puzzle,0.46
Blazing Angels: Squadrons of WWII,Wii,2007,Simulation,0.74
Madden NFL 09 All-Play,Wii,2008,Sports,0.76
Ace Combat 3: Electrosphere,PS,1999,Simulation,0.22
Dynasty Warriors 2,PS2,2000,Action,0.24
Madden NFL 07,PSP,,Sports,0.77
Time Crisis 4,PS3,2007,Shooter,0.32
Duke Nukem Forever,X360,2011,Shooter,0.52
Lizzie McGuire 2: Lizzie Diaries,GBA,2004,Action,0.6
FIFA Soccer World Championship,PS2,2000,Sports,0.27
NCAA Football 12,PS3,2011,Sports,0.78
Brute Force,XB,2003,Shooter,0.62
Tiger Woods PGA Tour 11,PS3,2010,Sports,0.37
Yu-Gi-Oh! Dark Duel Stories,GB,2000,Misc,0
WWE SmackDown vs. Raw 2009,Wii,2008,Fighting,0.44
The Game of Life,PS,1998,Misc,0.46
Mega Man Legends,PS,1997,Adventure,0.39
Sly 3: Honor Among Thieves,PS2,2005,Platform,0.69
MLB SlugFest 20-03,PS2,,Sports,0.41
Need for Speed: Nitro,Wii,2009,Racing,0.45
Street Fighter X Tekken,PS3,2012,Fighting,0.42
MediEvil,PS,1998,Platform,0.46
Casper,PS,1996,Adventure,0.46
Sid Meier's Civilization Revolution,X360,2008,Strategy,0.58
Tales of the Abyss,3DS,2011,Role-Playing,0.43
Dragon Age II,PS3,2011,Action,0.4
Call of Duty: Modern Warfare 3,Wii,2011,Shooter,0.55
God of War Saga,PS3,2012,Action,0.73
Scooby-Doo! First Frights,DS,2009,Action,0.6
James Bond 007: Nightfire,XB,2002,Shooter,0.58
Tony Hawk's Pro Skater 3,GC,2001,Sports,0.64
Marvel: Ultimate Alliance,PS2,2006,Role-Playing,0.69
DJ Hero 2,X360,2010,Misc,0.64
Harvest Moon: Tree of Tranquility,Wii,2007,Simulation,0.67
Tony Hawk's Underground 2 Remix,PSP,2005,Sports,0.46
Need for Speed: Hot Pursuit 2,XB,2002,Racing,0.68
Killer Instinct Gold,N64,1996,Fighting,0.61
Clu Clu Land,NES,1984,Puzzle,0.42
Karaoke Revolution Glee,Wii,2010,Misc,0.51
I Spy: Fun House,DS,2007,Puzzle,0.76
Amped: Freestyle Snowboarding,XB,2001,Sports,0.69
The Price is Right,Wii,2008,Misc,0.76
Custer's Revenge,2600,1981,Action,0.76
Stranglehold,X360,2007,Shooter,0.4
Rocket Power: Beach Bandits,PS2,2002,Platform,0.4
Shin Megami Tensei: Persona 4,PS2,2008,Role-Playing,0.34
Devil May Cry HD Collection,PS3,2012,Action,0.42
Thief (2014),PS4,2014,Action,0.28
The Lord of the Rings: War in the North,PS3,,Action,0.25
Dragon Warrior III,GB,2000,Role-Playing,0
Ready 2 Rumble Boxing: Round 2,PS2,2000,Fighting,0.4
Dance Central 3,X360,2012,Misc,0.57
Kamaitachi no Yoru,SNES,1994,Adventure,0
Imagine: Rock Star,DS,2008,Simulation,0.4
Tales of Destiny II,PS,2000,Role-Playing,0.06
Super Bomberman 2,SNES,1994,Puzzle,0
NASCAR 2001,PS,2000,Racing,0.45
Twisted Metal (2012),PS3,2012,Action,0.67
The Legend of Zelda: Four Swords Adventures,GC,2004,Action,0.63
Jikkyou Powerful Pro Yakyuu '99 Kaimakuban,PS,1999,Sports,0
MediEvil: Resurrection,PSP,2005,Adventure,0.19
Valkyrie Profile,PS,1999,Role-Playing,0.07
Shaun White Snowboarding,X360,,Sports,0.48
Patapon,PSP,2007,Misc,0.33
Final Fantasy Type-0,PSP,2011,Role-Playing,0
Mega Man,NES,1987,Platform,0.45
Army Men: Sarge's Heroes,N64,1999,Action,0.68
Pro Evolution Soccer 2010,X360,2009,Sports,0.12
Tom Clancy's Rainbow Six 3,PS2,2004,Shooter,0.4
Madden NFL 25,XOne,2013,Sports,0.67
NCAA Football 10,PS3,2009,Sports,0.75
EarthBound,SNES,1994,Role-Playing,0
The Next Tetris,PS,1998,Puzzle,0.45
Guitar Hero: Warriors of Rock,PS3,2010,Misc,0.33
Battle of Giants: Dinosaurs,DS,2008,Strategy,0.37
World Soccer Jikkyou Winning Eleven 3: World Cup France '98,PS,1998,Sports,0
Final Fantasy XI: Wings of the Goddess,PS2,2007,Role-Playing,0.35
The Sims 2,PS2,2005,Simulation,0.67
Dragon Ball: Raging Blast 2,PS3,2010,Fighting,0.42
SingStar Vol. 2,PS3,2008,Misc,0.29
Who wants to be a millionaire,PS,2000,Misc,0.45
Yakuza,PS2,2005,Action,0.03
Disney's The Little Mermaid: Ariel's Undersea Adventure,DS,2006,Action,0.72
Star Wars Rogue Squadron III: Rebel Strike,GC,2003,Simulation,0.62
Moto Racer,PS,1997,Racing,0.45
Hitman: Contracts,PS2,2004,Shooter,0.39
Professor Layton vs Phoenix Wright: Ace Attorney,3DS,2012,Puzzle,0.2
Ben 10: Alien Force,Wii,2008,Action,0.52
Final Fantasy Anthology,PS,1999,Role-Playing,0.45
DiRT 2,X360,2009,Racing,0.32
Prince of Persia: Warrior Within,XB,2004,Action,0.48
Deca Sports 2,Wii,2009,Sports,0.31
Killzone: Mercenary,PSV,2013,Shooter,0.2
Pro Evolution Soccer 2010,PSP,2009,Sports,0.09
Guitar Hero: Metallica,X360,2009,Misc,0.52
Final Fantasy X / X-2 HD Remaster,PSV,2013,Role-Playing,0.16
Super Robot Taisen α,PS,2000,Strategy,0
Need for Speed: Hot Pursuit 2,GC,2002,Racing,0.68
PES 2009: Pro Evolution Soccer,PSP,,Sports,0.04
Hasbro Family Game Night 3,Wii,2010,Misc,0.46
Tales of Destiny 2,PS2,2002,Role-Playing,0
Capcom's Soccer Shootout,SNES,1993,Sports,0
Rayman Raving Rabbids 2,DS,2007,Misc,0.73
The Sims 2: Pets,PSP,2006,Simulation,0.19
Alien,2600,1981,Action,0.74
Dragon Ball Z: Budokai Tenkaichi 2,PS2,2006,Fighting,0.66
Guitar Hero: Aerosmith,PS2,2008,Misc,0.61
Star Wars The Clone Wars: Republic Heroes,Wii,2009,Action,0.43
Ridge Racer,PS,1994,Racing,0
pro evolution soccer 2011,PSP,2010,Sports,0.05
Harvest Moon: A Wonderful Life,GC,2003,Role-Playing,0.61
All Star Cheer Squad,Wii,2008,Sports,0.43
Momotarou Dentetsu 7,PS,1997,Simulation,0
DmC: Devil May Cry,PS3,2013,Action,0.24
Motocross Mania,PS,2001,Racing,0.44
EA Sports Active NFL Training Camp,Wii,2010,Sports,0.75
Darksiders II,X360,2012,Action,0.45
Need for Speed Rivals,X360,2013,Racing,0.37
[Prototype 2],X360,2012,Action,0.48
Mega Man 5,NES,1992,Platform,0.39
WCW Mayhem,N64,1999,Fighting,0.63
Dance Dance Revolution SuperNOVA 2,PS2,2007,Simulation,0.64
Armored Core 2,PS2,2000,Simulation,0.28
Dragon Quest Monsters 2,3DS,2014,Role-Playing,0
The Godfather II,X360,2009,Action,0.47
Dragon's Dogma,X360,2012,Role-Playing,0.42
Pro Evolution Soccer 2016,PS4,2015,Sports,0.13
The Amazing Spider-Man (Console Version),PS3,2012,Action,0.31
Major League Baseball Featuring Ken Griffey Jr,N64,1998,Sports,0.75
Rare Replay,XOne,2015,Misc,0.49
Band Hero,X360,2009,Misc,0.51
NCAA Football 08,PS2,2007,Sports,0.65
FIFA Soccer 2004,XB,2003,Sports,0.24
The Sims 2: Castaway,PSP,2007,Simulation,0.08
Star Ocean: The Last Hope,X360,2009,Role-Playing,0.32
Sniper: Ghost Warrior,PS3,2011,Shooter,0.27
Invizimals,PSP,2009,Strategy,0.17
Forza Horizon 2,X360,2014,Racing,0.35
The 7th Guest,PC,1992,Adventure,0.02
WWE 2K15,PS3,2014,Sports,0.36
Too Human,X360,2008,Role-Playing,0.38
Yars' Revenge,2600,1982,Shooter,0.73
Tiger Woods PGA Tour 10,PS3,2009,Sports,0.42
Secret Agent Barbie: Royal Jewels Mission,GBA,2002,Platform,0.56
Doom,PS,1994,Shooter,0.43
Tom Clancy's Splinter Cell: Double Agent,X360,2006,Action,0.67
Buzz! The Hollywood Quiz,PS2,2007,Misc,0.17
Naruto Shippuden: Ultimate Ninja Storm 2,X360,2010,Fighting,0.43
Golden Sun: Dark Dawn,DS,2010,Role-Playing,0.51
Fight Night Champion,X360,2011,Fighting,0.4
Marvel vs. Capcom: Clash of Super Heroes,PS,1999,Fighting,0.43
Dead Island: Riptide,X360,2013,Action,0.44
Madden NFL 16,PS3,2015,Sports,0.57
Battle Stations,PS,1997,Strategy,0.43
Star Wars The Clone Wars: Jedi Alliance,DS,2008,Action,0.61
The World Ends With You,DS,2007,Role-Playing,0.49
Drawn to Life,DS,2007,Action,0.71
Sid Meier's Civilization Revolution,PS3,2008,Strategy,0.49
NBA 2K7,PS2,2006,Sports,0.65
Torneko no Daibouken: Fushigi no Dungeon,SNES,1993,Role-Playing,0
Jr. Pac-Man,2600,1983,Puzzle,0.72
James Bond 007: Nightfire,GC,2002,Shooter,0.6
Mario & Sonic at the Sochi 2014 Olympic Winter Games,WiiU,2013,Sports,0.37
Goldeneye 007: Reloaded,PS3,2011,Shooter,0.33
NBA ShootOut 98,PS,1998,Sports,0.43
Rayman Origins,X360,2011,Platform,0.38
Galaxian,2600,1982,Shooter,0.72
Aliens: Colonial Marines,X360,2013,Shooter,0.36
Lips,X360,2008,Misc,0.12
Andretti Racing,PS,1996,Racing,0.43
Caesars Palace 2000: Millennium Gold Edition,PS,2000,Misc,0.43
Air Raid,2600,1981,Action,0.72
MadWorld,Wii,2009,Action,0.45
Need for Speed: ProStreet,PSP,2008,Racing,0.24
Perfect Dark Zero,X360,2005,Shooter,0.66
Marvel Nemesis: Rise of the Imperfects,PS2,2005,Fighting,0.64
Boxing,2600,1980,Fighting,0.72
Need for Speed: Porsche Unleashed,PS,1999,Racing,0.43
ABBA: You Can Dance,Wii,2011,Misc,0.18
Avatar: The Game,X360,2009,Action,0.34
Resident Evil: Operation Raccoon City,X360,2012,Action,0.55
UFC Personal Trainer: The Ultimate Fitness System,X360,2011,Sports,0.53
Crystal Castles,2600,1983,Action,0.72
Worms: Open Warfare,PSP,2006,Strategy,0.11
Puzzler World,DS,2009,Puzzle,0.41
Conker's Bad Fur Day,N64,2001,Platform,0.53
Dragon Warrior I&II,GB,1999,Role-Playing,0
Star Wars Episode II: Attack of the Clones,GBA,2002,Action,0.55
Ghost Squad,Wii,2007,Shooter,0.42
Conflict: Desert Storm II - Back to Bagdhad,PS2,2003,Shooter,0.38
Maximo: Ghosts to Glory,PS2,2001,Platform,0.38
Donkey Kong Country 3,GBA,2005,Platform,0.45
All-Star Baseball 2003,PS2,2002,Sports,0.38
Unlimited Saga,PS2,2002,Role-Playing,0.1
Pokemon Dash,DS,2004,Racing,0.21
Dragon Ball: Raging Blast,PS3,2009,Fighting,0.37
Twisted Metal: Head On,PSP,2005,Action,0.71
Personal Trainer: Walking,DS,2008,Sports,0.21
Sonic Unleashed,PS2,2008,Platform,0.37
Cabela's Deer Hunt: 2004 Season,PS2,2003,Sports,0.37
Formula 1,PS,1996,Racing,0.18
Tetris Party Deluxe,DS,2010,Puzzle,0.28
Banjo-Kazooie: Nuts & Bolts,X360,2008,Platform,0.32
FIFA 12,Wii,2011,Sports,0.15
My Baby Girl,DS,2008,Simulation,0.61
Driv3r,XB,2004,Racing,0.36
Mercenaries: Playground of Destruction,PS2,2005,Action,0.64
The Walking Dead: Season One,PS3,2012,Adventure,0.4
MTV Celebrity Deathmatch,PS2,2003,Fighting,0.37
Street Fighter Alpha: Warriors' Dreams,PS,1995,Fighting,0.17
ISS Pro Evolution,PS,1998,Sports,0
Need For Speed: Undercover,PSP,2008,Racing,0.23
Metroid Prime Hunters,DS,2006,Shooter,0.57
Bayonetta 2,WiiU,2014,Action,0.32
Star Wars Battlefront: Elite Squadron,PSP,2009,Shooter,0.38
Sonic & SEGA All-Stars Racing with Banjo-Kazooie,X360,2010,Racing,0.37
Tony Hawk's Pro Skater 2,N64,2001,Sports,0.59
Final Fantasy II,NES,1988,Role-Playing,0
Taiko no Tatsujin: Tatakon de Dodon ga Don,PS2,2002,Misc,0
Mega Man Battle Network 6: Cybeast Falzar / Gregar,GBA,2005,Role-Playing,0.09
Doom (2016),XOne,2016,Shooter,0.44
Syphon Filter: The Omega Strain,PS2,2004,Shooter,0.37
FIFA Soccer 11,PS2,2010,Sports,0.11
The Sims 3,3DS,2011,Simulation,0.3
Mortal Kombat: Deception,XB,2004,Fighting,0.61
That's So Raven,GBA,2004,Adventure,0.54
DJ Hero,Wii,2009,Misc,0.45
Toy Story 3: The Video Game,X360,2010,Action,0.41
Marvel vs. Capcom 2: New Age of Heroes,PS2,2002,Fighting,0.31
Portal 2,PC,2011,Shooter,0.33
Duke Nukem Forever,PS3,2011,Shooter,0.33
Star Wars: The Force Unleashed II,Wii,2010,Action,0.52
Legends of Wrestling,PS2,2001,Fighting,0.37
True Crime: New York City,PS2,2005,Action,0.57
Lost Planet 2,X360,2010,Shooter,0.38
Kane & Lynch: Dead Men,X360,2007,Shooter,0.36
Mario & Luigi: Paper Jam,3DS,2015,Role-Playing,0.16
Final Fantasy Legend III,GB,1991,Role-Playing,0
Harry Potter and the Half-Blood Prince,Wii,2009,Action,0.28
Wall-E,PS2,2008,Platform,0.21
Professor Layton and the Azran Legacy,3DS,2013,Puzzle,0
Super Monkey Ball: Touch & Roll,DS,2005,Misc,0.69
Mega Man X5,PS,2000,Platform,0.3
Nintendo Presents: New Style Boutique 2 - Fashion Forward,3DS,2015,Misc,0.03
Titanfall 2,PS4,2016,Shooter,0.34
Genji: Days of the Blade,PS3,2006,Action,0.18
Metal Gear Solid V: The Phantom Pain,XOne,2015,Action,0.41
Rockstar Games presents Table Tennis,X360,2006,Sports,0.28
Drawn to Life: The Next Chapter,Wii,2009,Puzzle,0.28
PokePark 2: Wonders Beyond,Wii,2011,Action,0.26
DJ Hero 2,PS3,2010,Misc,0.47
WWE SmackDown vs. Raw 2009,PSP,2008,Fighting,0.41
LEGO Batman 2: DC Super Heroes,3DS,2012,Action,0.41
SoulCalibur V,PS3,2012,Fighting,0.35
Shark Tale,PS2,2004,Action,0.37
San Francisco Rush: Extreme Racing,N64,1997,Racing,0.63
Zone of the Enders,PS2,2001,Shooter,0.3
Street Fighter EX Plus Alpha,PS,1997,Fighting,0.28
Kane & Lynch: Dead Men,PS3,2007,Shooter,0.29
Deer Drive,Wii,2009,Sports,0.66
Pro Evolution Soccer 2015,PS4,2014,Sports,0.09
Tony Hawk's Underground 2,XB,2004,Sports,0.48
Madden NFL 06,PSP,2005,Sports,0.69
We Sing,Wii,2009,Misc,0
Raving Rabbids: Travel in Time,Wii,2010,Adventure,0.21
Capcom vs. SNK 2: Mark of the Millennium 2001,PS2,2001,Fighting,0.22
MVP 06 NCAA Baseball,PS2,2006,Sports,0.62
Turok,X360,2008,Action,0.46
Final Fantasy XIV: A Realm Reborn,PS4,2014,Role-Playing,0.33
Coded Arms,PSP,2005,Shooter,0.28
Final Fantasy Tactics A2: Grimoire of the Rift,DS,2007,Role-Playing,0.38
Jump Ultimate Stars,DS,2006,Fighting,0
Jampack Summer 2001,PS2,2001,Misc,0.36
The Lord of the Rings: Conquest,PS3,2009,Action,0.38
Band Hero,PS3,2009,Misc,0.41
Burnout,PS2,2001,Racing,0.36
Spectrobes,DS,2007,Role-Playing,0.66
Rhythm Heaven: The Best+,3DS,2015,Misc,0
Yu-Gi-Oh! Dungeon Dice Monsters,GBA,2001,Misc,0.42
The Godfather II,PS3,2009,Action,0.41
Mortal Kombat: Unchained,PSP,2006,Fighting,0.67
Need for Speed: Shift,PSP,2009,Racing,0.16
Dark Souls II,X360,2014,Role-Playing,0.48
Sega Superstars Tennis,DS,2008,Sports,0.29
Assassin's Creed: Revelations,PC,2011,Action,0.14
Final Fantasy X/X-2 HD Remaster,PS4,2015,Role-Playing,0.29
[Prototype 2],PS3,2012,Action,0.36
Midnight Club 3: DUB Edition,XB,2005,Racing,0.61
Resident Evil: Revelations,PS3,2013,Action,0.14
Tom Clancy's Rainbow Six: Vegas,PSP,2007,Shooter,0.42
The Lord of the Rings: The Two Towers,GBA,2002,Action,0.53
Tiger Woods PGA Tour 2001,PS2,2001,Sports,0.36
Dragon Quest Heroes: The World's Tree Woe and the Blight Below,PS4,2015,Action,0.17
Red Faction: Guerrilla,PS3,2009,Shooter,0.33
The Elder Scrolls V: Skyrim,XOne,2016,Role-Playing,0.41
Jet Moto 3,PS,1999,Racing,0.41
Ace Combat: Assault Horizon,PS3,2011,Action,0.3
X-Men Origins: Wolverine - Uncaged Edition,PS3,2009,Action,0.31
Unreal Championship,XB,2002,Shooter,0.59
WarioWare: Twisted!,GBA,,Puzzle,0.16
Lego Batman 3: Beyond Gotham,PS3,2014,Action,0.33
Crysis 2,PC,2011,Action,0.16
Tales of Vesperia,X360,2008,Role-Playing,0.32
MLB 13: The Show,PS3,2013,Sports,0.67
LEGO Marvel Super Heroes,WiiU,2013,Action,0.31
Namco Museum Remix,Wii,2007,Misc,0.68
NBA 2K16,PS3,2015,Sports,0.45
Sword of Mana,GBA,2003,Role-Playing,0.31
FIFA 17,PS3,2016,Sports,0.05
Marvel: Ultimate Alliance 2,PS3,2009,Role-Playing,0.49
Dragon Age: Inquisition,PC,2014,Role-Playing,0.33
Resonance of Fate,PS3,2010,Role-Playing,0.2
Madagascar: Escape 2 Africa,DS,2008,Action,0.41
Pirates of the Caribbean: At World's End,PS3,2007,Action,0.17
FIFA: Road to World Cup 98,PS,1997,Sports,0.14
The Amazing Spider-Man (Console Version),X360,2012,Action,0.43
Dragon Ball Z: Ultime Menace,SNES,1993,Fighting,0
The Walking Dead: Season One,X360,2012,Adventure,0.55
Tiger Woods PGA Tour 08,PS3,2007,Sports,0.22
Classic NES Series: Donkey Kong,GBA,2004,Platform,0.4
Harvest Moon: Animal Parade,Wii,2008,Simulation,0.58
Split/Second,PS3,2010,Racing,0.31
Yoshi,GB,1991,Puzzle,0
Mortal Kombat 4,N64,1998,Fighting,0.55
WWE SmackDown vs. Raw 2010,Wii,2009,Fighting,0.49
Style Savvy: Trendsetters,3DS,2012,Simulation,0.16
Croc 2,PS,1999,Platform,0.41
Final Fantasy XIII-2,X360,2011,Role-Playing,0.36
Practise English!,DS,2007,Misc,0
Oddworld: Munch's Oddysee,XB,2001,Platform,0.54
Persona 4: Arena,PS3,2012,Fighting,0.3
Berzerk,2600,1981,Shooter,0.68
Brink,PS3,2011,Shooter,0.29
NHL 11,X360,2010,Sports,0.61
NCAA Football 07,X360,2006,Sports,0.67
Just Dance Wii,Wii,2011,Misc,0
Full Spectrum Warrior,XB,2004,Strategy,0.54
LEGO Marvel's Avengers,PS4,2016,Action,0.26
Katamari Damacy,PS2,2004,Puzzle,0.47
Just Dance 2015,WiiU,2014,Misc,0.38
Beyblade VForce: Ultimate Blader Jam,GBA,2003,Action,0.52
LEGO Dimensions,PS4,2015,Action,0.24
Naruto Shippuden: Ultimate Ninja Storm Generations,PS3,2012,Fighting,0.27
Shaun Palmer's Pro Snowboarder,PS2,2001,Sports,0.36
James Bond 007: Agent Under Fire,GC,2002,Shooter,0.56
Harvest Moon DS: Island of Happiness,DS,2007,Simulation,0.43
Star Wars Episode III: Revenge of the Sith,GBA,2005,Action,0.52
Ultimate Spider-Man,PS2,2005,Action,0.6
Monopoly Streets,Wii,2010,Misc,0.23
Imagine: Interior Designer,DS,2008,Simulation,0.34
Ratchet & Clank Collection,PS3,2012,Action,0.47
SD Gundam G Generation,PS,1998,Strategy,0
Rabbids Go Home,DS,2009,Platform,0.35
God Eater,PSP,2010,Action,0
Area 51,PS,1996,Shooter,0.4
Total War: Rome II,PC,2013,Strategy,0.12
NBA Live 08,PS2,2007,Sports,0.59
Star Ocean: The Last Hope International,PS3,2010,Role-Playing,0.28
Dead to Rights,XB,2002,Shooter,0.53
Indiana Jones and the Staff of Kings,Wii,2009,Action,0.36
Tiger Woods PGA Tour 07,PS2,2006,Sports,0.6
My Little Pony: Pinkie Pie's Party,DS,2008,Adventure,0.66
Test Drive 6,PS,1999,Racing,0.4
Major League Baseball 2K7,X360,2007,Sports,0.67
Kouchuu Ouja Mushi King,GBA,2005,Action,0
Persona Q: Shadow of the Labyrinth,3DS,2014,Role-Playing,0.34
MLB 14: The Show,PS4,2014,Sports,0.58
X-Men: Mutant Academy 2,PS,2001,Fighting,0.4
Kirby: Canvas Curse,DS,2005,Platform,0.36
Jampack Winter 2001,PS2,2001,Misc,0.35
Kangaroo,2600,1982,Platform,0.67
Madden NFL 10,Wii,2009,Sports,0.62
MLB 09: The Show,PS3,2009,Sports,0.66
Borderlands: The Pre-Sequel,X360,2014,Shooter,0.46
Disney Infinity 3.0,PS4,2015,Action,0.24
Madden NFL 11,Wii,,Sports,0.68
Super Monkey Ball Jr.,GBA,2002,Puzzle,0.51
The Witcher 3: Wild Hunt,PC,2015,Role-Playing,0.21
F1 2011,X360,2011,Racing,0.11
Mobile Suit Gundam: Encounters in Space,PS2,2003,Simulation,0.05
MLB 10: The Show,PS3,2010,Sports,0.66
MX vs. ATV Reflex,X360,2009,Racing,0.52
Blur,PS3,2010,Racing,0.22
Avatar: The Game,Wii,2009,Action,0.32
Fear Effect,PS,1998,Action,0.4
Battlefield: Bad Company 2,PC,2010,Shooter,0.19
DiRT 3,X360,2011,Racing,0.23
The Lord of the Rings: The Two Towers,XB,2002,Action,0.45
Madden NFL 2003,XB,2002,Sports,0.67
Skate,X360,2007,Sports,0.62
iCarly,DS,2009,Adventure,0.66
XCOM: Enemy Unknown,PC,2012,Strategy,0.27
Ben 10: Protector of Earth,PSP,2007,Action,0.23
Virtua Fighter 4: Evolution,PS2,2003,Fighting,0.35
Crysis,PC,2007,Shooter,0
Resident Evil: Survivor,PS,2000,Action,0.23
The Sims 2: Castaway,DS,2007,Simulation,0.62
Super Trucks Racing,PS2,2002,Racing,0.35
Godzilla: Destroy All Monsters Melee,GC,2002,Fighting,0.55
Jeremy McGrath Supercross 2000,PS,2000,Racing,0.4
Conker: Live And Reloaded,XB,2005,Adventure,0.49
Silent Hill 3,PS2,2003,Action,0.35
Yu-Gi-Oh! The Falsebound Kingdom,GC,2002,Strategy,0.49
Spyro: Enter the Dragonfly,GC,2002,Platform,0.55
Scooby-Doo 2: Monsters Unleashed,GBA,2004,Action,0.51
Power Rangers: Dino Thunder,PS2,2004,Action,0.35
Madden NFL 08,PSP,2007,Sports,0.6
Blast Corps,N64,1997,Action,0.39
LEGO Racers,N64,1999,Racing,0.51
WWF Attitude,N64,1999,Fighting,0.57
Tactics Ogre: Let Us Cling Together,SNES,1995,Role-Playing,0
Madden NFL 09,PSP,2008,Sports,0.65
"WarioWare, Inc.: Mega Party Game$",GC,2003,Puzzle,0.2
NBA Live 09,X360,2008,Sports,0.5
Battle Arena Toshinden 2,PS,1995,Fighting,0.15
Dragon Ball: Xenoverse 2,PS4,2016,Action,0.24
Dynasty Warriors 6,PS3,2007,Action,0.18
Jeopardy!,PS,1997,Misc,0.39
South Park,PS,1998,Shooter,0.39
NCAA Football 09,X360,2008,Sports,0.65
Doom 3: Resurrection of Evil,XB,2005,Shooter,0.53
SSX,X360,2012,Sports,0.38
Dragon Quest Swords: The Masked Queen and the Tower of Mirrors,Wii,2007,Role-Playing,0.18
Two Worlds,X360,2007,Role-Playing,0.41
Tony Hawk's Underground,GC,2003,Sports,0.54
Spider-Man 2,PSP,2005,Action,0.35
Super Bomberman 3,SNES,1994,Puzzle,0
NCAA Football 08,X360,2007,Sports,0.65
Command & Conquer: Red Alert Retaliation,PS,1998,Strategy,0.39
Skylanders: Trap Team,WiiU,2014,Action,0.38
Star Wars: Obi-Wan,XB,2001,Action,0.52
Ace Attorney Investigations: Miles Edgeworth,DS,2009,Adventure,0.23
Kill.Switch,PS2,2003,Shooter,0.34
Catherine,PS3,2011,Adventure,0.3
Madden NFL 2005,GC,2004,Sports,0.54
F-14 Tomcat,GBA,2001,Action,0.5
SplashDown,PS2,2001,Racing,0.34
NCAA Football 98,PS,1997,Sports,0.39
Jade Empire,XB,2005,Role-Playing,0.48
Infinite Undiscovery,X360,2008,Role-Playing,0.34
FIFA Soccer 11,DS,2010,Sports,0.13
Chocobo's Dungeon 2,PS,1998,Role-Playing,0.04
Call of Duty: Ghosts,PC,2013,Shooter,0.23
Lego Star Wars: The Force Awakens,PS4,2016,Action,0.16
NHL 12,X360,2011,Sports,0.55
Advance Wars,GBA,2001,Strategy,0.5
NASCAR 2001,PS2,2000,Racing,0.34
NCAA Football 2001,PS,2000,Sports,0.39
WWE SmackDown vs. Raw 2011,PSP,2010,Fighting,0.22
Mafia,PS2,2004,Action,0.34
Hannah Montana: The Movie,DS,2009,Adventure,0.38
Ape Escape: On the Loose,PSP,2005,Platform,0.52
Mobile Suit Gundam: Journey to Jaburo,PS2,2000,Simulation,0.16
MLB 08: The Show,PS3,2008,Sports,0.64
TimeSplitters 2,PS2,2002,Shooter,0.34
Omerta: City of Gangsters,X360,2011,Simulation,0.42
Driver: San Francisco,X360,2011,Racing,0.25
Classic NES Series: Zelda II: The Adventure of Link,GBA,2004,Adventure,0.37
Fire Emblem: Monsh? no Nazo,SNES,1994,Role-Playing,0
Disney's Chicken Little,GBA,2005,Platform,0.5
James Bond 007: Blood Stone,PS3,2010,Shooter,0.18
King Kong,2600,1981,Action,0.65
Minecraft: Story Mode,PS4,2015,Adventure,0.25
Moto Racer 2,PS,1997,Racing,0.39
Metal Gear Solid: Portable Ops Plus,PSP,2007,Action,0.26
LEGO Rock Band,Wii,2009,Misc,0.41
Monster Hunter Tri,WiiU,2012,Role-Playing,0.24
Halo 2 Multiplayer Map Pack,XB,2005,Shooter,0.54
Mortal Kombat: Shaolin Monks,PS2,2005,Action,0.58
"Transformers: Revenge of the Fallen (XBox 360, PS3, & PC Versions)",PS3,2009,Shooter,0.28
Minecraft: Story Mode,PS3,2015,Adventure,0.27
FIFA Soccer 13,Wii,2012,Action,0.18
The LEGO Movie Videogame,3DS,2014,Action,0.28
MotionSports,X360,2010,Sports,0.38
MX vs. ATV Unleashed: On the Edge,PSP,2006,Racing,0.64
Mario Pinball Land,GBA,2004,Misc,0.5
Mappy,NES,1984,Platform,0
J-League Soccer: Prime Goal,SNES,1993,Sports,0
Dragon Ball Z: Budokai,GC,2003,Fighting,0.53
NFL Xtreme,PS,1998,Sports,0.38
Need for Speed (2015),XOne,2015,Racing,0.3
Plants vs. Zombies: Garden Warfare,XOne,2014,Shooter,0.39
Need for Speed Rivals,XOne,2013,Racing,0.46
The Sims 2: Apartment Pets,DS,2008,Simulation,0.31
Harry Potter and the Chamber of Secrets,GC,2002,Action,0.53
Prince of Persia: The Forgotten Sands,PS3,2010,Action,0.19
X-Men Origins: Wolverine - Uncaged Edition,X360,2009,Action,0.42
The Lord of the Rings: The Return of the King,GC,2003,Action,0.53
The Sims: Medieval,PC,2011,Simulation,0.28
LEGO Batman 2: DC Super Heroes,DS,2012,Action,0.39
Top Spin 4,PS3,2011,Sports,0.17
Shrek the Third,X360,2007,Action,0.54
Baldur's Gate: Dark Alliance II,PS2,2004,Role-Playing,0.34
Shark Tale,GBA,2004,Action,0.49
IL-2 Sturmovik: Birds of Prey,PS3,2009,Simulation,0.34
Test Drive Unlimited 2,X360,,Racing,0.3
Star Wars: Masters of Teras Kasi,PS,1997,Action,0.38
World of Zoo,DS,2009,Simulation,0.42
NBA Street Vol. 2,XB,2003,Sports,0.62
Minecraft,WiiU,2016,Misc,0.28
MX vs. ATV Untamed,X360,2007,Racing,0.55
The Last Remnant,X360,2008,Role-Playing,0.25
NCAA Football 2005,XB,2004,Sports,0.63
Mortal Kombat Mythologies: Sub-Zero,PS,1997,Fighting,0.38
The Sly Collection,PS3,2010,Platform,0.52
Naruto: Clash of Ninja,GC,2003,Fighting,0.53
Sniper Elite 3,PS4,2014,Shooter,0.24
Prince of Persia: The Two Thrones,PS2,2005,Action,0.57
Hot Shots Golf: Open Tee 2,PSP,2007,Sports,0.21
Mercenaries: Playground of Destruction,XB,2005,Action,0.54
Bushido Blade 2,PS,1998,Fighting,0.25
Suikoden II,PS,1998,Role-Playing,0.15
Iron Man,PS3,2008,Action,0.32
FIFA Soccer 06,XB,2005,Sports,0.29
Fight Night 2004,XB,2004,Fighting,0.51
Tourist Trophy: The Real Riding Simulator,PS2,2006,Racing,0.28
.hack//Mutation Part 2,PS2,2002,Role-Playing,0.23
Wolfenstein: The New Order,XOne,2014,Shooter,0.34
Cars: Mater-National Championship,DS,2007,Racing,0.63
LEGO Harry Potter: Years 1-4,PSP,2010,Action,0.14
Midway Arcade Treasures 2,PS2,2004,Misc,0.33
Kirby's Dream Collection: Special Edition,Wii,2012,Action,0.33
Return to Castle Wolfenstein: Tides of War,XB,2003,Shooter,0.49
RIFT,PC,2011,Role-Playing,0.44
Spider-Man 3,PS3,2007,Platform,0.26
Street Sk8er,PS,1998,Sports,0.37
Mass Effect,PC,2008,Role-Playing,0
Contra: Legacy of War,PS,1996,Shooter,0.37
Fight Night Round 2004,XB,2004,Fighting,0.46
Book of Spells,PS3,2012,Action,0.14
Zaidan Houjin Nippon Kanji Nouryoko Kentei Kyoukai Kounin: KanKen DS,DS,2006,Misc,0
Spice World,PS,1998,Action,0.37
The Evil Within,XOne,2014,Action,0.35
Armored Core 3,PS2,2002,Simulation,0.22
Star Wars: Republic Commando,XB,2005,Shooter,0.48
Taiko no Tatsujin Wii,Wii,2008,Misc,0
London 2012: The Official Video Game of the Olympic Games,PS3,2012,Sports,0.06
The LEGO Movie Videogame,PS4,2014,Action,0.24
Turok,PS3,2008,Action,0.35
Wild ARMs 2,PS,1999,Role-Playing,0.19
Terraria,X360,2013,Action,0.35
Red Steel,Wii,2006,Shooter,0.54
Summer Sports: Paradise Island (Others sales),Wii,2008,Sports,0
Need for Speed: Shift 2 Unleashed,PS3,2011,Racing,0.2
The Fairly Odd Parents: Breakin Da Rules,PS2,2003,Platform,0.33
Virtua Tennis: World Tour (US & Others sales),PSP,2005,Sports,0.16
Unreal Tournament III,PS3,2007,Shooter,0.33
Adventures of Tron,2600,1981,Action,0.63
Fossil Fighters: Champions,DS,2010,Role-Playing,0.31
The Sims 3,DS,2010,Simulation,0.38
"The Chronicles of Narnia: The Lion, The Witch and The Wardrobe",GBA,,Action,0.48
Disney Tangled,Wii,2010,Action,0.46
Command & Conquer: Red Alert 3,PC,2008,Strategy,0.01
Zaidan Houjin Nippon Kanji Nouryoku Kentei Kyoukai Koushiki Soft: 200 Mannin no KanKen: Tokoton Kanji Nou,DS,2006,Misc,0
Pro Pinball: Big Race USA,PS,1999,Simulation,0.37
NFL Street,XB,2004,Sports,0.49
Final Fantasy Crystal Chronicles: Ring of Fates,DS,2007,Role-Playing,0.22
Bakugan: Battle Brawlers,Wii,2009,Action,0.59
Blazing Angels: Squadrons of WWII,PS3,2006,Simulation,0.35
WWE SmackDown vs. RAW 2007,PSP,2006,Fighting,0.33
Skylanders: Trap Team,PS3,2014,Action,0.26
F1 2015,PS4,2015,Racing,0.09
Tony Hawk's Proving Ground,PS2,2007,Sports,0.55
The Darkness,PS3,2007,Shooter,0.2
Country Dance,Wii,2011,Misc,0.58
MLB 2004,PS2,2003,Sports,0.32
Naruto Shippuden: Ultimate Ninja 4,PS2,2007,Fighting,0.26
The Sims 3: High-End Loft Stuff,PC,2010,Simulation,0.01
Tiger Woods PGA Tour 2000,PS,1998,Sports,0.37
Darkstone,PS,2001,Role-Playing,0.37
NCAA March Madness 2003,PS2,2002,Sports,0.32
Diablo III,XOne,2014,Role-Playing,0.36
Finding Nemo,XB,2003,Action,0.48
Thrillville,PS2,2006,Strategy,0.55
Lalaloopsy,DS,2011,Simulation,0.51
Jikkyou World Soccer 2000 Final Edition,PS2,2000,Sports,0
Madagascar,GC,2005,Platform,0.52
Castlevania: Lords of Shadow,X360,2010,Action,0.42
Hidden Objects: Mystery Stories,DS,2009,Adventure,0.18
NHL 10,X360,2009,Sports,0.51
100 Classic Books,DS,2008,Misc,0.12
Puzzler Brain Games,Wii,2012,Puzzle,0
TV Show King Party,Wii,2008,Puzzle,0.18
Dragon Quest Monsters: Caravan Heart,GBA,2003,Role-Playing,0
Strawberry Shortcake: Summertime Adventure,GBA,2004,Adventure,0.47
Street Fighter Anniversary Collection,PS2,2004,Fighting,0.32
Legend of Legaia,PS,1998,Role-Playing,0.37
NHL 13,X360,2012,Sports,0.51
Napoleon: Total War,PC,2010,Strategy,0.02
Metro: Last Light,PS4,2014,Action,0.22
Madden NFL 10,PSP,2009,Sports,0.5
Rayman Legends,WiiU,2013,Platform,0.25
The Sims: Bustin' Out,GC,2003,Simulation,0.43
BioShock Infinite,PC,2013,Shooter,0.29
Keystone Kapers,2600,1982,Action,0.62
Ratatouille,PSP,2007,Action,0.22
Lollipop Chainsaw,PS3,2012,Action,0.27
Tom Clancy's EndWar,PS3,2008,Strategy,0.33
Shrek: Hassle at the Castle,GBA,2002,Action,0.47
Suikoden IV,PS2,2004,Role-Playing,0.17
Gods Eater Burst,PSP,2010,Action,0.03
Fist of the North Star: Ken's Rage,PS3,2010,Action,0.06
Plants vs. Zombies: Garden Warfare,PS3,2014,Shooter,0.22
Disney's Kim Possible 2: Drakken's Demise,GBA,2004,Platform,0.47
One Piece: Pirate Warriors 2,PS3,2013,Action,0
Um Jammer Lammy,PS,1998,Misc,0.12
Brothers In Arms: Road to Hill 30,XB,2005,Shooter,0.49
LEGO Harry Potter: Years 5-7,DS,,Action,0.34
Taiko no Tatsujin DS: Touch de Dokodon!,DS,2007,Misc,0
Animaniacs Ten Pin Alley,PS,1998,Sports,0.36
LEGO Jurassic World,XOne,2015,Action,0.38
Kung Fu Panda,PS2,2008,Action,0.24
Freedom Wars,PSV,2014,Role-Playing,0.15
Rocksmith 2014,PC,2013,Misc,0.36
Club Penguin: Elite Penguin Force - Herbert's Revenge,DS,2010,Adventure,0.39
Ratchet & Clank: Into the Nexus,PS3,2013,Shooter,0.3
Shaun White Snowboarding,PS3,2008,Sports,0.31
Radiata Stories,PS2,2005,Role-Playing,0.18
The Biggest Loser: Challenge,Wii,2010,Sports,0.48
Peppa Pig: Fun and Games,DS,2010,Misc,0
F-Zero GX,GC,2003,Racing,0.41
Disney's Chicken Little,PS2,2005,Platform,0.32
Scene It? Box Office Smash,X360,2008,Misc,0.33
Yoshi Topsy-Turvy,GBA,2004,Platform,0.25
Monster Jam: Maximum Destruction,PS2,2002,Racing,0.32
Cartoon Network Block Party / Cartoon Network Speedway Double Pack,GBA,2005,Misc,0.47
Tiger Woods PGA Tour 09,PS3,2008,Sports,0.34
World of Dragon Warrior - Torneko: The Last Hope,PS,1999,Role-Playing,0.02
Mortal Kombat,PSV,2012,Fighting,0.42
"Transformers: The Game (XBox 360, PS2, PS3, Wii & PC Versions)",PSP,2007,Action,0.23
Tiger Woods PGA Tour 09,X360,2008,Sports,0.35
Advance Wars 2: Black Hole Rising,GBA,2003,Strategy,0.47
Wario: Master of Disguise,DS,2007,Platform,0.28
Centipede,PS,1998,Shooter,0.36
The Last Story,Wii,2011,Role-Playing,0.3
Drakengard,PS2,2003,Role-Playing,0.19
SingStar Pop Hits,PS2,2007,Misc,0
Kung-Fu Master,2600,1987,Action,0.6
Champions: Return to Arms,PS2,2005,Role-Playing,0.32
Harry Potter and the Goblet of Fire,PS2,2005,Action,0.54
Toy Story 3: The Video Game,PSP,2010,Action,0.27
SingStar R&B,PS2,2007,Misc,0
Mary-Kate and Ashley: Magical Mystery Mall,PS,2000,Adventure,0.36
MX vs. ATV Untamed,PSP,2007,Racing,0.35
Disney Infinity 2.0: Marvel Super Heroes,WiiU,2014,Action,0.37
Tiger Woods PGA Tour 10,X360,2009,Sports,0.39
007: Quantum of Solace,Wii,2008,Action,0.29
Super Robot Taisen Impact,PS2,2002,Strategy,0
Wall-E,PSP,2008,Platform,0.29
Farming Simulator 17,PC,2016,Simulation,0.03
Crafting Mama,DS,2010,Simulation,0.39
Meccha! Taiko no Tatsujin Master DS: 7-tsu no Shima no Daibouken,DS,2008,Misc,0
God of War III,PS4,2015,Action,0.24
Borderlands 2,PSV,2014,Shooter,0.32
Harry Potter and the Half-Blood Prince,PS2,2009,Action,0.13
Crash Bandicoot Purple: Ripto's Rampage,GBA,2004,Platform,0.46
Assassin's Creed IV: Black Flag,PC,2013,Action,0.22
Need For Speed: Undercover,Wii,2008,Racing,0.27
Spyro: A Hero's Tail,PS2,2004,Platform,0.32
Crash: Twinsanity,PS2,2004,Platform,0.32
The LEGO Movie Videogame,WiiU,2014,Action,0.33
Max Payne 2: The Fall of Max Payne,XB,2003,Shooter,0.47
Metal Gear Solid V: The Phantom Pain,PS3,2015,Action,0.22
Drawn to Life: The Next Chapter,DS,2009,Puzzle,0.44
GoldenEye: Rogue Agent,PS2,2004,Shooter,0.54
WWE 2K15,X360,2014,Sports,0.38
Paws & Claws: Pet Vet,DS,2007,Simulation,0.59
Star Ocean: First Departure,PSP,2007,Role-Playing,0.2
James Bond 007: Everything or Nothing,XB,2004,Shooter,0.43
X2: Wolverine's Revenge,PS2,2003,Platform,0.31
NBA Live 06,XB,2005,Sports,0.57
Tom Clancy's Rainbow Six,N64,1999,Shooter,0.48
Castlevania,N64,1999,Platform,0.44
Rayman 2: The Great Escape,N64,1999,Platform,0.4
Nicktoons Collection: Game Boy Advance Video Volume 1,GBA,2004,Misc,0.46
Rayman 3D,3DS,2011,Platform,0.23
Football Manager 2014,PC,2013,Sports,0
New Play Control! Pikmin,Wii,2008,Strategy,0.28
TimeSplitters 2,XB,2002,Shooter,0.29
Onimusha: Dawn of Dreams,PS2,2006,Action,0.15
Sengoku Basara: Samurai Heroes,PS3,2010,Action,0.17
Stuntman: Ignition,X360,2007,Racing,0.25
Real Heroes: Firefighter,Wii,2009,Action,0.56
Dishonored 2,PS4,2016,Action,0.22
Up,DS,2009,Action,0.3
SpongeBob SquarePants: Game Boy Advance Video Volume 1,GBA,2004,Misc,0.46
Konami Collector's Series: Arcade Advanced,GBA,2002,Misc,0.46
The Crew,XOne,2014,Racing,0.25
Dragon Ball: Raging Blast 2,X360,2010,Fighting,0.49
Jampack Volume 13 (RP-T),PS2,2005,Misc,0.31
Madden NFL 2001,N64,2000,Sports,0.6
Cruis'n World,N64,1998,Racing,0.59
NHL 13,PS3,2012,Sports,0.33
Dead or Alive 5,PS3,2012,Fighting,0.23
Evolve,XOne,2015,Shooter,0.37
Lemony Snicket's A Series of Unfortunate Events,PS2,2004,Platform,0.31
Lost Planet: Extreme Condition,PS3,2008,Shooter,0.31
X-Men Legends II: Rise of Apocalypse,PS2,2005,Role-Playing,0.53
Nightmare Creatures,PS,1997,Action,0.35
LittleBigPlanet 3,PS3,2014,Platform,0.2
SingStar Queen,PS2,2009,Misc,0.08
LEGO Star Wars II: The Original Trilogy,X360,2006,Action,0.55
Disney Sing It: Party Hits,Wii,2010,Misc,0.48
Dragon Quest Monsters Joker 3,3DS,2016,Role-Playing,0
Rock Band 3,Wii,2010,Misc,0.53
Dragon Age II,PC,2011,Action,0.23
Tony Hawk's Pro Skater 2x,XB,2001,Sports,0.41
NBA Live 08,PS3,2007,Sports,0.56
Sim Theme Park,PS,1999,Strategy,0.35
FIFA Soccer 2003,XB,2002,Sports,0.2
Taiko no Tatsujin: Chibi Dragon to Fushigi na Orb,3DS,2012,Misc,0
The Lord of the Rings: Conquest,X360,2009,Action,0.37
Far Cry 4,PC,2014,Shooter,0.15
Monster Hunter 2,PS2,,Role-Playing,0
NASCAR 06: Total Team Control,PS2,2005,Racing,0.53
Dogz,GBA,2004,Simulation,0.45
A Bug's Life,N64,1998,Platform,0.49
Super Castlevania IV,SNES,1991,Platform,0.32
Iron Man,PSP,2008,Action,0.46
White Knight Chronicles II,PS3,2010,Role-Playing,0.23
Mobile Suit Z Gundam: AEUG vs. Titans,PS2,2003,Fighting,0
Juiced 2: Hot Import Nights,X360,2007,Racing,0.22
Wolfenstein,PS3,2009,Shooter,0.25
The Walking Dead: Survival Instinct,X360,2013,Shooter,0.46
The Sims 3: Generations,PC,2011,Simulation,0.4
Ape Escape 2,PS2,2002,Platform,0.12
Rocksmith 2014,PS4,2014,Misc,0.35
X-Man,2600,1982,Action,0.58
Sega Rally Revo,PS3,2007,Racing,0.07
Shin Megami Tensei: Persona 3 FES,PS2,2007,Role-Playing,0.22
FIFA Soccer 2002,PS2,2001,Sports,0.31
Angry Birds Trilogy,3DS,2012,Action,0.38
Final Fantasy VII International,PS,1997,Role-Playing,0
Condemned 2: Bloodshot,X360,2008,Action,0.38
Okami,PS2,2006,Action,0.11
Shin Megami Tensei: Persona 3 Portable,PSP,2009,Role-Playing,0.18
Crash of the Titans,PSP,2007,Action,0.25
NHL 2001,PS,2000,Sports,0.35
Crysis 3,PC,2013,Shooter,0.17
Buzz Lightyear of Star Command,PS,2000,Platform,0.35
NHL 16,PS4,2015,Sports,0.36
Namco Museum,GC,2002,Misc,0.48
"Transformers: Revenge of the Fallen (XBox 360, PS3, & PC Versions)",X360,2009,Shooter,0.34
Cabela's Big Game Hunter (2008),Wii,2007,Sports,0.58
Tony Hawk's Project 8,PS3,2006,Sports,0.3
Ghostbusters: The Video Game,X360,2009,Action,0.43
XCOM: Enemy Unknown,X360,2012,Strategy,0.36
Nobunaga no Yabou: Haouden,SNES,1993,Strategy,0.3
Virtua Cop,SAT,1995,Shooter,0
Metal Gear Solid 2: Substance,XB,,Action,0.38
Tony Hawk's American Wasteland,XB,2005,Sports,0.4
WWF in Your House,PS,1996,Fighting,0.35
Wild ARMs 3,PS2,2002,Role-Playing,0.16
NBA ShootOut '97,PS,1997,Sports,0.35
Family Feud: 2010 Edition,Wii,2009,Misc,0.58
Madden NFL 07,GC,2006,Sports,0.48
LEGO Jurassic World,3DS,2015,Action,0.31
Battlezone,2600,1982,Shooter,0.58
Tiger Woods PGA Tour 2004,XB,2003,Sports,0.47
Test Drive Unlimited 2,PS3,,Racing,0.16
Tak 2: The Staff of Dreams,PS2,2004,Platform,0.3
Just Dance 3,PS3,2011,Misc,0.33
LEGO Pirates of the Caribbean: The Video Game,3DS,2011,Action,0.29
Donkey Kong Barrel Blast,Wii,2007,Racing,0.19
The Princess and the Frog,DS,2009,Platform,0.41
Disney Infinity 2.0: Marvel Super Heroes,PS4,2014,Action,0.27
Viewtiful Joe,GC,2003,Action,0.38
The Urbz: Sims in the City,GBA,2004,Simulation,0.37
Beetle Adventure Racing!,N64,1999,Racing,0.4
Guitar Hero: Metallica,PS3,2009,Misc,0.28
Disney's 102 Dalmatians: Puppies to the Rescue,PS,2000,Platform,0.34
Strike Force Bowling,PS2,2004,Sports,0.3
Halloween,2600,1982,Action,0.58
Red Steel 2,Wii,2010,Shooter,0.35
Bass Landing,PS,1999,Sports,0.21
XGRA: Extreme G-Racing Association,PS2,2004,Racing,0.3
Mafia III,XOne,2016,Action,0.28
Bolt,DS,2008,Adventure,0.35
Mario's Picross,GB,1995,Puzzle,0
Pac-Man Player's Choice Bundle,GC,2003,Misc,0.48
Fighters MEGAMiX,SAT,1996,Fighting,0
Bahamut Lagoon,SNES,1996,Role-Playing,0
Prince of Persia: The Forgotten Sands,X360,2010,Action,0.3
Warriors Orochi 3,PS3,2011,Action,0
Tomb Raider III: Adventures of Lara Croft,PC,1998,Action,0.59
DJ Hero 2,Wii,2010,Misc,0.48
Toshochu: Run for Money,3DS,2012,Adventure,0
Dragon Quest Monsters: Joker 2 Professional,DS,2011,Role-Playing,0
NFL Quarterback Club 99,N64,1998,Sports,0.59
Super Robot Taisen α Gaiden,PS,2001,Strategy,0
Tiger Woods PGA Tour 12: The Masters,X360,2011,Sports,0.4
Battle of Giants: Dragons,DS,2009,Strategy,0.3
Wall-E,X360,2008,Platform,0.29
Start the Party!,PS3,2010,Misc,0.07
Formula 1: Championship Edition,PS3,2006,Racing,0
Harry Potter and the Half-Blood Prince,DS,2009,Action,0.2
NieR,PS3,2010,Role-Playing,0.17
2014 FIFA World Cup Brazil,PS3,2014,Sports,0.15
Phoenix Wright: Ace Attorney - Trials and Tribulations,DS,2007,Adventure,0.3
NBA 2K9,PS3,2008,Sports,0.56
SpongeBob's Atlantis SquarePantis,Wii,2007,Action,0.56
SingStar Singalong With Disney,PS2,2008,Misc,0
NFL Fever 2003,XB,2002,Sports,0.46
Samurai Warriors 2,PS2,2006,Action,0.02
Wet,PS3,2009,Shooter,0.22
Cooking Mama 4: Kitchen Magic!,3DS,2011,Simulation,0.5
Scribblenauts: Unlimited,3DS,2012,Action,0.56
The Black Eyed Peas Experience,Wii,2011,Misc,0.37
2 Games in 1: Sonic Battle & ChuChu Rocket!,GBA,2005,Misc,0.44
Fire Emblem: Shadow Dragon,DS,2008,Role-Playing,0.29
Plants vs. Zombies: Garden Warfare,PS4,2014,Shooter,0.21
Metroid Prime: Trilogy,Wii,2009,Shooter,0.42
Robotech: Battlecry,PS2,2002,Shooter,0.3
Dora the Explorer: Super Spies,GBA,2004,Platform,0.44
Disney Universe,PS3,2011,Action,0.3
Advance Wars: Days of Ruin,DS,,Strategy,0.43
Jak and Daxter: The Lost Frontier,PSP,2009,Platform,0.18
Texas Hold 'Em Poker,GBA,2004,Misc,0.44
Time Crisis 3,PS2,2003,Shooter,0.3
WWE SmackDown vs. Raw 2010,PSP,2009,Fighting,0.25
Vanquish,PS3,2010,Shooter,0.21
Ganbaru Watashi no Kakei Diary,DS,2007,Misc,0
Tearaway,PSV,2013,Adventure,0.14
Small Soldiers,PS,1998,Platform,0.34
Half-Life 2,XB,2005,Shooter,0.37
Duke Nukem: Total Meltdown,PS,1997,Shooter,0.34
Tony Hawk: RIDE,X360,2009,Sports,0.46
Borderlands: The Pre-Sequel,PS3,2014,Shooter,0.26
Major League Baseball 2K8,X360,2008,Sports,0.56
Sacred 2: Fallen Angel,PS3,2009,Role-Playing,0.22
pro evolution soccer 2011,X360,2010,Sports,0.09
Major League Baseball 2K9,X360,2009,Sports,0.56
Final Fantasy IV Advance,GBA,2005,Role-Playing,0.27
Dragon Ball Z: Ultimate Tenkaichi,PS3,2011,Fighting,0.27
Madden NFL 2003,GBA,2002,Sports,0.44
Tomb Raider (2013),XOne,2014,Action,0.35
Petz: Dogz Pack,DS,2008,Simulation,0.56
Harry Potter and the Goblet of Fire,GBA,2005,Action,0.44
Tomb Raider Chronicles,PS,1999,Action,0.34
Dragon Ball Z: Buu's Fury,GBA,2004,Action,0.44
Madden NFL 2002,GC,2001,Sports,0.47
Spider-Man: Mysterio's Menace,GBA,2001,Action,0.43
Madden NFL 2000,N64,1999,Sports,0.58
Game & Watch Gallery 4,GBA,2002,Misc,0.43
MySims Racing,DS,2009,Racing,0.25
Naruto: Ultimate Ninja,PS2,2003,Fighting,0.5
Pac-Man Party,Wii,2010,Misc,0.47
Cabela's Monster Buck Hunter,Wii,2010,Sports,0.57
Tony Hawk's Underground,GBA,2003,Sports,0.43
Dark Souls II,PS4,2015,Role-Playing,0.21
Monster Trucks,GBA,2004,Racing,0.43
World of Zoo,Wii,2009,Simulation,0.4
Shadow The Hedgehog,PS2,2005,Platform,0.5
Wave Race: Blue Storm,GC,2001,Racing,0.4
Aliens: Colonial Marines,PS3,2013,Shooter,0.2
Backyard Wrestling: Don't Try This at Home,PS2,2003,Fighting,0.3
Yakuza: Dead Souls,PS3,2011,Shooter,0.09
Fight Night Round 2,XB,2005,Fighting,0.42
MonHun Nikki: Poka Poka Ailu Mura,PSP,2010,Role-Playing,0
Dead Island: Riptide,PS3,2013,Action,0.26
Just Dance 2015,X360,2014,Misc,0.42
Kinect Sports Rivals,XOne,2014,Sports,0.3
NBA 2K8,PS2,2007,Sports,0.5
Dynasty Warriors 8,PS3,2013,Action,0.12
Suikoden,PS,1995,Role-Playing,0.21
Disney Infinity,WiiU,2013,Action,0.33
Secret Agent Clank,PS2,2009,Platform,0.13
Call of Juarez: Bound in Blood,X360,2009,Shooter,0.3
Fighters Uncaged,X360,2010,Fighting,0.31
Rayman Arena,PS2,2001,Racing,0.29
Jaws Unleashed,PS2,2006,Action,0.5
Puyo Puyo Sun,SAT,1997,Puzzle,0
Half-Life,PS2,2001,Shooter,0.29
International Superstar Soccer 64,N64,1997,Sports,0.09
Mickey's Speedway USA,N64,2000,Racing,0.37
NASCAR Heat 2002,PS2,2001,Racing,0.29
Split/Second,X360,2010,Racing,0.32
The Golden Compass,DS,2007,Action,0.28
The Golden Compass,Wii,,Action,0.26
"Transformers: The Game (XBox 360, PS2, PS3, Wii & PC Versions)",X360,2007,Action,0.51
From TV Animation One Piece: Grand Battle 2,PS,2002,Fighting,0
BeatMania Append 3rdMix,PS,1998,Simulation,0
Muramasa: The Demon Blade,Wii,2009,Role-Playing,0.32
Disney TH!NK Fast: The Ultimate Trivia Showdown,Wii,2008,Misc,0.37
 Frozen: Olaf's Quest,3DS,2013,Platform,0.27
Xena: Warrior Princess,PS,1998,Adventure,0.33
Littlest Pet Shop: Garden,DS,2008,Simulation,0.31
Okami,Wii,2008,Action,0.43
New Play Control! Pikmin 2,Wii,2009,Strategy,0.11
LEGO The Hobbit,PS4,2014,Action,0.13
Front Mission,SNES,1995,Strategy,0
WWE 2K17,PS4,2016,Sports,0.17
Just Dance 2014,WiiU,2013,Misc,0.31
New Play Control! Donkey Kong Jungle Beat,Wii,2008,Platform,0.23
Wipeout: The Game,DS,2010,Misc,0.56
Avatar: The Game,PSP,2009,Action,0.22
NHL 15,PS4,2014,Sports,0.31
Total War: Shogun 2,PC,2011,Strategy,0.19
Major League Baseball 2K7,PS2,2007,Sports,0.29
Dai-2-Ji Super Robot Taisen α,PS2,2003,Strategy,0
PGR3 - Project Gotham Racing 3,X360,2005,Racing,0.49
Dragon Age: Inquisition,PS3,2014,Role-Playing,0.27
SimCity DS,DS,2007,Simulation,0.33
New Carnival Games,Wii,2010,Misc,0.33
Hot Wheels: Stunt Track Challenge,PS2,2004,Racing,0.29
Littlest Pet Shop: Jungle,DS,2008,Simulation,0.34
Dai-3-Ji Super Robot Taisen α: Shuuen no Ginga e,PS2,2005,Strategy,0
FIFA 15,PSV,2014,Sports,0.08
Jikkyou Powerful Pro Yakyuu '97 Kaimakuban,PS,1997,Sports,0
Monopoly,X360,2008,Misc,0.34
Tony Hawk: RIDE,PS3,2009,Sports,0.38
CyberTiger,PS,1998,Sports,0.33
Jampack Fall 2001,PS,2001,Misc,0.33
Medal of Honor: Frontline,GC,2002,Shooter,0.46
Dead Space,PC,2008,Action,0
NFL Blitz 2001,PS,2000,Sports,0.33
Jikkyou Powerful Pro Yakyuu '98 Kaimakuban,PS,1998,Sports,0
Rock Band 2,PS2,2008,Misc,0.29
NHL 11,PS3,2010,Sports,0.4
Yakuza 5,PS3,2012,Action,0
BurgerTime,2600,1981,Puzzle,0.55
2002 FIFA World Cup,PS2,2002,Sports,0.21
MVP Baseball 2004,XB,2004,Sports,0.44
Crash Bandicoot: The Wrath of Cortex,GC,2002,Platform,0.46
Smurf: Rescue In Gargamel's Castle,2600,1981,Action,0.55
Beijing 2008,X360,2008,Sports,0.15
Pokemon Trozei!,DS,2005,Puzzle,0.25
WWE 2K16,XOne,2015,Sports,0.32
Extreme-G,N64,1997,Racing,0.47
Ready 2 Rumble Boxing,N64,1999,Sports,0.47
Assassin's Creed: Brotherhood,PC,2011,Action,0.15
Spelling Challenges and more!,DS,2007,Misc,0.54
Dead or Alive Xtreme Beach Volleyball,XB,2003,Sports,0.36
Tales of Rebirth,PS2,2004,Role-Playing,0
Silent Hill: Shattered Memories,PS2,2010,Action,0.13
Disney Sing It: Family Hits,Wii,2010,Misc,0.38
Blur,X360,2010,Racing,0.25
Barbie: Race & Ride,PS,1999,Action,0.33
Kane & Lynch 2: Dog Days,PS3,2010,Shooter,0.17
Madden NFL 06,X360,,Sports,0.54
Asphalt: Urban GT,DS,2004,Racing,0.31
Mega Man Anniversary Collection,PS2,2004,Platform,0.29
Metal Gear Solid V: Ground Zeroes,PS3,2014,Action,0.14
Harvest Moon: Friends of Mineral Town,GBA,2003,Simulation,0.34
Backyard NBA Basketball,PS2,2003,Sports,0.29
Ben 10: Alien Force,PSP,2008,Action,0.35
Naruto: The Broken Bond,X360,2008,Action,0.24
Kirby's Dream Course,SNES,1994,Sports,0
WarioWare D.I.Y.,DS,2009,Misc,0.17
Iron Man,Wii,2008,Action,0.3
The Fight: Lights Out,PS3,2010,Fighting,0.29
Mega Man X7,PS2,2003,Action,0.22
Deus Ex: Human Revolution,PC,2011,Shooter,0.25
SpongeBob SquarePants featuring Nicktoons: Globs of Doom,PS2,2008,Action,0.29
Final Fantasy Anniversary Edition,PSP,2007,Role-Playing,0.39
LEGO Indiana Jones 2: The Adventure Continues,PSP,2009,Action,0.21
SoulCalibur V,X360,2012,Fighting,0.39
Tokimeki Memorial: Forever with You,PS,1995,Simulation,0
Diablo,PS,1997,Role-Playing,0.29
Q*bert,2600,1982,Puzzle,0.55
Romancing SaGa,PS2,2005,Role-Playing,0.06
Lost: Via Domus,X360,2008,Action,0.18
Top Spin 3,Wii,2008,Action,0.15
Game Party in Motion,X360,2010,Misc,0.36
The Lord of the Rings: The Third Age,PS2,2004,Role-Playing,0.49
Call of Duty: Black Ops,DS,2010,Shooter,0.5
Disney Sing It! High School Musical 3: Senior Year,Wii,2008,Misc,0.31
NCAA Football 09,PS3,2008,Sports,0.54
Sonic & All-Stars Racing Transformed,X360,2012,Racing,0.2
MLB 11: The Show,PS3,2011,Sports,0.54
Jeopardy!,Wii,2010,Misc,0.55
"Transformers: War for Cybertron (XBox 360, PS3, & PC Versions)",X360,2010,Shooter,0.38
Kinect Rush: A Disney Pixar Adventure,X360,2012,Adventure,0.38
Sammy Sosa High Heat Baseball 2001,PS,2000,Sports,0.32
Skylanders SWAP Force,WiiU,2013,Platform,0.38
Terminator 3: Rise of the Machines,PS2,2003,Action,0.28
Guitar Hero: Smash Hits,Wii,2009,Misc,0.31
Tom Clancy's HAWX,X360,2009,Action,0.31
Alice: Madness Returns,PS3,2011,Adventure,0.22
Shin Megami Tensei IV,3DS,2013,Role-Playing,0.28
NBA 2K7,X360,2006,Sports,0.53
International Superstar Soccer '98,N64,1998,Sports,0.06
FIFA: Road to  World Cup 98,N64,1997,Sports,0.15
World Cup 98,N64,1998,Sports,0.14
NHL 12,PS3,2011,Sports,0.36
NASCAR: Dirt to Daytona,PS2,,Racing,0.28
Unreal Tournament,PS2,2000,Shooter,0.28
Digimon World 2,PS,2000,Role-Playing,0.23
Tales of Phantasia,PS,1998,Role-Playing,0
Prince of Persia: The Two Thrones,XB,2005,Action,0.33
Xenosaga Episode II: Jenseits von Gut und Böse,PS2,2004,Role-Playing,0.28
Gex: Enter the Gecko,PS,1998,Platform,0.32
Shrek 2: Beg for Mercy,GBA,2004,Adventure,0.42
FIFA Soccer 10,DS,2009,Sports,0.14
JoJo's Bizarre Adventure: All Star Battle,PS3,2013,Fighting,0.05
Contra: Shattered Soldier,PS2,2002,Shooter,0.28
Championship Motocross featuring Ricky Carmichael,PS,1998,Racing,0.32
Dragon Ball Z: Chou Saiya Densetsu,SNES,1992,Role-Playing,0
Final Fantasy: The 4 Heroes of Light,DS,2009,Role-Playing,0.22
Rayman Legends,PS3,2013,Platform,0.14
Fire Emblem: Seisen no Keifu,SNES,1996,Strategy,0
FIFA Soccer,PSV,2012,Sports,0.16
Tenchu 2: Birth of the Stealth Assassins,PS,2000,Action,0.32
Tony Hawk's Pro Skater 4,GC,2002,Sports,0.45
Go Diego Go! Great Dinosaur Rescue,Wii,2008,Action,0.52
Naruto: Uzumaki Chronicles 2,PS2,2006,Action,0.28
NHL 06,PS2,2005,Sports,0.48
Parasite Eve II,PS,1999,Role-Playing,0.32
NFL Blitz 2000,N64,1999,Sports,0.55
Skate it,Wii,2008,Sports,0.5
Pro Evolution Soccer 2015,PS3,2014,Sports,0.1
London 2012: The Official Video Game of the Olympic Games,X360,2012,Sports,0.07
Madden NFL 2002,XB,,Sports,0.53
NCAA Football 10,PS2,2009,Sports,0.28
Phineas and Ferb: Across the 2nd Dimension,Wii,2011,Action,0.35
Theme Park,PS,1994,Simulation,0.24
Far Cry Instincts,XB,2005,Shooter,0.32
Hasbro Family Game Night,PS2,2008,Puzzle,0.28
Tony Hawk's Pro Skater 4,GBA,2002,Sports,0.41
ATV Offroad Fury: Blazin' Trails,PSP,2005,Racing,0.53
Tales of the Abyss,PS2,2005,Role-Playing,0
Payday 2,X360,2013,Shooter,0.33
Mobile Suit Gundam: Giren no Yabou- Zeon no Keifu,PS,2000,Strategy,0
Blacksite: Area 51,X360,2007,Shooter,0.29
Spyro Orange: The Cortex Conspiracy,GBA,2004,Action,0.41
XCOM: Enemy Unknown,PS3,2012,Strategy,0.24
Petz Dogz 2,Wii,2007,Simulation,0.52
Beyond The Beyond,PS,1995,Role-Playing,0.11
Ben 10: Alien Force,PS2,2008,Action,0.22
Skylanders: Spyro's Adventure,3DS,2011,Action,0.32
Cabela's Dangerous Hunts 2011,Wii,2010,Sports,0.52
The Sims 3: World Adventures,PC,2009,Simulation,0.02
Madden NFL 06,GC,2005,Sports,0.44
Mega Man Star Force 2: Zerker x Ninja / Saurian,DS,2007,Action,0.24
Titanfall 2,XOne,2016,Shooter,0.37
BlazBlue: Calamity Trigger,PS3,2009,Fighting,0.36
"Transformers: The Game (XBox 360, PS2, PS3, Wii & PC Versions)",Wii,2007,Action,0.5
Iron Man,X360,2008,Action,0.27
Naruto: Ultimate Ninja 2,PS2,2004,Fighting,0.47
The Mysterious Murasame Castle,NES,1986,Action,0
NBA Hangtime,N64,1997,Sports,0.48
NHL 10,PS3,2009,Sports,0.38
Zumba Fitness,PS3,2010,Sports,0.28
Rock Band 3,PS3,2010,Misc,0.43
Blood Wake,XB,2001,Shooter,0.43
Dynasty Warriors 5: Xtreme Legends,PS2,2005,Action,0.11
Rapala: We Fish,Wii,2009,Sports,0.52
Harvest Moon: Sunshine Islands,DS,2008,Simulation,0.35
WWE 2K15,XOne,2014,Sports,0.29
Jampack Summer 2002,PS2,2002,Misc,0.28
FIFA World Cup Germany 2006,PS2,2006,Sports,0.47
Wreckless: ThE YaKuza MisSiOns,XB,2002,Racing,0.42
Super Bomberman,SNES,1992,Puzzle,0
Defiance,X360,2013,Shooter,0.38
Disgaea 4: A Promise Unforgotten,PS3,2011,Role-Playing,0.27
SpongeBob SquarePants featuring Nicktoons: Globs of Doom,DS,2008,Action,0.52
SpongeBob SquarePants: Battle for Bikini Bottom,XB,2003,Platform,0.45
Doom 3 BFG Edition,PS3,2012,Shooter,0.26
SD Gundam G Generation Neo,PS2,2002,Strategy,0
Spider-Man 3,X360,2007,Platform,0.49
Pro Evolution Soccer 2012,PSP,2011,Action,0.1
The Conduit,Wii,2009,Shooter,0.28
Trivial Pursuit,Wii,2009,Misc,0.2
Just Dance 2016,WiiU,2015,Misc,0.27
Disney Universe,X360,2011,Action,0.37
RalliSport Challenge,XB,2002,Racing,0.39
Resident Evil Outbreak File #2,PS2,2004,Action,0.19
Top Spin 3,PS3,2008,Action,0.08
Bob the Builder: Can We Fix It?,PS,2000,Action,0.31
XIII,PS2,2003,Shooter,0.28
Tomb Raider: Anniversary,PSP,2007,Action,0.21
Bratz 4 Real,DS,2007,Adventure,0.29
Rune Factory 4,3DS,2012,Role-Playing,0.32
3D Dot Game Heroes,PS3,2009,Role-Playing,0.36
Up,Wii,2009,Action,0.22
Breath of Fire IV,PS,2000,Role-Playing,0.11
Tales of Zestiria,PS3,2015,Role-Playing,0.05
True Crime: Streets of LA,GC,2003,Action,0.44
Odin Sphere,PS2,2007,Role-Playing,0.23
Petz Wild Animals: Tigerz,DS,2008,Simulation,0.52
The Incredible Hulk,GBA,2003,Action,0.4
Ms. Pac-Man Maze Madness,GBA,2004,Puzzle,0.4
Xenoblade Chronicles,3DS,2015,Role-Playing,0.27
Titanfall,PC,2014,Shooter,0.22
Arena Football,PS2,2006,Sports,0.28
The Lord of the Rings: The Return of the King,GBA,2003,Action,0.4
NHL Hitz 20-02,PS2,2001,Sports,0.28
The Legend of Spyro: Dawn of the Dragon,Wii,2008,Platform,0.34
Classic NES Series: Dr. Mario,GBA,2004,Puzzle,0.31
The Sims: Bustin' Out,XB,2003,Simulation,0.4
NCAA March Madness 07,PS2,2007,Sports,0.28
"Monsters, Inc. Scream Team",PS,2001,Platform,0.31
"Warhammer 40,000: Space Marine",X360,2011,Shooter,0.25
Harry Potter Collection,PS2,2006,Misc,0.28
Top Spin 3,X360,2008,Action,0.09
Yu-Gi-Oh! World Championship Tournament 2004,GBA,2004,Misc,0.4
Cabela's Big Game Hunter 2005 Adventures,PS2,2004,Sports,0.28
LEGO Rock Band,X360,2009,Misc,0.4
Knockout Kings 2001,PS2,2001,Fighting,0.28
Army Men: Sarge's Heroes,PS,1999,Action,0.31
Petz Dogz 2,PS2,2007,Simulation,0.28
Battlefield 2: Modern Combat,XB,2005,Shooter,0.39
Tom Clancy's HAWX,PS3,2009,Action,0.21
All-Star Baseball 2002,PS2,2001,Sports,0.27
Backyard NFL Football,GBA,2002,Sports,0.4
Minecraft: Story Mode,XOne,2015,Adventure,0.3
Jillian Michaels Fitness Ultimatum 2010,Wii,2009,Sports,0.51
Need for Speed: Most Wanted,GC,2005,Racing,0.43
NASCAR Rumble,PS,2000,Racing,0.31
Bolt,Wii,2008,Adventure,0.19
WWE Raw 2,XB,2003,Fighting,0.43
Resident Evil 2,N64,1999,Action,0.39
Mega Man X2,SNES,1993,Platform,0.09
Manhunt 2,PS2,2007,Action,0.27
Fullmetal Alchemist and the Broken Angel,PS2,2003,Role-Playing,0.15
Tony Hawk's Project 8,PSP,2006,Sports,0.41
Hamtaro: Ham-Hams Unite!,GB,2001,Role-Playing,0
Batman Begins,PS2,2005,Action,0.27
Dogz,DS,2006,Simulation,0.5
Yokai Sangokushi,3DS,2016,Action,0
Tony Hawk's Proving Ground,X360,2007,Sports,0.49
Dr. Seuss' The Cat in the Hat,PS2,2003,Misc,0.27
Barbie Groovy Games,GBA,2002,Misc,0.4
Wolfenstein,X360,2009,Shooter,0.28
Yu-Gi-Oh! Reshef of Destruction,GBA,2003,Strategy,0.4
Blinx: The Time Sweeper,XB,2002,Platform,0.39
ESPN NFL Football,PS2,2003,Sports,0.27
Fatal Fury Special,SNES,1994,Fighting,0
Major League Baseball 2K5,XB,2005,Sports,0.52
Tetris Party Deluxe,Wii,2010,Puzzle,0.33
DS Bimoji Training,DS,2008,Misc,0
Gravity Rush,PSV,2012,Action,0.21
Quantum Break,XOne,2016,Action,0.3
Archer Maclean's Mercury,PSP,2005,Puzzle,0.17
TMNT,X360,2007,Action,0.48
Middle-Earth: Shadow of Mordor,PS3,2014,Action,0.2
Soldier of Fortune: Gold Edition,PS2,2001,Shooter,0.27
FIFA 15,Wii,2014,Sports,0.15
Final Fantasy IV: The Complete Collection,PSP,2011,Role-Playing,0.13
Frontlines: Fuel of War,X360,2008,Shooter,0.34
MX 2002 Featuring Ricky Carmichael,PS2,2001,Racing,0.27
NCAA Football 07,XB,2006,Sports,0.42
Lunar: Silver Star Story Complete,PS,1998,Role-Playing,0.27
Harvest Moon: The Tale of Two Towns,DS,2010,Simulation,0.25
No More Heroes,Wii,2007,Action,0.29
NBA Showtime: NBA on NBC,PS,1999,Sports,0.31
God of War: Origins Collection,PS3,2011,Action,0.39
Dora The Explorer: Dora Saves the Snow Princess,Wii,2008,Platform,0.49
Soul Reaver 2,PS2,2001,Action,0.27
Metal Gear Solid 3: Subsistence,PS2,2005,Action,0.34
The Godfather (old US sales),XB,2006,Action,0.42
Enslaved: Odyssey to the West,PS3,2010,Action,0.24
Daytona USA,SAT,1994,Racing,0
WWF Raw,XB,2002,Fighting,0.4
Shin Super Robot Taisen,PS,1996,Role-Playing,0
Jump Super Stars,DS,2005,Fighting,0
Guitar Hero Live,XOne,2015,Misc,0.3
The Activision Decathlon,2600,1982,Sports,0.52
Simple 1500 Series Vol. 73: The Invaders ~Space Invaders 1500~,PS,2001,Shooter,0.31
Fighting Force 2,PS,1999,Action,0.31
Sakura Wars,SAT,1996,Adventure,0
Catz,DS,2006,Simulation,0.49
Extermination,PS2,2001,Action,0.21
Batman: Vengeance,PS2,2001,Adventure,0.27
Ratchet & Clank: Quest for Booty,PS3,2008,Platform,0
Derby Stallion 04,PS2,2004,Sports,0
Rapala Tournament Fishing!,Wii,2006,Sports,0.51
Hot Shots Golf: World Invitational,PSV,2011,Sports,0.15
Tony Hawk's Pro Skater 3,XB,2002,Sports,0.34
Mega Man Zero,GBA,2002,Platform,0.22
Contender 2,PS,2000,Fighting,0.31
Resident Evil: Revelations 2,PS4,2015,Action,0.13
Star Wars: Dark Forces,PS,1996,Shooter,0.31
LEGO Dimensions,PS3,2015,Action,0.17
NBA 2K8,PS3,2007,Sports,0.5
Rayman Origins,Wii,2011,Platform,0.21
The Amazing Spider-Man 2 (2014),PS4,2014,Action,0.2
SD Gundam G Generation Zero,PS,1999,Strategy,0
Assassin's Creed: Unity,PC,2014,Action,0.18
MX vs. ATV: Alive,X360,2011,Racing,0.37
Super Robot Taisen F,SAT,1997,Strategy,0
Shrek 2,XB,2004,Platform,0.4
Purr Pals,DS,2007,Simulation,0.18
Assassin's Creed II,PC,2010,Action,0.01
Soccer Tsuku 2002: J-League Pro Soccer Club o Tsukurou!,PS2,2002,Sports,0
Secret Agent Clank(US sales),PSP,2008,Platform,0.33
SpongeBob SquarePants: SuperSponge,GBA,2001,Action,0.39
Super Robot Taisen F Kanketsuhen,SAT,1998,Strategy,0
Tak and the Power of Juju,GBA,2003,Platform,0.39
Madagascar: Escape 2 Africa,Wii,2008,Action,0.31
Lips: Number One Hits,X360,2009,Misc,0.15
Mortal Kombat 3,PS,1995,Fighting,0.29
Star Wars Battlefront (2015),PC,2015,Shooter,0.13
Turok: Evolution,XB,2002,Shooter,0.39
Grease,Wii,2010,Misc,0.26
Jak X: Combat Racing,PS2,2005,Racing,0.45
Donkey Kong Jungle Climber,DS,2007,Platform,0.25
American Idol,PS2,2003,Misc,0.27
Top Gun: Fire at Will!,PS,1996,Misc,0.3
Barbie Horse Adventures: Riding Camp,DS,2008,Sports,0.5
Red Dead Revolver,XB,2004,Shooter,0.4
CrossworDS,DS,2008,Puzzle,0.5
Viva Pinata: Pocket Paradise,DS,2008,Simulation,0.26
Petz Catz Clan,DS,2008,Simulation,0.47
ZhuZhu Pets 2: Featuring The Wild Bunch,DS,2010,Simulation,0.4
Sly Cooper: Thieves in Time,PS3,2013,Platform,0.35
Iron Man,PS2,2008,Action,0.36
SingStar Summer Party,PS2,2008,Misc,0
Spec Ops: The Line,PS3,2012,Shooter,0.19
The SpongeBob SquarePants Movie,XB,2004,Platform,0.4
NHL 14,PS3,2013,Sports,0.28
F1 2013,PS3,2013,Racing,0.01
FIFA Soccer 07,XB,2006,Sports,0.16
Gekikuukan Pro Yakyuu: At the End of the Century 1999,PS2,2000,Sports,0
Legends of WrestleMania,PS3,2009,Fighting,0.3
Are You Smarter than a 5th Grader? Make the Grade,Wii,2008,Misc,0.5
Tiger Woods PGA Tour 08,X360,2007,Sports,0.49
Medarot 2: Kabuto / Kuwagata Version,GB,1999,Role-Playing,0
Dance Dance Revolution Ultramix,XB,2003,Simulation,0.42
Crash Tag Team Racing,PS2,2005,Racing,0.27
Front Mission 4,PS2,2003,Strategy,0.14
The Fairly Odd Parents: Breakin' Da Rules,GBA,2003,Platform,0.39
Rayman Origins,PSV,2012,Platform,0.12
Ninokuni: Shikkoku no Madoushi,DS,2010,Role-Playing,0
F.E.A.R.,PS3,2007,Shooter,0.18
Enslaved: Odyssey to the West,X360,2010,Action,0.3
SRS: Street Racing Syndicate,PS2,2004,Racing,0.26
Dragon Ball Z: Shin Budokai,PSP,2006,Fighting,0.26
Tiger Woods PGA Tour 13,PS3,2012,Sports,0.24
Dynasty Warriors: Gundam 3,PS3,2010,Action,0.11
Def Jam: Fight for NY,XB,,Fighting,0.43
Action Force,2600,1982,Action,0.5
FIFA 99,N64,1998,Sports,0.11
Gauntlet Legends,N64,1999,Action,0.43
Kidou Senshi Gundam: Extreme VS,PS3,2011,Fighting,0
System 3 presents Ferrari Challenge Trofeo Pirelli,Wii,2008,Racing,0.07
Tony Hawk: Shred,Wii,2010,Sports,0.39
Tiger Woods PGA Tour 11,Wii,2010,Sports,0.23
NBA Live 10,PS3,2009,Sports,0.46
Metro 2033,X360,2010,Shooter,0.22
Bust A Groove,PS,1998,Misc,0.09
Fire Emblem: Path of Radiance,GC,2005,Action,0.29
Dragon Quest Characters: Torneko no Daibouken 3: Fushigi no Dungeon,PS2,2002,Role-Playing,0
Hotel Dusk: Room 215,DS,2007,Adventure,0.26
Final Fantasy Explorers,3DS,2014,Role-Playing,0.16
Pachi-Slot Aruze Oukoku 2,PS,1999,Misc,0
Bratz: Rock Angelz,GBA,2004,Misc,0.39
SSX Tricky,GC,2001,Sports,0.42
Greg Hastings' Tournament Paintball,XB,2004,Shooter,0.46
World Soccer Winning Eleven 7 International (JP version),PS2,2004,Sports,0
ESPN NBA Basketball,PS2,2003,Sports,0.26
Dragon Ball Z: Ultimate Tenkaichi,X360,2011,Fighting,0.39
Sacred 2: Fallen Angel,X360,2009,Role-Playing,0.29
Two Worlds II,X360,2011,Role-Playing,0.4
Over the Hedge,PS2,2006,Platform,0.45
Mat Hoffman's Pro BMX,PS,2001,Sports,0.3
Phineas and Ferb: Across the 2nd Dimension,DS,2011,Action,0.31
50 Classic Games,DS,2009,Misc,0.5
Let's Draw!,DS,2008,Misc,0.24
NHL 14,X360,2013,Sports,0.4
Popeye,2600,1982,Platform,0.5
Petz Nursery,DS,2009,Simulation,0.5
The Hobbit,PS2,2003,Platform,0.26
War of the Monsters,PS2,2003,Fighting,0.26
Harry Potter and the Deathly Hallows - Part 1,Wii,2010,Action,0.22
NBA Street Vol. 2,GC,,Sports,0.41
The Incredible Hulk: Ultimate Destruction,PS2,2005,Action,0.26
Time Crisis: Razing Storm,PS3,2010,Shooter,0.18
Summer Sports: Paradise Island,Wii,2008,Sports,0.48
"Sakura Taisen 2 - Kimi, Shinitamou Koto Nakare",SAT,1998,Adventure,0
Time Crisis II,PS2,2001,Shooter,0.26
Inazuma Eleven GO,3DS,2011,Role-Playing,0
Clock Tower,PS,1996,Adventure,0.07
NCAA March Madness 06,PS2,2005,Sports,0.45
LEGO Dimensions,WiiU,2015,Action,0.3
Valkyria Chronicles II,PSP,2010,Role-Playing,0.12
Jampack Volume 11,PS2,2004,Misc,0.26
Monster High: Ghoul Spirit,Wii,2011,Misc,0.42
Tatsunoko vs. Capcom: Ultimate All-Stars,Wii,2010,Fighting,0.3
Rune Factory: A Fantasy Harvest Moon,DS,2006,Role-Playing,0.35
Legacy of Kain: Defiance,PS2,2003,Action,0.26
SpongeBob SquarePants: Game Boy Advance Video Volume 2,GBA,2004,Misc,0.38
NCAA March Madness 2005,PS2,2004,Sports,0.44
007 Racing,PS,2000,Racing,0.3
Tactics Ogre: Let Us Cling Together,PSP,2010,Role-Playing,0.15
Conflict: Vietnam,PS2,2004,Shooter,0.26
Dragon's Crown,PS3,2013,Role-Playing,0.25
2 in 1 Combo Pack: Sonic Heroes / Super Monkey Ball Deluxe,XB,2004,Misc,0.4
MLB SlugFest 20-04,PS2,2003,Sports,0.26
Gex 3: Deep Cover Gecko,PS,1999,Platform,0.3
NASCAR 09,PS2,2008,Racing,0.26
Blitz: The League,XB,2004,Sports,0.4
Manhunt 2,Wii,2007,Action,0.25
Just Dance 2015,XOne,2014,Misc,0.35
Jampack Vol. 2,PS,1996,Misc,0.3
The LEGO Movie Videogame,XOne,2014,Action,0.35
Virtual Soccer,SNES,1993,Sports,0
Overwatch,PC,2016,Shooter,0.25
Romance of the Three Kingdoms IV: Wall of Fire,SNES,1994,Strategy,0
Monster Jam: Path of Destruction,Wii,2010,Racing,0.48
Winning Post,SNES,1993,Sports,0
Peter Jackson's King Kong: The Official Game of the Movie,XB,2005,Action,0.34
Burnout Revenge,XB,2005,Racing,0.32
Medal of Honor: European Assault,XB,2005,Shooter,0.32
Ty the Tasmanian Tiger 2: Bush Rescue,PS2,2004,Platform,0.26
The Lord of the Rings: The Fellowship of the Ring,XB,2002,Action,0.31
NBA 06,PS2,2005,Sports,0.26
Inazuma Eleven,DS,2008,Role-Playing,0
Excite Truck,Wii,2006,Racing,0.39
Phoenix Wright: Ace Attorney - Justice for All,DS,2006,Adventure,0.21
Spider-Man,N64,2000,Action,0.43
Magician's Quest: Mysterious Times,DS,2008,Role-Playing,0.04
Hello Kitty: Big City Dreams,DS,2008,Puzzle,0.42
X-Men Legends,GC,2004,Role-Playing,0.41
Mario & Sonic at the Rio 2016 Olympic Games,3DS,2016,Action,0.05
G-Force,DS,2009,Action,0.26
Front Mission 2,PS,1997,Strategy,0
StarCraft II: Legacy of the Void,PC,2015,Strategy,0.19
Jewel Master Egypt,DS,2009,Puzzle,0.21
ModNation Racers,PSP,2010,Racing,0.11
LEGO Dimensions,X360,2015,Action,0.26
WWE SmackDown vs. Raw 2010,DS,2009,Fighting,0.35
Are You Smarter Than A 5th Grader?,DS,2007,Misc,0.48
Oni,PS2,2001,Action,0.26
Tom Clancy's Ghost Recon Advanced Warfighter 2,PSP,2007,Shooter,0.35
SpongeBob SquarePants featuring Nicktoons: Globs of Doom,Wii,2008,Action,0.49
Terminator Salvation,PS3,2009,Shooter,0.13
How to Train Your Dragon,DS,2010,Action,0.31
The Lord of the Rings: The Two Towers,GC,2002,Action,0.41
Batman: Arkham City,PC,2011,Action,0.16
Juiced,PS2,2005,Racing,0.26
The Warriors,PS2,2005,Action,0.44
J-League Soccer: Prime Goal 2,SNES,1994,Sports,0
Star Fox Command,DS,2006,Shooter,0.38
Dragon Age: Inquisition,X360,2014,Role-Playing,0.36
Wayne Gretzky's 3D Hockey,N64,1996,Sports,0.49
NASCAR 2000,N64,1999,Racing,0.49
Pachi-Slot Aruze Oukoku 4,PS,2000,Misc,0
Bulletstorm,PS3,2011,Shooter,0.23
Return to Castle Wolfenstein: Operation Resurrection,PS2,2003,Shooter,0.26
Mario Tennis: Power Tour,GBA,2005,Sports,0.24
Seaman,DC,1999,Simulation,0
The Grinch,PS,1999,Adventure,0.29
Tales of Symphonia,PS3,2013,Role-Playing,0.21
Michael Jackson: The Experience,PS3,2011,Misc,0.25
Tales of Destiny,PS2,2006,Role-Playing,0
Stuntman: Ignition,PS3,2007,Racing,0.17
Littlest Pet Shop 3: Biggest Stars - Blue / Pink / Purple Team,DS,2010,Simulation,0.49
F.E.A.R. 2: Project Origin,X360,2009,Shooter,0.32
Mystery Dungeon: Shiren the Wanderer,DS,2006,Role-Playing,0.17
GT Pro Series,Wii,2006,Racing,0.46
Tiger Woods PGA Tour 11,X360,2010,Sports,0.28
The Golden Compass,PS2,2007,Action,0.13
Final Fantasy Chronicles,PS,2001,Role-Playing,0.29
F1 2009,PSP,2009,Racing,0.08
Syphon Filter 3,PS,2001,Shooter,0.29
Metal Gear Solid 2: Substance,PS2,2002,Action,0.18
Tales of Symphonia: Dawn of the New World,Wii,2008,Role-Playing,0.21
NBA Live 08,X360,2007,Sports,0.47
Guinness World Records: The Videogame,DS,2008,Action,0.47
We Love Katamari,PS2,2005,Puzzle,0.26
Sesame Street: Once Upon A Monster,X360,2011,Misc,0.39
NCAA Football 2003,XB,2002,Sports,0.39
We Cheer,Wii,2008,Simulation,0.47
Madden NFL 07,PS3,2006,Sports,0.47
Ready 2 Rumble Boxing: Round 2,PS,2000,Fighting,0.29
LEGO Jurassic World,WiiU,2015,Action,0.27
Mega Man 6,NES,1993,Platform,0.28
NBA Live 09,PS3,2008,Sports,0.46
FIFA 12,PSP,2011,Sports,0.12
Mission: Impossible,PS,1999,Action,0.29
Rory McIlroy PGA Tour,PS4,2015,Action,0.18
SingStar Dance,PS3,2010,Misc,0.09
Rival Schools: United By Fate,PS,1998,Fighting,0.12
Lords of the Fallen,PS4,2014,Role-Playing,0.18
Swing Away Golf,PS2,2000,Sports,0.17
J-League Pro Soccer Club o Tsukurou! 3,PS2,2003,Sports,0
Tomb Raider: Legend,PS2,2006,Action,0.25
Freedom Fighters,PS2,2003,Shooter,0.25
Silent Hill: Origins,PSP,2007,Action,0.22
Gun,XB,2005,Shooter,0.38
That's So Raven 2: Supernatural Style,GBA,2005,Adventure,0.37
Fight Night Round 3,PSP,2006,Fighting,0.46
The Punisher,PS2,2005,Action,0.25
Kirby and the Rainbow Curse,WiiU,2015,Platform,0.22
Front Mission 3,PS,1999,Strategy,0.1
Kenkou Ouen Recipe 1000: DS Kondate Zenshuu,DS,2006,Misc,0
SSX On Tour,PS2,2005,Sports,0.25
 Frozen: Olaf's Quest,DS,2013,Platform,0.21
Disgaea 3: Absence of Justice,PS3,2008,Role-Playing,0.33
Tony Hawk's Pro Skater 3,GBA,2002,Sports,0.37
Way of the Samurai 3,PS3,2008,Action,0.18
The Sims 2: Open for Business,PC,2006,Simulation,0.46
Rune Factory 2: A Fantasy Harvest Moon,DS,2008,Role-Playing,0.32
Harry Potter and the Prisoner of Azkaban,GBA,2004,Action,0.37
Omega Boost,PS,1999,Shooter,0.17
NFL 2K3,XB,2002,Sports,0.38
Cars 2,PS3,2011,Racing,0.22
Go Diego Go! Safari Rescue,Wii,2008,Action,0.47
SimAnimals,DS,2009,Simulation,0.26
NBA Live 2002,PS,2001,Sports,0.29
Jampack Winter 2002,PS2,2002,Misc,0.25
LEGO Marvel Super Heroes,PSV,2013,Action,0.11
Way of the Samurai,PS2,2002,Action,0.13
The 3rd Birthday,PSP,2010,Role-Playing,0.13
Sonic & All-Stars Racing Transformed,WiiU,2012,Racing,0.19
Kung Fu Panda,PS3,2008,Action,0.21
Classic Word Games,DS,2009,Misc,0.09
Epic Mickey 2: The Power of Two,X360,2012,Action,0.32
Fishing Derby,2600,,Sports,0.48
Pac-Man Fever,PS2,2001,Misc,0.25
Spectrobes: Beyond the Portals,DS,2008,Role-Playing,0.36
International Track & Field,PS,1996,Sports,0.08
HSX HyperSonic.Xtreme,PS2,2002,Racing,0.25
Lair,PS3,2007,Action,0.36
Madden NFL 2004,GC,2003,Sports,0.4
Jikkyou Powerful Pro Yakyuu 10,PS2,2003,Sports,0
Summoner,PS2,2000,Role-Playing,0.25
Soul Sacrifice,PSV,2013,Role-Playing,0.15
Virtual Pool,PS,1997,Sports,0.28
DC Universe Online,PS3,2011,Role-Playing,0.35
Jam With the Band,DS,2008,Misc,0
NBA Live 07,PSP,2006,Sports,0.47
IL-2 Sturmovik: Birds of Prey,X360,2009,Simulation,0.23
100 All-Time Favorites,DS,2009,Puzzle,0.35
The Walking Dead: Survival Instinct,PS3,2013,Shooter,0.28
Major League Baseball 2K10,X360,2010,Sports,0.47
Alice in Wonderland,Wii,2010,Adventure,0.25
Ratatouille,PS3,2007,Action,0.09
"SpongeBob SquarePants: Lights, Camera, Pants!",GBA,2005,Misc,0.37
Wrecking Crew,NES,1985,Platform,0
Rugrats: Scavenger Hunt,N64,1999,Misc,0.41
International Superstar Soccer 2000 (All region sales),N64,1999,Sports,0.01
NBA Live 2004,XB,2003,Sports,0.44
Iron Man,DS,2008,Action,0.35
Alien: Isolation,XOne,2014,Shooter,0.22
Dai-4-Ji Super Robot Taisen S,PS,1996,Strategy,0
Pro Evolution Soccer 2010,Wii,2009,Sports,0.12
Disney's Kim Possible: Revenge of Monkey Fist,GBA,2002,Platform,0.37
Naruto Shippuden: Clash of Ninja Revolution 3,Wii,2009,Fighting,0.44
Ace Combat Zero: The Belkan War,PS2,2006,Simulation,0.15
Dragon Age: Origins,PC,2009,Role-Playing,0
Dynasty Warriors,PSP,2004,Action,0.18
NHL 07,PS2,2006,Sports,0.42
SoulCalibur: Broken Destiny,PSP,2009,Fighting,0.12
Dishonored,PC,2012,Action,0.26
Dragon Ball: Raging Blast,X360,2009,Fighting,0.36
Naruto Shippuden: Ultimate Ninja Storm 3,X360,2013,Fighting,0.29
Petz: Hamsterz Life 2,DS,2007,Misc,0.47
World Championship Poker,XB,2004,Misc,0.37
The BIGS,PS2,2007,Sports,0.25
WWE 2K16,PS3,2015,Sports,0.22
Final Fantasy,WS,2000,Role-Playing,0
Dragon Ball Z: Supersonic Warriors,GBA,2004,Fighting,0.36
NBA Ballers,XB,2004,Sports,0.37
Silent Hill 4: The Room,PS2,2004,Action,0.25
River Raid II,2600,1988,Shooter,0.47
Capcom Classics Collection,PS2,2005,Misc,0.22
My Word Coach,Wii,2007,Misc,0.46
Monopoly Party,PS2,2002,Misc,0.25
Tiger Woods PGA Tour 13,X360,2012,Sports,0.29
NHL FaceOff 98,PS,1997,Sports,0.28
The Saboteur,X360,2009,Action,0.26
The Adventures of Jimmy Neutron Boy Genius: Attack of the Twonkies,GBA,2004,Action,0.36
Sonic Riders,PS2,2006,Racing,0.42
Looney Tunes: Back in Action,PS2,2003,Platform,0.25
Monsters vs. Aliens,DS,2009,Action,0.33
Midnight Magic,2600,1983,Action,0.47
NHL 09,X360,2008,Sports,0.45
Bully: Scholarship Edition,Wii,2008,Action,0.17
WWE SmackDown vs. RAW 2007,X360,2006,Fighting,0.44
Midnight Club II,XB,2003,Racing,0.42
Monster Hunter Freedom 2,PS3,2011,Role-Playing,0
Tiger Woods PGA Tour 07,PS3,2006,Sports,0.31
Ratatouille,Wii,2007,Action,0.43
Avatar: The Last Airbender,GC,2006,Adventure,0.39
Blue's Clues: Blue's Big Musical,PS,2001,Misc,0.28
The Mummy Returns,PS2,2001,Action,0.25
Cars Toon: Mater's Tall Tales,Wii,2010,Misc,0.45
Paws & Claws: Dogs & Cats Best Friends,DS,2007,Simulation,0.46
Hitman: Blood Money,PS2,2006,Action,0.25
Disney Sing It,PS2,2008,Misc,0.25
Chopper Command,2600,1982,Shooter,0.47
Lost: Via Domus,PS3,2008,Action,0.19
Crash: Mind Over Mutant,PS2,2008,Platform,0.25
Activision Anthology,PS2,2002,Misc,0.25
Picross DS,DS,2007,Puzzle,0.17
Pro Evolution Soccer 2012,X360,2011,Action,0.1
Final Fantasy II Anniversary Edition,PSP,2007,Role-Playing,0.36
Test Drive Unlimited,PSP,2007,Racing,0.08
Harry Potter and the Half-Blood Prince,PSP,2009,Action,0.18
Unit 13,PSV,2012,Shooter,0.25
R.U.S.E.,PS3,2010,Strategy,0.18
Theatrhythm: Final Fantasy,3DS,2012,Misc,0.22
Prince of Persia Trilogy,PS3,2010,Action,0.17
Goldeneye 007: Reloaded,X360,2011,Shooter,0.25
Rugrats in Paris: The Movie,N64,2000,Action,0.4
Hidden Mysteries: Titanic - Secrets of the Fateful Voyage,DS,2009,Adventure,0.12
Star Wars: Jedi Starfighter,PS2,2002,Simulation,0.24
Tactics Ogre: The Knight of Lodis,GBA,2001,Role-Playing,0.13
"Transformers: War for Cybertron (XBox 360, PS3, & PC Versions)",PS3,2010,Shooter,0.24
Super Robot Taisen MX,PS2,2004,Strategy,0
Sega Bass Fishing,Wii,2008,Sports,0.45
Bases Loaded '96: Double Header,PS,1995,Sports,0.28
Dead or Alive Ultimate,XB,2004,Fighting,0.3
RPG Maker,PS,1997,Role-Playing,0.11
Major League Baseball 2K12,X360,2012,Sports,0.47
Rooms: The Main Building,DS,2010,Adventure,0.1
Dance Dance Revolution Universe 2,X360,2007,Simulation,0.46
Burnout Revenge,X360,2006,Racing,0.42
Star Wars: Clone Wars,PS2,2002,Shooter,0.24
The Adventures of Jimmy Neutron Boy Genius: Attack of the Twonkies,PS2,2004,Action,0.24
Madden NFL 13,Wii,2012,Sports,0.47
Madden NFL 11,PS2,2010,Sports,0.41
Monster Hunter,PS2,2004,Role-Playing,0.11
NBA Street Homecourt,X360,2007,Sports,0.45
Tony Hawk's Underground 2,GC,2004,Sports,0.38
SplashDown: Rides Gone Wild,PS2,2003,Racing,0.24
Super Famista 5,SNES,1996,Sports,0
Shrek SuperSlam,PS2,2005,Action,0.24
Rayman Advance,GBA,2001,Platform,0.36
Super Robot Taisen Z,PS2,2008,Strategy,0
PoPoLoCrois Monogatari,PS,1996,Role-Playing,0
Wet,X360,,Shooter,0.23
Tomb Raider: Anniversary,PS2,2007,Action,0.41
Fantastic 4,PS2,2005,Action,0.41
Men in Black II: Alien Escape,PS2,2002,Shooter,0.24
RealSports Tennis,2600,1982,Sports,0.46
Nicktoons: Attack of the Toybots,PS2,2007,Platform,0.24
Raiders of the Lost Ark,2600,1981,Action,0.46
Gauntlet,2600,1982,Action,0.46
Alice: Madness Returns,X360,2011,Adventure,0.27
Madden NFL 07,Wii,2006,Sports,0.46
Spider-Man 2,DS,2004,Action,0.41
Ridge Racer 3D,3DS,2011,Racing,0.19
Picross 3D,DS,2009,Puzzle,0.28
Dynasty Warriors: Gundam 2,PS3,2008,Action,0.09
Cars Mater-National Championship,Wii,2007,Racing,0.46
Tony Hawk's Underground 2,GBA,2004,Sports,0.35
Super Monkey Ball 3D,3DS,2011,Action,0.26
Euro Truck Simulator,PC,2008,Simulation,0
SpongeBob SquarePants: Creature from the Krusty Krab,Wii,2006,Platform,0.44
Dragon Quest Heroes: The World's Tree Woe and the Blight Below,PS3,2015,Action,0
F1 2012,X360,2012,Racing,0.1
NBA 2K11,Wii,2010,Action,0.46
Ice Hockey,2600,1980,Sports,0.46
Tony Hawk's Project 8,X360,2006,Sports,0.44
Babysitting Mama,Wii,2010,Simulation,0.33
Bleach: Soul Resurreccion,PS3,2011,Fighting,0.27
The Matrix: Path of Neo,PS2,2005,Action,0.41
Dragon Ball Z: Supersonic Warriors 2,DS,2005,Fighting,0.13
Sonic Lost World,3DS,2013,Platform,0.24
WWE Wrestlemania X8,GC,2002,Fighting,0.38
Boogie,Wii,2007,Misc,0.43
The Price is Right,DS,2008,Misc,0.46
Power Rangers: Dino Thunder,GBA,2003,Action,0.35
GoldenEye: Rogue Agent,XB,2004,Shooter,0.34
Fire Emblem: Radiant Dawn,Wii,2007,Strategy,0.27
The Sims,GC,2003,Simulation,0.35
Plants vs. Zombies: Garden Warfare 2,PS4,2016,Shooter,0.2
Grandia III,PS2,2005,Role-Playing,0.12
Ace Combat: Assault Horizon,X360,2011,Action,0.3
Mobile Suit Gundam Seed Destiny: Rengou vs. Z.A.F.T. II Plus,PS2,2006,Shooter,0
Mario & Wario,SNES,1993,Puzzle,0
Scarface: The World is Yours,XB,2006,Action,0.37
Resident Evil: The Mercenaries 3D,3DS,2011,Action,0.16
FIFA Soccer 64,N64,1997,Sports,0.16
Dreamworks Madagascar Kartz,Wii,2009,Racing,0.29
Star Wars Battlefront: Elite Squadron,DS,2009,Shooter,0.42
Epic Mickey: Power of Illusion,3DS,2012,Action,0.36
Kane & Lynch 2: Dog Days,X360,2010,Shooter,0.2
J-League Pro Soccer Club wo Tsukurou! 2,SAT,1997,Sports,0
SpongeBob SquarePants: Creature from the Krusty Krab,DS,2006,Platform,0.45
Backyard Baseball,PS2,2004,Sports,0.24
WipEout Pulse,PS2,2009,Racing,0
Middle-Earth: Shadow of Mordor,X360,2014,Action,0.28
Barbie Horse Adventures: Wild Horse Rescue,PS2,2003,Sports,0.24
Pokemon Art Academy ,3DS,2014,Misc,0.18
Taiko no Tatsujin: Appare Sandaime,PS2,2003,Misc,0
One Piece: Grand Battle!,PS,2001,Fighting,0
Sonic & All-Stars Racing Transformed,PS3,2012,Racing,0.08
Medal of Honor,PC,2010,Shooter,0.2
Asphalt 3D,3DS,2011,Racing,0.27
"Transformers: Revenge of the Fallen (XBox 360, PS3, & PC Versions)",PS2,2009,Shooter,0.25
Crazy Taxi,GC,2001,Racing,0.36
Dragon Ball Z: Burst Limit,X360,2008,Fighting,0.24
Spy Hunter 2,PS2,2003,Racing,0.24
Pac-Man World 2,XB,2002,Action,0.36
Die Hard Trilogy 2: Viva Las Vegas,PS,1999,Action,0.27
Momotarou Dentetsu X: Kyuushuu-hen mo Arubai,PS2,2001,Misc,0
Sniper: Art of Victory,PC,2008,Shooter,0
Tales of Legendia,PS2,2005,Role-Playing,0.07
SimCity 2000,SNES,1995,Simulation,0
FIFA Soccer 09,DS,2008,Sports,0.12
Steel Diver,3DS,2011,Action,0.31
Bravely Second: End Layer,3DS,2015,Role-Playing,0.17
Alone in the Dark,X360,2008,Adventure,0.14
Football Manager Handheld 2009,PSP,2008,Sports,0
Puzzle & Dragons Z + Super Mario Bros. Edition,3DS,2015,Puzzle,0.06
Shrek the Third,PS2,2007,Action,0.4
Madagascar: Operation Penguin,GBA,2005,Action,0.35
Need for Speed: Porsche Unleashed,GBA,2004,Racing,0.35
Yu-Gi-Oh! Forbidden Memories (JP sales),PS,1999,Role-Playing,0
Far Cry 2,PC,2008,Action,0.01
NFL Street 2,XB,2004,Sports,0.36
Millipede,2600,1983,Shooter,0.45
The Legend of the Mystical Ninja,SNES,1991,Adventure,0
Mad Max (2015),XOne,2015,Action,0.28
Rock Band Unplugged,PSP,2009,Misc,0.24
Ultimate I Spy,Wii,2008,Adventure,0.45
Jeopardy!,PS2,2003,Misc,0.24
Destroy All Humans! 2,PS2,2006,Action,0.4
Skylanders: SuperChargers,WiiU,2015,Action,0.25
ECW Hardcore Revolution,PS,1999,Fighting,0.27
You're in the Movies,X360,2008,Misc,0.27
Cars 2,X360,2011,Racing,0.28
Scene It? Lights Camera Action,X360,2007,Misc,0.43
MotorStorm: Apocalypse,PS3,2011,Racing,0.21
Dark Sector,X360,2008,Shooter,0.22
Wu-Tang: Shaolin Style,PS,1998,Fighting,0.27
Tiger Woods PGA Tour 07,X360,2006,Sports,0.44
Plants vs. Zombies: Garden Warfare 2,XOne,2016,Shooter,0.29
Mario Golf: World Tour,3DS,2014,Sports,0.15
Secret Weapons Over Normandy,PS2,2003,Simulation,0.24
Harvest Moon 64,N64,1999,Simulation,0.25
All-Star Baseball 99,N64,1998,Sports,0.44
NCAA Football 09,PS2,2008,Sports,0.4
Bratz: The Movie,PS2,2007,Simulation,0.24
Crash of the Titans,DS,2007,Action,0.42
Dragon Ball: XenoVerse,PS3,2015,Fighting,0.16
Rayman Raving Rabbids: TV Party,DS,2008,Misc,0.44
Lollipop Chainsaw,X360,2012,Action,0.31
"Transformers: Revenge of the Fallen (XBox 360, PS3, & PC Versions)",Wii,2009,Shooter,0.24
Vigilante 8: 2nd Offense,PS,1999,Racing,0.27
The Saboteur,PS3,2009,Action,0.2
Metal Gear Rising: Revengeance,X360,2013,Action,0.3
Atelier Rorona: Alchemist of Arland,PS3,2009,Role-Playing,0.22
Theme Park Roller Coaster,PS2,2000,Strategy,0.23
Bass Pro Shops: The Strike,Wii,2009,Sports,0.44
Bakugan Battle Brawlers: Defenders of the Core,DS,2010,Action,0.41
NFL Xtreme 2,PS,1999,Sports,0.27
Major League Baseball 2K13,X360,2013,Sports,0.44
Scrabble 2007 Edition,DS,2007,Puzzle,0
NHL 16,XOne,2015,Sports,0.38
Midnight Club: Street Racing,GBA,2001,Racing,0.34
Tiger Woods PGA Tour 06,XB,2005,Sports,0.35
Fortune Street,Wii,2011,Misc,0.25
FIFA World Cup Germany 2006,X360,2006,Sports,0.19
Up,PS2,2009,Action,0.19
Grand Prix,2600,1981,Racing,0.45
Jake Power: Fireman,DS,2008,Adventure,0.08
World of Outlaws: Sprint Cars 2002,PS2,2002,Racing,0.23
Children of Mana,DS,2006,Role-Playing,0.16
Sonic the Hedgehog,PS3,,Platform,0
Fantavision,PS2,2000,Puzzle,0.14
Double Dragon,2600,1989,Action,0.45
Alien Trilogy,PS,1996,Shooter,0.24
NBA Live 99,N64,1998,Sports,0.45
Karate,2600,,Fighting,0.44
X-Men: Next Dimension,PS2,2002,Fighting,0.23
Go Diego Go! Great Dinosaur Rescue,DS,2008,Action,0.43
The Godfather (JP sales),PS2,2006,Action,0.39
Dynasty Warriors Gundam,PS3,2007,Action,0.14
Doom 3 BFG Edition,X360,2012,Shooter,0.28
Alice in Wonderland,DS,2010,Adventure,0.25
Spider-Man 3,Wii,2007,Platform,0.42
Super Puyo Puyo 2,SNES,1995,Puzzle,0
Rock Band 4,XOne,2015,Misc,0.38
Gauntlet Legends,PS,2000,Action,0.26
James Bond 007: Blood Stone,X360,2010,Shooter,0.2
WipEout,PS,1995,Action,0.26
Street Fighter X Tekken,X360,2012,Fighting,0.31
Dark Sector,PS3,2008,Shooter,0.23
ICO,PS2,2001,Action,0.23
World of Warcraft: Warlords of Draenor,PC,2014,Action,0.08
Ford Racing Off Road,Wii,2008,Racing,0.06
Cars: Race-O-Rama,DS,2009,Racing,0.35
Dragon Quest 25 Shuunen Kinin: Famicom & Super Famicom Dragon Quest I-II-III,Wii,2011,Role-Playing,0
Unreal Tournament III,X360,2008,Shooter,0.25
FIFA Soccer 13,WiiU,2012,Action,0.17
Victorious Boxers: Ippo's Road to Glory,PS2,2000,Fighting,0.05
Densetsu no Stafi,GBA,2002,Platform,0
Valkyrie Profile 2: Silmeria,PS2,2006,Role-Playing,0.04
Pinball Hall of Fame: The Williams Collection,Wii,2008,Misc,0.41
Hot Wheels Velocity X,PS2,2002,Racing,0.23
MySims Racing,Wii,2009,Racing,0.19
Clash of Elementalists,DS,2010,Action,0
F.E.A.R. 2: Project Origin,PS3,2009,Shooter,0.19
The Sims 2: Pets,Wii,2007,Simulation,0.41
L.A. Rush,PS2,2005,Racing,0.23
Momotarou Dentetsu V,PS,1999,Misc,0
Doom 64,N64,1997,Shooter,0.38
Bomberman Hero,N64,1998,Platform,0.27
Automobili Lamborghini,N64,1997,Racing,0.28
Quest 64,N64,1998,Role-Playing,0.38
Crash: Mind Over Mutant,X360,2008,Platform,0.22
Viva Pinata: Trouble in Paradise,X360,2008,Simulation,0.16
Epic Mickey 2: The Power of Two,PS3,2012,Action,0.21
Commando,2600,1987,Action,0.44
NBA Ballers: Phenom,PS2,2006,Sports,0.23
Dragon Age Origins: Awakening,X360,2010,Role-Playing,0.33
Need for Speed Carbon,XB,2006,Racing,0.35
Shadowrun,X360,2007,Role-Playing,0.41
Crazy Taxi: Fare Wars,PSP,2007,Racing,0.1
MTV Music Generator,PS,1999,Misc,0.26
"Warhammer 40,000: Dawn of War II",PC,2009,Strategy,0
Hamsterz Life,DS,2006,Action,0.43
Emergency Heroes,Wii,2008,Racing,0.14
Super Momotarou Dentetsu DX,SNES,1995,Misc,0
FlingSmash,Wii,2010,Action,0.37
World Soccer Winning Eleven 8: Liveware Evolution,PS2,2005,Sports,0
Cars: Race-O-Rama,PS2,2009,Racing,0.27
Downhill Domination,PS2,2003,Racing,0.23
Dead Space Extraction,Wii,2009,Shooter,0.32
Pirates of the Caribbean: Dead Man's Chest,GBA,2006,Adventure,0.33
Silent Hill: Shattered Memories,Wii,2009,Action,0.22
Active Life: Extreme Challenge,Wii,2009,Sports,0.14
FIFA 12,PC,2011,Sports,0.04
Spider-Man: Friend or Foe,DS,2007,Action,0.43
World Series of Poker,PS2,2005,Misc,0.39
Inazuma Eleven Go 2: Chrono Stone,3DS,2012,Role-Playing,0
NHL 97,PS,1996,Sports,0.26
Final Fantasy Crystal Chronicles: Echoes of Time,DS,2009,Role-Playing,0.12
Rise of Nightmares,X360,2011,Action,0.28
EA Sports UFC,XOne,2014,Sports,0.3
Kong: The 8th Wonder of the World,GBA,2005,Action,0.33
Spider-Man 3,DS,2007,Platform,0.41
Dead or Alive 4,X360,2005,Fighting,0.3
Godzilla: Save the Earth,PS2,2004,Fighting,0.23
Dance Dance Revolution: Mario Mix,GC,2005,Misc,0.36
Metal Gear Solid: The Twin Snakes,GC,2004,Action,0.3
Tiger Woods PGA Tour 07,Wii,,Sports,0.43
Art Academy: Lessons for Everyone,3DS,2012,Action,0.2
Mat Hoffman's Pro BMX 2,PS2,2002,Sports,0.23
Metal Gear Solid: The Essential Collection,PS2,2007,Adventure,0.23
One Piece: Pirate Warriors 3,PS4,2015,Action,0.09
Iridion 3D,GBA,2001,Shooter,0.33
2010 FIFA World Cup South Africa,PSP,2010,Sports,0.09
Classic NES Series: Pac-Man,GBA,2004,Puzzle,0.25
Two Worlds II,PS3,2011,Role-Playing,0.26
Football Manager 2015,PC,2014,Simulation,0
Destroy All Humans!,XB,2005,Shooter,0.34
Petz Sports,Wii,2008,Simulation,0.42
Imagine: Figure Skater (US sales),DS,2007,Sports,0.46
SimCity Creator,Wii,2008,Simulation,0.36
Dragon Ball Z: Collectible Card Game,GBA,2002,Misc,0.33
Circus Atari,2600,,Action,0.43
Harry Potter and the Order of the Phoenix,Wii,2007,Action,0.38
The Sims 3: Ambitions,PC,2010,Simulation,0
Razor Freestyle Scooter,PS,1999,Sports,0.26
Disney's Kim Possible 3: Team Possible,GBA,2005,Platform,0.33
Rygar: The Legendary Adventure,PS2,2002,Action,0.2
Syphon Filter: Logan's Shadow,PSP,2007,Shooter,0.25
Super Batter Up,SNES,1992,Sports,0
Kessen II,PS2,2001,Strategy,0.13
Crayon Shin-Chan: Arashi o Yobu Enji,SNES,1993,Platform,0
Stuart Little 2,GBA,2002,Platform,0.33
Tak 2: The Staff of Dreams,GBA,2004,Platform,0.33
SingStar Amped,PS2,2007,Misc,0.23
Brothers In Arms: Earned in Blood,PS2,2005,Shooter,0.38
The Evil Within,X360,2014,Action,0.25
Dragon Ball Z: Sagas,PS2,2005,Fighting,0.38
Scooby-Doo,GBA,2001,Platform,0.33
MX vs. ATV: Alive,PS3,2011,Racing,0.24
Hydro Thunder,PS,1999,Racing,0.26
NHL FaceOff '97,PS,1996,Sports,0.26
Thief (2014),XOne,2014,Action,0.26
The Walking Dead: Season One,PS4,2014,Adventure,0.12
NBA Live 07,X360,2006,Sports,0.42
Brothers In Arms: Road to Hill 30,PS2,2005,Shooter,0.38
The Legend of Spyro: Dawn of the Dragon,DS,2008,Platform,0.26
Gremlins,2600,1983,Action,0.43
The Mark of Kri,PS2,2002,Action,0.22
Need for Speed: Hot Pursuit,Wii,2010,Racing,0.17
Jampack Winter 2003 (RP-M),PS2,2003,Misc,0.22
Rugrats: Castle Capers,GBA,2001,Action,0.33
Crash Nitro Kart,GBA,2003,Racing,0.33
Crayola: Treasure Adventures,DS,2007,Puzzle,0.42
LEGO The Hobbit,PS3,2014,Action,0.12
Silent Hill: Downpour,PS3,2012,Action,0.21
Mega Man Star Force 3: Black Ace / Red Joker,DS,2008,Action,0.22
WWE SmackDown vs. Raw 2011,Wii,2010,Fighting,0.29
Jak and Daxter: The Lost Frontier,PS2,2009,Platform,0.22
Momotarou Dentetsu 11,PS2,2002,Misc,0
Disney Infinity 3.0,WiiU,2015,Action,0.21
The Sims 3: Outdoor Living Stuff,PC,2011,Simulation,0
Star Wars: Demolition,PS,2000,Racing,0.25
Bloody Roar II,PS,1999,Fighting,0.25
Delta Force: Black Hawk Down,PS2,2005,Shooter,0.22
The Princess and the Frog,Wii,2009,Platform,0.29
Space Invaders,SNES,1994,Shooter,0
.hack//Outbreak Part 3,PS2,2002,Role-Playing,0.14
Mother 1+2,GBA,2003,Role-Playing,0
MX vs. ATV Untamed,PS3,2007,Racing,0.35
Boom Blox Bash Party,Wii,2009,Puzzle,0.33
Top Spin,XB,2003,Sports,0.36
Brothers In Arms: D-Day,PSP,2006,Shooter,0.23
Warhawk,PS,1995,Simulation,0.25
The Golden Compass,X360,2007,Action,0.3
Tomb Raider: Legend,PSP,2006,Action,0.09
Just Dance 2014,XOne,2013,Misc,0.3
Tales of Vesperia,PS3,2009,Role-Playing,0
2 Games in 1: SpongeBob SquarePants: SuperSponge & Rugrats Go Wild,GBA,2005,Platform,0.33
Dora The Explorer: Dora Saves the Snow Princess,DS,2008,Platform,0.26
Missile Command,PS,1999,Shooter,0.25
FIFA 15,3DS,2014,Sports,0.09
Jikkyou Powerful Pro Yakyuu 3,SNES,1996,Sports,0
Jikkyou Powerful Pro Yakyuu 12,PS2,2005,Sports,0
Enter the Matrix,GC,2003,Action,0.34
LEGO The Hobbit,X360,2014,Action,0.2
NASCAR 2005: Chase for the Cup,XB,2004,Racing,0.34
J-League Excite Stage '95,SNES,1995,Sports,0
Vin Diesel: Wheelman,X360,2009,Racing,0.24
NHL 15,X360,2014,Sports,0.35
Phantasy Star Online Episode I & II,GC,2002,Role-Playing,0.23
PlayStation All-Stars Battle Royale,PSV,2012,Action,0.21
The Powerpuff Girls: Relish Rampage,PS2,2002,Action,0.22
Bleach: The Blade of Fate,DS,2006,Fighting,0.29
American Girl: Kit Mystery Challenge!,DS,2008,Adventure,0.42
Country Dance 2,Wii,2011,Misc,0.43
The Chronicles of Riddick: Escape from Butcher Bay,XB,,Shooter,0.32
NFL Head Coach,PS2,2006,Sports,0.38
Ghostbusters,2600,1985,Puzzle,0.42
Nickelodeon Team Umizoomi,DS,2011,Action,0.42
NCAA Gamebreaker 99,PS,1998,Sports,0.25
Tomb Raider: Underworld,Wii,2008,Action,0.13
Area 51,PS2,2005,Shooter,0.22
World Stadium 2,PS,1998,Sports,0
NHL 2005,PS2,2004,Sports,0.22
The New York Times Crosswords,DS,2007,Puzzle,0.42
Karaoke Revolution Presents American Idol Encore,Wii,2008,Misc,0.42
Barbie as The Island Princess,Wii,2007,Adventure,0.42
Lego Batman 3: Beyond Gotham,3DS,2014,Action,0.21
iCarly,Wii,2009,Adventure,0.42
Star Wars Jedi Knight: Jedi Academy,XB,2003,Shooter,0.34
Phoenix,2600,1981,Simulation,0.42
Dynasty Warriors: Strikeforce,PSP,2009,Action,0.03
Brain Challenge,DS,2008,Misc,0.41
Command & Conquer: Red Alert 3,X360,2008,Strategy,0.18
Enemy Territory: Quake Wars,X360,2008,Shooter,0.3
Major League Baseball 2K11,X360,2011,Sports,0.4
Harvest Moon DS (US sales),DS,2005,Simulation,0.4
Apocalypse,PS,1998,Action,0.25
ATV Offroad Fury Pro,PSP,2006,Racing,0.37
Burnout Dominator,PSP,2007,Racing,0.02
Yu-Gi-Oh! Destiny Board Traveler,GBA,2004,Misc,0.32
God Eater 2,PSV,2013,Role-Playing,0
Scooby-Doo! and the Spooky Swamp,Wii,2010,Action,0.29
Crash of the Titans,Wii,2007,Action,0.39
World Soccer Winning Eleven 5 Final Evolution,PS2,2001,Sports,0
Red Faction: Armageddon,PS3,2011,Shooter,0.2
Sphinx and the Cursed Mummy,PS2,2003,Action,0.22
Fatal Fury 2,SNES,1993,Fighting,0
Rampage World Tour,N64,1998,Action,0.36
Pokemon Puzzle League,N64,2000,Puzzle,0.36
PES 2009: Pro Evolution Soccer,Wii,2009,Sports,0.09
Despicable Me: The Game - Minion Mayhem,DS,2010,Puzzle,0.37
Lego Batman 3: Beyond Gotham,WiiU,2014,Action,0.21
Tekken Advance,GBA,2001,Fighting,0.32
Shin Megami Tensei: Persona 3,PS2,2006,Role-Playing,0.22
Persona,PS,1995,Role-Playing,0
Hot Wheels: Stunt Track Challenge,GBA,2004,Racing,0.32
My Fashion Studio,DS,2007,Misc,0.41
Maze Craze: A Game of Cops 'n Robbers,2600,,Action,0.42
Mobile Suit Gundam,PS,1995,Action,0
TNA iMPACT!,X360,2008,Fighting,0.26
Pirates of the Caribbean: At World's End,Wii,2007,Action,0.39
Bee Movie Game,DS,2007,Action,0.41
Sega Rally Revo,X360,2007,Racing,0.12
SingStar Take That,PS2,2009,Misc,0
Final Fantasy Collection,PS,1999,Role-Playing,0
Disney Sing It! High School Musical 3: Senior Year,PS2,2008,Misc,0.09
Samurai Warriors: Xtreme Legends,PS2,2004,Action,0.04
LEGO Rock Band,DS,2009,Misc,0.32
NHL FaceOff,PS,1994,Sports,0.25
WWE WrestleMania 21,XB,2005,Fighting,0.34
NBA Live 2005,GC,2004,Sports,0.35
F.E.A.R. 3,PS3,2011,Shooter,0.21
Defender II,2600,1987,Shooter,0.42
WWE Day of Reckoning,GC,2004,Fighting,0.35
NBA Live 10,X360,2009,Sports,0.4
ATV Quad Power Racing 2,XB,2003,Racing,0.36
Harry Potter and the Deathly Hallows - Part 1,X360,2010,Action,0.21
Walt Disney World Quest: Magical Racing Tour,PS,2000,Racing,0.25
Pro Evolution Soccer 2017,PS4,2016,Sports,0.02
Sled Storm,PS2,2002,Racing,0.22
Vandal Hearts,PS,1996,Role-Playing,0.14
Dead or Alive: Dimensions,3DS,2011,Fighting,0.13
Disney Infinity 3.0,PS3,2015,Action,0.16
We Sing Encore,Wii,2010,Misc,0
Wolfenstein: The New Order,PC,2014,Shooter,0.13
Deadpool,PS3,2013,Action,0.23
Jawbreaker,2600,1981,Action,0.42
Scooby-Doo! Mystery Mayhem,PS2,2004,Action,0.22
Watch Dogs,PC,2014,Action,0.15
Mario Golf: Advance Tour,GBA,2004,Sports,0.32
Celebrity Sports Showdown,Wii,2008,Sports,0.18
F.E.A.R. 3,X360,2011,Shooter,0.3
Disney Guilty Party,Wii,2010,Misc,0.42
Silent Hill: Homecoming,X360,,Action,0.25
Yu-Gi-Oh! Capsule Monster Coliseum,PS2,2004,Misc,0.22
"Warhammer 40,000: Space Marine",PS3,2011,Shooter,0.13
Discovery Kids: Kitten Corner,DS,2009,Simulation,0.42
Rock Band Country Track Pack,Wii,2009,Misc,0.41
Major League Baseball 2K6,PS2,2006,Sports,0.37
Brunswick Pro Bowling,X360,2010,Sports,0.38
Jampack Volume 13 (RP-M),PS2,2005,Misc,0.37
World Soccer Winning Eleven 9,XB,2005,Sports,0.06
NBA Live 2000,N64,1999,Sports,0.42
Teenage Mutant Ninja Turtles 2: Battle Nexus,PS2,2004,Action,0.22
"SpongeBob SquarePants: Lights, Camera, Pants!",PS2,2005,Misc,0.37
The Thing,PS2,2002,Adventure,0.22
Van Helsing,PS2,2004,Action,0.22
Mario Tennis Ultra Smash,WiiU,2015,Sports,0.13
Virtua Tennis 4,PS3,2011,Sports,0.09
X-Men Legends II: Rise of Apocalypse,XB,2005,Role-Playing,0.3
Naruto Shippuden: Ultimate Ninja Storm Generations,X360,2012,Fighting,0.26
Wolfenstein: The New Order,PS3,2014,Shooter,0.14
Skylanders: Trap Team,PS4,2014,Action,0.19
Worms: Open Warfare 2,PSP,2007,Strategy,0.04
Transformers: Revenge of the Fallen (Wii & PS2 Version),DS,2009,Action,0.26
Spawn: Armageddon,PS2,2003,Action,0.22
The Godfather (US sales),XB,2006,Action,0.33
Sid Meier's Civilization Revolution,DS,2008,Strategy,0.37
World Stadium EX,PS,1996,Sports,0
Tiger Woods PGA Tour 2003,XB,2002,Sports,0.35
Battlefield 2: Modern Combat,PS2,2005,Shooter,0.37
50 Cent: Bulletproof,XB,2005,Action,0.33
Densetsu no Stafi 2,GBA,2003,Platform,0
Independence Day,PS,1997,Shooter,0.25
Tony Hawk's Proving Ground,PS3,2007,Sports,0.36
Chocobo Racing,PS,1999,Racing,0.07
Disney Infinity 2.0: Marvel Super Heroes,XOne,2014,Action,0.25
LEGO Star Wars II: The Original Trilogy,XB,2006,Action,0.33
Viking: Battle for Asgard,X360,2008,Action,0.16
Petz: Catz 2,Wii,2007,Simulation,0.4
Dragon Quest Heroes: Rocket Slime,DS,2005,Action,0.13
Gundam SEED: Federation vs. Z.A.F.T.,PS2,2005,Shooter,0
Ms. Pac-Man Maze Madness,PS,2000,Puzzle,0.25
Blood Omen: Legacy of Kain,PS,1996,Role-Playing,0.25
Super Bomberman 4,SNES,1996,Puzzle,0
Fable,X360,2014,Role-Playing,0.25
Family Fest Presents Circus Games,Wii,2008,Misc,0.1
Dance Dance Revolution: Hottest Party 3,Wii,2009,Simulation,0.26
Bomberman II,NES,1991,Puzzle,0.16
Duke Nukem 64,N64,1997,Shooter,0.35
Transformers: Dark of the Moon - Autobots/Decepticons,DS,2011,Action,0.32
The Urbz: Sims in the City (all regions sales),DS,2004,Simulation,0.4
"SpongeBob SquarePants: Lights, Camera, Pants!",GC,2005,Misc,0.34
Super Robot Taisen OG: Original Generations,PS2,2007,Strategy,0
G-Force,Wii,2009,Action,0.19
Army Men World War: Final Front,PS,2001,Action,0.24
Transformers: Fall of Cybertron,X360,2012,Action,0.28
SOCOM: U.S. Navy SEALs Fireteam Bravo 3,PSP,2010,Shooter,0.17
MX Unleashed,XB,2004,Racing,0.34
Puppy Luv: Spa and Resort,DS,2007,Simulation,0.4
Jikkyou Powerful Pro Yakyuu 9,PS2,2002,Sports,0
Grind Session,PS,2000,Sports,0.24
Naruto: Gekito Ninja Taisen! 3,GC,2004,Fighting,0
Madden NFL 12,Wii,2011,Sports,0.41
Wario World,GC,2003,Platform,0.34
DmC: Devil May Cry,X360,2013,Action,0.26
Scooby-Doo! Mystery Mayhem,GBA,2003,Action,0.31
Super Breakout,2600,,Puzzle,0.41
FIFA Soccer 13,PSV,2012,Action,0
The Legend of Spyro: Dawn of the Dragon,PS3,2008,Platform,0.19
Taiko no Tatsujin: Doki! Shinkyoku Darake no Haru Matsuri,PS2,2003,Misc,0
Samurai Warriors 3,Wii,2009,Action,0.09
Ben 10 Alien Force: Vilgax Attacks,Wii,2009,Action,0.25
TimeSplitters 2,GC,2002,Shooter,0.34
Battlebots: Design & Destroy,GBA,2003,Action,0.31
Robert Ludlum's The Bourne Conspiracy,X360,,Action,0.26
Eternal Darkness: Sanity's Requiem,GC,2002,Adventure,0.34
Food Network: Cook or Be Cooked,Wii,2009,Misc,0.41
Power Rangers: S.P.D.,GBA,2004,Action,0.31
Naruto: Ultimate Ninja 3,PS2,2005,Fighting,0.36
The Darkness,X360,2007,Shooter,0.36
Thrillville: Off the Rails,Wii,2007,Strategy,0.38
Jump Start Pet Rescue,Wii,2009,Misc,0.41
SingStar Motown,PS2,2009,Misc,0
Child of Eden,X360,2011,Shooter,0.28
Neon Genesis Evangelion,SAT,1996,Adventure,0
Mobile Suit Gundam: One Year War,PS2,2005,Action,0
Spider-Man: Shattered Dimensions,PS3,2010,Action,0.26
Tongari Boushi to Mahou no Otana,DS,2010,Simulation,0
NFL Blitz 20-03,PS2,2002,Sports,0.21
SpongeBob's Atlantis SquarePantis,PS2,2007,Action,0.36
Eternal Sonata,PS3,2008,Role-Playing,0.19
SingStar Queen,PS3,2009,Misc,0.11
Karaoke Revolution,Wii,2009,Misc,0.24
Star Wars: Jedi Starfighter,XB,2002,Simulation,0.35
Walk it Out!,Wii,2010,Sports,0.35
Classic NES Series: Metroid,GBA,2004,Adventure,0.26
Nicktoons: Attack of the Toybots,Wii,2007,Platform,0.4
Primal,PS2,2003,Action,0.21
Need for Speed: Shift 2 Unleashed,X360,2011,Racing,0.18
Yu-Gi-Oh! 5D's Tag Force 4,PSP,2009,Strategy,0.19
Ninja Gaiden 3,PS3,2012,Action,0.19
Band Hero,DS,2009,Misc,0.2
Need for Speed Underground 2,GBA,2004,Racing,0.31
Madden NFL 2002,N64,2001,Sports,0.41
007: Quantum of Solace,PS2,2008,Action,0.17
Master of Illusion,DS,2006,Puzzle,0.16
Spec Ops: Covert Assault,PS,2001,Shooter,0.24
SSX Tricky,XB,2001,Sports,0.32
Flight Control Rocket,GBA,2005,Simulation,0.31
Tetris Axis,3DS,2011,Puzzle,0.2
Borderlands: The Handsome Collection,XOne,2015,Shooter,0.26
Sleeping Dogs,PS4,2014,Action,0.16
"The Chronicles of Narnia: The Lion, The Witch and The Wardrobe",PS2,2005,Action,0.36
NiGHTS into dreams...,SAT,1996,Platform,0
Star Wars The Clone Wars: Republic Heroes,PS3,2009,Action,0.19
NCAA Football 2004,XB,2003,Sports,0.4
Bionicle,PS2,2003,Action,0.21
Hyrule Warriors,3DS,2016,Action,0.17
DanceStar Party,PS3,2011,Misc,0
Naruto Shippuden: Ultimate Ninja Storm Revolution,PS3,2014,Fighting,0.15
Naughty Bear,PS3,2010,Action,0.18
MLB 2002,PS,2001,Sports,0.24
Deadpool,X360,2013,Action,0.26
Lego Batman 3: Beyond Gotham,XOne,2014,Action,0.23
MLB 14: The Show,PS3,2014,Sports,0.35
Devil May Cry HD Collection,X360,2012,Action,0.28
Hyperdimension Neptunia,PS3,2010,Role-Playing,0.22
TimeSplitters,PS2,2000,Shooter,0.21
Barnstorming,2600,1981,Action,0.4
InuYasha: The Secret of the Cursed Mask,PS2,2004,Role-Playing,0.21
The Powerpuff Girls: Him and Seek,GBA,2002,Platform,0.31
Mega Man Zero 2,GBA,2003,Platform,0.18
My Spanish Coach,DS,2007,Misc,0.4
Wonder Project J: Kikai no Shonen Pino,SNES,1994,Simulation,0
Payday 2,PS3,2013,Shooter,0.22
WWE 2K16,X360,2015,Sports,0.27
Dragon Ball Z: Shin Budokai - Another Road,PSP,2007,Fighting,0.19
The Fairly Odd Parents: Game Boy Advance Video Volume 1,GBA,2004,Misc,0.31
Mass Effect Trilogy,PS3,2012,Action,0.37
Ghostbusters: The Video Game,PS2,2009,Action,0.15
Hunter: The Reckoning  Wayward,PS2,2003,Action,0.21
Mischief Makers,N64,1997,Platform,0.25
WipEout 64,N64,1998,Racing,0.28
EyeToy: AntiGrav,PS2,2004,Sports,0.36
Dora the Explorer: Dora Puppy,DS,2009,Misc,0.39
EverQuest Online Adventures,PS2,2003,Role-Playing,0.21
OkamiDen,DS,2010,Adventure,0.21
Cool Boarders,PS,1996,Sports,0.1
Hometown Story,3DS,2013,Role-Playing,0.23
Just Dance 4,PS3,2012,Misc,0.26
Mobile Suit Gundam: Zeonic Front,PS2,2001,Simulation,0.09
Monopoly,PS2,2008,Misc,0.21
TouchMaster 3,DS,2009,Puzzle,0.29
Dawn of Mana,PS2,2006,Role-Playing,0.07
Castlevania: Dawn of Sorrow,DS,2005,Platform,0.34
Max Payne 3,PC,2012,Shooter,0.16
Barbie: Groom and Glam Pups,DS,2010,Action,0.25
Tales of the World: Radiant Mythology,PSP,2006,Role-Playing,0.17
Petz Bunnyz,DS,2008,Simulation,0.39
Alpha Protocol,PS3,2010,Role-Playing,0.19
Wolfenstein: The Old Blood,PS4,2015,Action,0.1
Deer Drive,DS,2010,Sports,0.4
Petz: Horsez 2,DS,2007,Simulation,0.39
Rayman Legends,X360,2013,Platform,0.19
Madden NFL 2003,GC,2002,Sports,0.33
Backyard Baseball,GBA,2002,Sports,0.31
Midway Arcade Treasures,XB,2003,Misc,0.33
Disney Sing It,X360,2008,Misc,0.39
Remington Great American Bird Hunt,Wii,2009,Sports,0.4
Microsoft Flight Simulator X,PC,2006,Simulation,0.02
Bakugan: Battle Brawlers,PS2,2009,Action,0.21
NHL FaceOff 99,PS,1997,Sports,0.24
SEGA Classics Collection,PS2,2005,Misc,0.21
Crash: Mind Over Mutant,Wii,2008,Platform,0.35
Naruto: Ninja Council 3,DS,2006,Action,0.39
Dai-2-Ji Super Robot Taisen Z: Hakai-hen,PSP,2011,Strategy,0
Neon Genesis Evangelion 2nd Impression,SAT,1997,Role-Playing,0
NBA Street,GC,2002,Sports,0.33
Def Jam Icon,PS3,2007,Action,0.16
2014 FIFA World Cup Brazil,X360,2014,Sports,0.15
The Legend of Spyro: The Eternal Night,PS2,2007,Platform,0.21
Atelier Totori: The Adventurer of Arland,PS3,2010,Role-Playing,0.12
Mega Man Battle Network,GBA,2001,Role-Playing,0.14
Juiced: Eliminator,PSP,2006,Racing,0.11
25 to Life,PS2,2006,Shooter,0.35
NHL 2K6,PS2,2005,Sports,0.21
Medal of Honor: Rising Sun,GC,2003,Shooter,0.33
The Sims,XB,2003,Simulation,0.31
Dog's Life,PS2,2003,Adventure,0.21
The X Files,PS,1999,Adventure,0.24
Super Wagyan Land,SNES,1991,Action,0
Rascal,PS,1998,Action,0.24
"Barbie: Jet, Set & Style!",DS,2011,Misc,0.34
Tony Hawk's American Wasteland,GC,2005,Sports,0.33
Command & Conquer 3: Tiberium Wars,X360,2007,Strategy,0.35
Sin and Punishment: Star Successor,Wii,2009,Shooter,0.19
Crash: Mind Over Mutant,PSP,2008,Platform,0.11
Ben 10 Alien Force: Vilgax Attacks,DS,2009,Action,0.22
Famicom Mini: Super Mario Bros. 2,GBA,2004,Platform,0
Colony Wars,PS,1997,Simulation,0.24
All-Star Baseball 2004,PS2,2003,Sports,0.21
Big Strike Bowling,PS,2003,Sports,0.23
Skylanders: SuperChargers,X360,2015,Action,0.25
Ben 10 Alien Force: Vilgax Attacks,PSP,2009,Action,0.13
NASCAR Thunder 2002,PS,2001,Racing,0.23
Batman: Arkham Origins Blackgate,PSV,2013,Action,0.16
Zone of the Enders HD Collection,PS3,2012,Simulation,0.21
Grandia,SAT,1997,Role-Playing,0
2010 FIFA World Cup South Africa,Wii,2010,Sports,0.23
ESPN NHL 2K5,XB,2004,Sports,0.32
Yu-Gi-Oh! 7 Trials to Glory: World Championship Tournament 2005,GBA,2005,Misc,0.3
Hot Wheels World Race,PS2,2003,Racing,0.21
Avatar: The Last Airbender - The Burning Earth,PS2,2007,Action,0.21
Superman: Shadow of Apokolips,PS2,2002,Action,0.21
Trials Fusion,PS4,2014,Racing,0.13
American Chopper,PS2,2004,Racing,0.35
NASCAR Kart Racing,Wii,2009,Racing,0.39
Star Wars Trilogy: Apprentice of the Force,GBA,2004,Action,0.3
Guitar Hero: Smash Hits,X360,2009,Misc,0.23
Lemony Snicket's A Series of Unfortunate Events,GBA,2004,Platform,0.3
JGTC: All-Japan Grand Touring Car Championship,PS,1998,Racing,0.23
Virtua Tennis 4: World Tour,PSV,2011,Sports,0.04
Arc the Lad III,PS,1999,Role-Playing,0
Just Dance: Summer Party,Wii,2011,Misc,0.4
SpongeBob's Truth or Square (US sales),DS,2009,Action,0.42
Mobile Suit Gundam: Gundam vs. Gundam,PSP,2008,Fighting,0
Test Drive,XB,2002,Racing,0.35
Jikkyou Powerful Pro Yakyuu 11,PS2,2004,Sports,0
Petz: Horsez 2,Wii,2007,Simulation,0.39
The Adventures of Jimmy Neutron Boy Genius: Jet Fusion,PS2,2003,Action,0.21
Pirates of the Caribbean: At World's End,PSP,2007,Action,0.15
Dr. Mario 64,N64,2001,Puzzle,0.34
Jikkyou Powerful Pro Yakyuu 6,N64,1999,Sports,0
Army Men: Sarge's Heroes 2,N64,2000,Shooter,0.34
Rush 2: Extreme Racing USA,N64,1998,Racing,0.35
NFL Blitz 2001,N64,2000,Sports,0.34
James Bond 007: Everything or Nothing,GC,2004,Shooter,0.32
NBA Live 06,PSP,2005,Sports,0.39
MLB 08: The Show,PS2,2008,Sports,0.35
Horsez,DS,2006,Simulation,0.38
Dance Dance Revolution Ultramix 2,XB,2004,Simulation,0.32
Mega Man Anniversary Collection,GC,2004,Platform,0.32
Crash: Mind Over Mutant,DS,2008,Platform,0.38
Super Famista 4,SNES,1995,Sports,0
The Fairly Odd Parents: Game Boy Advance Video Volume 2,GBA,2004,Misc,0.3
How to Train Your Dragon,Wii,2010,Action,0.23
Cabela's Legendary Adventures,PS2,2008,Sports,0.21
Story of Seasons,3DS,2014,Simulation,0
Taiko no Tatsujin DS: Dororon! Youkai Daikessen!!,DS,2010,Misc,0
Harry Potter and the Goblet of Fire,GC,2005,Action,0.32
Thrillville: Off the Rails,PS2,2007,Strategy,0.2
Metro: Last Light,PS3,2013,Action,0.14
NBA 2K11,PSP,2010,Action,0.39
Mega Man X6,PS,2001,Action,0.14
BloodRayne,PS2,2002,Shooter,0.2
Kumamon Bomber: Puzzle de Kumamon Taisou,GC,2005,Puzzle,0.32
Castlevania: Curse of Darkness,PS2,2005,Action,0.18
NBA 2K13,Wii,2012,Sports,0.36
International Superstar Soccer Pro '98,PS,1998,Sports,0.02
LEGO Rock Band,PS3,2009,Misc,0.24
Jimmy Neutron: Boy Genius,GBA,2001,Platform,0.3
Black,XB,2006,Shooter,0.31
Double Pack: Finding Nemo / The Incredibles,XB,2006,Action,0.31
Spec Ops: The Line,X360,2012,Shooter,0.21
NHL Slapshot,Wii,,Sports,0.39
Paper Mario: Color Splash,WiiU,2016,Role-Playing,0.2
Valkyrie Profile: Covenant of the Plume,DS,2008,Role-Playing,0.22
Vanquish,X360,2010,Shooter,0.19
Solitaire Overload,DS,2007,Misc,0.39
TRON: Evolution,PS3,2010,Action,0.27
Lord of the Rings: The Third Age,XB,2004,Role-Playing,0.31
Pirates of the Caribbean: At World's End,PS2,2007,Action,0.2
Mega Man Legends 2,PS,2000,Adventure,0.17
X-Men vs. Street Fighter,PS,1997,Fighting,0.16
Blazing Angels: Squadrons of WWII,X360,2006,Simulation,0.36
Zack & Wiki: Quest for Barbaros' Treasure,Wii,2007,Adventure,0.18
High Rollers Casino,PS2,2004,Misc,0.2
TERA,PC,,Role-Playing,0.25
Attack on Titan: Humanity in Chains,3DS,2013,Action,0
The Suffering,PS2,2004,Action,0.2
Cyber Troopers Virtual-On,SAT,1995,Fighting,0
Star Wars Starfighter: Special Edition,XB,2001,Simulation,0.3
Animal Crossing: Amiibo Festival,WiiU,2015,Misc,0.19
NBA Jam,PS2,2003,Sports,0.2
Zone of the Enders: The 2nd Runner,PS2,2003,Simulation,0.15
Just Dance 2014,PS4,2013,Misc,0.19
Jampack Spring 2004 (RP-T),PS2,2003,Misc,0.2
Dexter's Laboratory Deesaster Strikes,GBA,2001,Adventure,0.3
NFL GameDay 2004,PS2,2003,Sports,0.2
Condemned: Criminal Origins,X360,2005,Action,0.36
Scooby-Doo and the Cyber Chase,GBA,2001,Adventure,0.3
Wheel of Fortune,DS,2010,Misc,0.39
Tomb Raider: The Last Revelation,PC,1998,Action,0.41
pro evolution soccer 2011,PS2,2010,Sports,0.04
Sega Rally Championship 2,DC,1999,Racing,0
Quake II,PS,1998,Shooter,0.23
Crash of the Titans,PS2,2007,Action,0.34
EA Sports UFC 2,XOne,2016,Sports,0.24
MLB 10: The Show,PS2,2010,Sports,0.2
Wheel of Fortune: 2nd Edition,PS,2000,Misc,0.23
Tom Clancy's Rainbow Six: Lockdown,XB,2005,Shooter,0.26
Mobile Suit Gundam: Gundam vs. Gundam NEXT PLUS,PSP,2009,Fighting,0
TimeShift,X360,2007,Shooter,0.36
Cool Boarders 2001,PS,2000,Sports,0.23
Grudge Warriors,PS,1999,Action,0.23
Farming Simulator 17,PS4,2016,Simulation,0.05
World Soccer Jikkyou Winning Eleven 2000: U-23 Medal heno Chousen,PS,2000,Sports,0
Castlevania: The Dracula X Chronicles,PSP,2007,Platform,0.22
Mobile Suit Gundam,SAT,1995,Action,0
Tom Clancy's HAWX 2,PS3,2010,Action,0.21
Battlefield: Hardline,PS3,2015,Shooter,0.13
Jimmy Neutron: Boy Genius,PS2,2002,Platform,0.2
Itadaki Street DS,DS,2007,Misc,0
X-Men: The Official Game,PS2,2006,Action,0.2
Terraria,PS3,2013,Action,0.07
LEGO Dimensions,XOne,2015,Action,0.22
Football Manager Handheld 2011,PSP,2010,Sports,0
300: March to Glory,PSP,2007,Action,0.27
Marvel Super Hero Squad,DS,2009,Fighting,0.36
Call of Duty: Modern Warfare: Mobilized,DS,2009,Shooter,0.36
NHL 15,XOne,2014,Sports,0.31
E0: Enemy Zero,SAT,1996,Adventure,0
Tom Clancy's The Division,PC,2016,Shooter,0.22
Yu-Gi-Oh! GX: Tag Force 2,PSP,2007,Strategy,0.03
Nicktoons: Unite!,PS2,2005,Adventure,0.34
JumpStart: Escape from Adventure Island,Wii,2009,Adventure,0.38
Green Day: Rock Band,PS3,2010,Misc,0.19
NASCAR Racing,PS,1996,Racing,0.23
FIFA 14,PSV,2013,Sports,0.08
Monotaro Dentetsu 2010: Sengoku Ishin no Hero Daishuugou! no Maki,Wii,2009,Misc,0
Cars: Race-O-Rama,PSP,2009,Racing,0.29
Boku no Natsuyasumi 2: Umi no Bouken Hen,PS2,2002,Adventure,0
F1 2014,PS3,2014,Racing,0.07
Command & Conquer: Red Alert,PS,1997,Strategy,0.23
Cars: Mater-National Championship,PS3,2007,Racing,0.37
Call of Duty: Black Ops II,WiiU,2012,Shooter,0.2
Ogre Battle 64: Person of Lordly Caliber,N64,1999,Role-Playing,0.1
Superman: The New Superman Adventures,N64,1999,Action,0.33
Dig Dug,NES,1985,Puzzle,0
BioShock,PC,2007,Shooter,0.01
The Terminator: Dawn of Fate,PS2,2002,Action,0.2
Rogue Galaxy: Director's Cut,PS2,2007,Role-Playing,0.2
Armored Core,PS,1997,Simulation,0.13
The Smurfs,DS,2011,Action,0.23
Densha De Go! 2,PS,1999,Simulation,0
Medal of Honor Heroes 2,Wii,2007,Shooter,0.33
Top Spin 4,X360,2011,Sports,0.15
James Patterson Women's Murder Club: Games of Passion,DS,2009,Adventure,0.15
Band Hero,PS2,2009,Misc,0.15
Armored Core 2: Another Age,PS2,2001,Simulation,0.11
Buzz! Junior: Jungle Party,PS2,2006,Misc,0.2
God Eater 2: Rage Burst,PSV,2015,Role-Playing,0
Mortal Kombat: Deadly Alliance,GC,2002,Fighting,0.31
NBA 2K11,PS2,2010,Action,0.34
AKB1/48: Idol to Koishitara...,PSP,2010,Misc,0
Pro Pinball,PS,1996,Misc,0.23
NiGHTS: Journey of Dreams,Wii,2007,Platform,0.32
'98 Koshien,PS,1998,Sports,0.15
Harvest Moon: Grand Bazaar,DS,2008,Simulation,0.21
NBA 2K9,PS2,2008,Sports,0.34
Yu-Gi-Oh! The Eternal Duelist Soul (JP sales),GBA,2001,Misc,0
Up,PSP,2009,Action,0.24
Hatsune Miku: Project Diva 2nd,PSP,2010,Misc,0
Marvel: Ultimate Alliance 2,PS2,2009,Role-Playing,0.23
Monster Jam: Urban Assault,Wii,2008,Racing,0.38
Call of Duty: Advanced Warfare,PC,2014,Shooter,0.15
Mario no Super Picross,SNES,1995,Puzzle,0
UEFA Euro 2008 Austria-Switzerland,PS3,2008,Sports,0.08
"Ed, Edd n Eddy: The Mis-Edventures",PS2,2005,Platform,0.34
Jikkyou Powerful Pro Yakuu '94,SNES,1994,Sports,0
Disney's Tarzan Untamed,PS2,2001,Platform,0.2
WWE All Stars,PS3,2011,Fighting,0.16
Green Day: Rock Band,X360,2010,Misc,0.24
Harry Potter and the Deathly Hallows - Part 1,DS,2010,Action,0.19
Resistance: Burning Skies,PSV,2012,Shooter,0.18
Battlefield 2: Modern Combat,X360,2006,Shooter,0.35
Rocksmith 2014,XOne,2014,Misc,0.29
Knockout Kings 2001,PS,2000,Fighting,0.23
From Russia With Love,PS2,2005,Action,0.34
Fantastic Pets,X360,2011,Simulation,0.3
BlazBlue: Continuum Shift,PS3,2010,Fighting,0.21
Duke Nukem Forever,PC,2011,Shooter,0.18
Dragon Quest X,WiiU,2013,Role-Playing,0
Minority Report: Everybody Runs,PS2,2002,Action,0.2
Katamari Forever,PS3,2009,Puzzle,0.26
Disney's Hercules / Disney's The Jungle Book: Groove Party / A Bug's Life,PS,2003,Misc,0.23
NFL GameDay 2002,PS,2001,Sports,0.23
Pengo,2600,1983,Adventure,0.38
Spider-Man: Web of Shadows,X360,2008,Action,0.36
Naughty Bear,X360,2010,Action,0.21
Mouse Trap,2600,1981,Action,0.38
Tak and the Power of Juju,GC,2003,Platform,0.31
Six Flags Fun Park,Wii,2009,Misc,0.27
Just Dance Kids 2,X360,2011,Misc,0.29
Beowulf: The Game,X360,2007,Action,0.36
NBA Jam,Wii,2010,Sports,0.36
Rune Factory 3: A Fantasy Harvest Moon,DS,2009,Role-Playing,0.26
Dragon Quest Builders: Revive Alefgard,PS4,2016,Role-Playing,0.04
Star Wars The Clone Wars: Republic Heroes,PSP,2009,Action,0.21
Tales of Zestiria,PS4,2015,Role-Playing,0.17
Metal Gear Solid: The Legacy Collection,PS3,2013,Adventure,0.31
Medarot: Kabuto / Kuwagata Version,GB,1997,Role-Playing,0
NBA 2K10,PS2,2009,Sports,0.33
Defender,PS2,2002,Misc,0.2
NFL GameDay 2003,PS2,,Sports,0.2
TNA iMPACT!,PS3,2008,Fighting,0.22
Taiko no Tatsujin Wii: Dodon to 2 Yome!,Wii,2009,Misc,0
Congo Bongo,2600,1982,Action,0.37
Gauntlet: Seven Sorrows,PS2,2005,Role-Playing,0.2
Harry Potter: Quidditch World Cup,GC,2003,Sports,0.31
Warriors Orochi 2 (JP sales),PS2,2008,Action,0
Cabela's Big Game Hunter 2010,PS3,2009,Sports,0.37
Overlord,X360,2007,Strategy,0.34
The Chronicles of Narnia: Prince Caspian,PS2,2008,Action,0.2
The Incredibles: Rise of the Underminer,GBA,2005,Action,0.29
Life is Strange,PS4,2016,Adventure,0.15
Pet in TV,PS,1997,Strategy,0
Battalion Wars,GC,2005,Strategy,0.25
NBA ShootOut 2000,PS,1999,Sports,0.22
Power Rangers: Dino Thunder,GC,2004,Action,0.31
Samurai Shodown,SNES,1994,Fighting,0
Mass Effect Trilogy,X360,2012,Action,0.28
The Wonderful 101,WiiU,2013,Action,0.19
SpongeBob SquigglePants,Wii,2011,Misc,0.35
Fighting Vipers,SAT,1995,Fighting,0
Yu-Gi-Oh! 5D's Stardust Accelerator: World Championship 2009,DS,2009,Action,0.27
NCAA GameBreaker 2000,PS,1999,Sports,0.22
Asura's Wrath,PS3,2012,Action,0.18
The Legend of Spyro: Dawn of the Dragon,PS2,2008,Platform,0.12
AKB1/48: Idol to Guam de Koishitara...,PSP,2011,Misc,0
NFL Quarterback Club 2000,N64,1999,Sports,0.37
Mortal Kombat Mythologies: Sub-Zero,N64,1997,Fighting,0.32
RR64: Ridge Racer 64,N64,1999,Racing,0.32
Top Gear Rally,N64,1997,Racing,0.32
18 Wheeler: American Pro Trucker,PS2,2001,Racing,0.2
"Transformers: Revenge of the Fallen (XBox 360, PS3, & PC Versions)",PSP,2009,Shooter,0.17
Wall-E,PS3,2008,Platform,0.12
Atari Anthology,PS2,2004,Misc,0.33
FIFA 14,PC,2013,Sports,0.01
Bugs Bunny: Lost in Time,PS,1999,Platform,0.22
Hot Wheels: Beat That!,PS2,2007,Racing,0.2
MLB 2006,PS2,2005,Sports,0.33
Ragnarok Odyssey,PSV,2012,Role-Playing,0.2
Brunswick Pro Bowling,PS2,2007,Sports,0.2
The Gunstringer,X360,2011,Shooter,0.26
Rocket Power: Dream Scheme,GBA,2001,Action,0.29
Marvel: Ultimate Alliance,Wii,2006,Role-Playing,0.36
LEGO Harry Potter: Years 5-7,3DS,,Action,0.18
My Virtual Tutor: Reading Adventure First to Second Grade,DS,2009,Misc,0.37
MX vs. ATV Unleashed,XB,2005,Racing,0.32
FIFA Soccer 13,PC,2012,Action,0.02
Rampage: Total Destruction,GC,2006,Action,0.31
Style Lab: Makeover,DS,2009,Simulation,0.34
The Urbz: Sims in the City,GC,2004,Simulation,0.24
Road Rash: Jailbreak,PS,1999,Racing,0.22
Disney Sing It! High School Musical 3: Senior Year,PS3,2008,Misc,0.08
Mother 3,GBA,2006,Role-Playing,0
Nicktoons: Freeze Frame Frenzy,GBA,2004,Action,0.29
Monster Trucks Mayhem,Wii,2009,Racing,0.38
You Don't Know Jack,PS,1999,Misc,0.22
Rapala Pro Bass Fishing 2010,X360,2010,Sports,0.32
WWE SmackDown! vs. RAW 2006,PSP,2005,Fighting,0.36
Mafia II,PC,2010,Action,0.17
Avatar: The Game,DS,2009,Action,0.18
Mystery Dungeon: Shiren the Wanderer,SNES,1995,Role-Playing,0
Pro Evolution Soccer 2016,PS3,2015,Sports,0.09
Star Wars: Clone Wars,GC,2002,Shooter,0.31
NBA Live 2002,XB,2001,Sports,0.35
Sega Superstars Tennis,PS3,2008,Sports,0.13
Spore Hero,Wii,2009,Simulation,0.35
Winter Sports 2: The Next Challenge,Wii,2008,Sports,0.17
Boku no Natsuyasumi,PS,2000,Adventure,0
I-Ninja,PS2,2003,Platform,0.19
"Transformers: The Game (XBox 360, PS2, PS3, Wii & PC Versions)",PS3,2007,Action,0.32
Moshi Monsters: Moshlings Theme Park,DS,2012,Misc,0.03
Ghostbusters: The Video Game,DS,2009,Action,0.24
Command & Conquer,PS,1996,Strategy,0.22
Harvest Moon: Save the Homeland,PS2,,Simulation,0.19
SD Gundam G Generation Seed,PS2,2004,Strategy,0
Call of Duty: Finest Hour,GC,2004,Shooter,0.31
Naruto: Path of the Ninja,DS,2007,Role-Playing,0.37
Tales of Phantasia,SNES,1995,Role-Playing,0
Speed Racer: The Videogame,Wii,2008,Racing,0.35
Castlevania: Portrait of Ruin,DS,2006,Platform,0.31
Suzuki TT Superbikes,PS2,2005,Racing,0.33
Rumble Roses,PS2,2004,Fighting,0.19
Disney Infinity 3.0,X360,2015,Action,0.21
Tomb Raider: Anniversary,X360,2007,Action,0.12
Sherlock Holmes: The Mystery of the Mummy,DS,2009,Adventure,0.06
Fantastic Four: Rise of the Silver Surfer,PS2,2007,Action,0.19
Ultimate Spider-Man,XB,2005,Action,0.26
Littlest Pet Shop,Wii,2008,Simulation,0.33
Juiced 2: Hot Import Nights,PS2,2007,Racing,0.19
Star Wars The Clone Wars: Republic Heroes,DS,2009,Action,0.22
NHL 99,N64,1998,Sports,0.38
LEGO The Lord of the Rings,3DS,2012,Action,0.2
Danball Senki,PSP,2011,Role-Playing,0
No More Heroes 2: Desperate Struggle,Wii,2010,Action,0.2
NASCAR Heat,PS,2000,Racing,0.22
Planet 51,DS,2009,Action,0.22
Bloody Roar,PS,1997,Fighting,0.22
Bump 'n' Jump,2600,1982,Racing,0.37
Mobile Suit Gundam: Lost War Chronicles,PS2,2002,Shooter,0
Legends of WrestleMania,X360,2009,Fighting,0.2
Fishing Resort,Wii,2011,Sports,0.14
Disney's Brother Bear,GBA,2003,Action,0.28
Armored Core V,PS3,2012,Simulation,0.09
NBA Live 09,PS2,2008,Sports,0.32
Saints Row IV,PS4,2015,Action,0.13
Mass Effect 2,PC,2010,Role-Playing,0.01
Harry Potter and the Deathly Hallows - Part 1,PS3,2010,Action,0.13
The House of The Dead III,XB,2002,Shooter,0.29
Project X Zone,3DS,2012,Role-Playing,0.18
NBA Jam,PS3,2010,Sports,0.22
Fire Emblem: Fuuin no Tsurugi,GBA,2002,Role-Playing,0
Dishonored,PS4,2015,Action,0.12
Dark Souls III,XOne,2016,Role-Playing,0.26
NBA Jam,X360,2010,Sports,0.27
Dancing with the Stars: We Dance!,DS,2008,Misc,0.36
NBA Live 09,PSP,2008,Sports,0.23
Ener-G: Gym Rockets,DS,2008,Sports,0.36
Laser Blast,2600,1981,Action,0.37
Madden NFL Football,3DS,2011,Sports,0.36
Thrasher Presents: Skate and Destroy,PS,1998,Sports,0.22
Are You Smarter than a 5th Grader? Make the Grade,DS,2008,Misc,0.36
Donkey Konga 2,GC,2004,Misc,0.3
SpongeBob's Truth or Square (US sales),PSP,2009,Action,0.39
Tear Ring Saga Yutona Eiyuu Senki,PS,2001,Role-Playing,0
Transformers: Fall of Cybertron,PS3,2012,Action,0.19
Alpha Protocol,X360,2010,Role-Playing,0.23
Metal Gear Solid HD Edition,PSV,2012,Action,0.12
FIFA 12,3DS,2011,Sports,0.08
Taiko no Tatsujin Wii: Ketteiban,Wii,2011,Misc,0
SSX 3,XB,2003,Sports,0.29
Combat of Giants: Dinosaurs 3D,3DS,2011,Strategy,0.25
Madden NFL 2005,GBA,2004,Sports,0.28
All-Star Baseball 2000,N64,1999,Sports,0.36
Custom Robo V2,N64,2000,Fighting,0
Extreme-G: XG2,N64,1998,Racing,0.31
BattleTanx: Global Assault,N64,1999,Action,0.31
Final Fantasy Crystal Chronicles: The Crystal Bearers,Wii,2009,Action,0.21
SpongeBob's Truth or Square (US sales),Wii,2009,Action,0.38
Until Dawn: Rush of Blood,PS4,2016,Adventure,0.18
Chibi-Robo! Plug into Adventure!,GC,2005,Adventure,0.23
Sonic Lost World,WiiU,2013,Platform,0.23
Super Monkey Ball: Step & Roll,Wii,2010,Action,0.15
Skylanders SWAP Force,PS4,2013,Platform,0.2
Iron Man 2,PS3,2010,Action,0.14
Jampack Winter 2003 (RP-T),PS2,2003,Misc,0.19
Star Wars The Clone Wars: Republic Heroes,X360,2009,Action,0.18
Monster Jam: Urban Assault,DS,2008,Racing,0.36
Kengo: Master of Bushido,PS2,2000,Fighting,0.16
Blood Omen 2,PS2,2002,Action,0.19
Monopoly Streets,PS3,2010,Misc,0.16
Super Fire ProWrestling,SNES,1991,Fighting,0
Cabela's Dangerous Hunts 2,PS2,2005,Sports,0.19
Condemned 2: Bloodshot,PS3,2008,Action,0.17
Disney Princess: Enchanting Storybooks,Wii,2011,Misc,0.25
Chessmaster,PS2,2003,Misc,0.19
Fatal Fury,SNES,1992,Fighting,0
From TV Animation One Piece: Yume no Lufy Kaizokudan Tanjou!,GB,2001,Role-Playing,0
The Darkness II,X360,2012,Shooter,0.24
Ice Age 2: The Meltdown,PS2,2006,Platform,0.19
The Sims 2,GBA,2005,Simulation,0.28
Hitman: Blood Money,X360,2006,Action,0.29
Super Famista 3,SNES,1994,Sports,0
Advance Wars: Dual Strike,DS,2005,Strategy,0.3
Auto Modellista,PS2,2002,Racing,0.19
WipeOut 3 The Game,Wii,2012,Action,0.36
MLB 15: The Show,PS3,2015,Sports,0.31
Tom Clancy's Ghost Recon 2: Summit Strike,XB,2005,Shooter,0.29
Tiger Woods PGA Tour 08,PS2,2007,Sports,0.19
F1 2016 (Codemasters),PS4,2016,Racing,0.03
Just Dance 2015,PS4,2014,Misc,0.19
Robert Ludlum's The Bourne Conspiracy,PS3,,Action,0.18
Samurai Warriors Chronicles,3DS,2011,Action,0.12
Karaoke Revolution Presents American Idol Encore,PS2,2008,Misc,0.19
Airlock,2600,1981,Action,0.36
Tokimeki Memorial 2,PS,1999,Simulation,0
Hooked! Again: Real Motion Fishing,Wii,2009,Sports,0.36
SpongeBob vs The Big One: Beach Party Cook Off,DS,2009,Adventure,0.24
One Piece: Unlimited World Red,3DS,2013,Action,0.05
EA Sports Active 2,X360,2010,Sports,0.18
MotoGP 08,PS3,2008,Racing,0.07
Red Faction: Armageddon,X360,2011,Shooter,0.18
Harry Potter: Quidditch World Cup,GBA,2003,Sports,0.28
Dungeon Siege III,PS3,2011,Role-Playing,0.17
Evil Dead: Fistfull of Boomstick,PS2,2003,Action,0.19
Silent Hill: Homecoming,PS3,,Action,0.18
Triple Play 97,PS,1996,Sports,0.21
Sonic & All-Stars Racing Transformed,PSV,2012,Racing,0.09
Super Soccer,SNES,1991,Sports,0
Shin Megami Tensei: Nocturne,PS2,2003,Role-Playing,0.07
Wario Land II (GBC),GB,1998,Platform,0
San Francisco Rush: Extreme Racing,PS,1997,Racing,0.21
Bakusou Dekotora Densetsu: Otoko Ippiki Yume Kaidoi,PS,1998,Racing,0
Farming Simulator 2013,X360,2013,Simulation,0.22
ESPN College Hoops 2K5,XB,2004,Sports,0.29
Looney Tunes: Acme Arsenal,PS2,2007,Action,0.19
SD Gundam G Generation Spirits,PS2,2007,Strategy,0
Dance Party: Pop Hits,Wii,2009,Misc,0
Marvel: Ultimate Alliance,PS3,2006,Role-Playing,0.33
The Cat in the Hat,GBA,2005,Platform,0.27
Diner Dash: Sizzle & Serve,DS,2007,Puzzle,0.33
Shin Megami Tensei: Devil Survivor Overclocked,3DS,2011,Role-Playing,0.28
NFL GameDay 2002,PS2,2001,Sports,0.19
Naruto: Clash of Ninja Revolution 2,Wii,2008,Fighting,0.34
Turok: Evolution,GC,2002,Shooter,0.3
NCAA Football 08,PS3,2007,Sports,0.35
Jam Sessions: Sing and Play Guitar (US sales),DS,2007,Misc,0.38
Mobile Suit Gundam: Giren no Yabou Zeon Dokuritsu Sensouden,PS2,2002,Strategy,0
Ice Age,GBA,2002,Action,0.27
Sega Superstars Tennis,PS2,2008,Sports,0.1
Headhunter,PS2,2002,Action,0.19
FIFA 14,Wii,2013,Sports,0
Yoshi Touch & Go,DS,2005,Platform,0.34
Viking: Battle for Asgard,PS3,2008,Action,0.14
Rock Band 4,PS4,2015,Misc,0.26
Shin Megami Tensei: Devil Summoner,SAT,1995,Role-Playing,0
Junior Classic Games,DS,2009,Misc,0.26
Marvel Nemesis: Rise of the Imperfects,GC,2005,Fighting,0.3
ESPN Extreme Games,PS,1994,Sports,0.11
Brunswick Pro Bowling,Wii,2007,Sports,0.35
Ninja: Shadow of Darkness,PS,1998,Action,0.21
Wolfenstein: The New Order,X360,2014,Shooter,0.18
SD Gundam G Generation-F,PS,2000,Strategy,0
Bratz: Rock Angelz,PS2,2005,Misc,0.19
FlatOut,PS2,2004,Racing,0.19
Phoenix Wright: Ace Attorney - Dual Destinies,3DS,2013,Adventure,0
Battlefield 1,PC,2016,Shooter,0.11
SSX 3,GC,2003,Sports,0.29
Metal Gear Solid: Snake Eater 3D,3DS,2012,Action,0.15
Raving Rabbids: Travel in Time 3D,3DS,2011,Platform,0.11
NCAA Football 11,PS2,2010,Sports,0.19
Lilo & Stitch 2: Hämsterviel Havoc,GBA,2004,Action,0.27
LocoRoco,PSP,2006,Platform,0.14
Risk: Global Domination,PS2,2003,Strategy,0.19
Deus Ex: Mankind Divided,PS4,2016,Role-Playing,0.11
Mobile Suit Gundam version 2.0,PS,1996,Action,0
FIFA 17,X360,2016,Sports,0.07
Grandia Xtreme,PS2,2002,Role-Playing,0.07
Tamagotchi Connection: Corner Shop 3,DS,2007,Simulation,0.06
Silent Scope,PS2,2000,Shooter,0.19
Final Fantasy Adventure,GB,1991,Role-Playing,0
Dora The Explorer: Dora Saves the Snow Princess,PS2,2008,Platform,0.19
The Incredible Hulk,PS2,2008,Action,0.32
Mercenaries 2: World in Flames,PS2,2008,Shooter,0.21
Saints Row: The Third,PC,2011,Action,0.16
Ghost Trick: Phantom Detective,DS,2010,Adventure,0.17
Tokimeki Memorial: Forever with You,SAT,1996,Simulation,0
MediEvil II,PS,1999,Action,0.21
Hunter: The Reckoning,XB,2002,Action,0.28
MX vs. ATV Untamed,PS2,2007,Racing,0.32
Rogue Trip: Vacation 2012,PS,1998,Racing,0.21
Phantasy Star Ø,DS,2008,Role-Playing,0.16
Dawn of Discovery,PC,2009,Simulation,0
Dai-4-Ji Super Robot Taisen,SNES,1995,Strategy,0
Tales of Hearts,PSV,2013,Role-Playing,0.11
Get Fit with Mel B,PS3,2010,Sports,0.15
Ice Age: Dawn of the Dinosaurs,DS,2009,Action,0.2
Pokemon Channel,GC,2003,Adventure,0.24
Taiko no Tatsujin Portable DX,PSP,2011,Misc,0
Etrian Odyssey IV: Legends of the Titans,3DS,2012,Role-Playing,0.12
Sesame Street: Elmo's A-to-Zoo Adventure,Wii,2010,Misc,0.35
Iron Man 2,PSP,2010,Action,0.18
Moto Racer World Tour,PS,2000,Racing,0.21
Virtua Tennis 2009,PS3,2009,Sports,0.09
The Dog Island,Wii,2007,Adventure,0.34
NCAA Final Four 2000,PS,1999,Sports,0.21
Madagascar: Escape 2 Africa,PS2,2008,Action,0.12
Hangman,2600,,Puzzle,0.35
Need for Speed: Nitro,DS,2009,Racing,0.21
Naruto Shippuden: Ultimate Ninja Heroes 3,PSP,2009,Fighting,0.13
Tiger Woods PGA Tour 08,PSP,2007,Sports,0.14
Cabela's Dangerous Hunts 2009,Wii,2008,Sports,0.35
Petz Rescue: Wildlife Vet,DS,2008,Simulation,0.35
Dancing with the Stars: We Dance!,Wii,2008,Misc,0.35
Age of Empires III,PC,2005,Strategy,0
Madden NFL 11,PSP,2010,Sports,0.35
Gravitar,2600,1982,Action,0.35
EyeToy Play 2,PS2,2004,Misc,0.18
Mobile Suit Gundam: Extreme VS Full Boost,PS3,2014,Fighting,0
Dance Dance Revolution Ultramix 3,XB,2005,Simulation,0.28
LEGO Marvel Super Heroes,DS,2013,Action,0.22
WWE SmackDown vs. Raw 2011,PS2,2010,Fighting,0.24
Pro Evolution Soccer 2011 3D,3DS,2011,Sports,0.11
Just Dance 2014,PS3,2013,Misc,0.17
Wii Sports Club,WiiU,2014,Sports,0.17
Harry Potter and the Prisoner of Azkaban,GC,2004,Action,0.29
Paws & Claws: Pampered Pets,DS,2009,Simulation,0.35
Puppy Palace,DS,2008,Simulation,0.35
Peppa Pig: The Game,Wii,2009,Misc,0
Skylanders Giants,WiiU,2012,Action,0.22
GRID 2,PS3,2013,Racing,0.07
Solaris,2600,1986,Shooter,0.35
Resident Evil Zero,PS4,2016,Action,0.1
Super Dragon Ball Z,PS2,2006,Fighting,0.09
Scooby-Doo! and the Spooky Swamp,DS,2010,Action,0.25
Petz Rescue: Ocean Patrol,DS,2008,Adventure,0.35
The Golden Compass,PSP,,Action,0.11
Tobal 2,PS,1997,Fighting,0
Farming Simulator 2015,PS3,2015,Simulation,0.11
NBA 2K10,Wii,2009,Sports,0.34
Persona 5,PS4,2016,Role-Playing,0
Disney Sing It,PS3,2008,Misc,0.28
Tiger Woods PGA Tour 09,PS2,2008,Sports,0.16
Ultimate Spider-Man,GC,2005,Action,0.29
NBA Inside Drive 2002,XB,2002,Sports,0.28
Major League Baseball 2K6,X360,2006,Sports,0.34
Imagine: Party Babyz,Wii,2008,Simulation,0.33
LEGO Star Wars III: The Clone Wars,PSP,2011,Action,0.14
NBA 2K7,PS3,2006,Sports,0.3
Kileak: The DNA Imperative,PS,1994,Shooter,0.08
Petz: Catz 2,PS2,2006,Simulation,0.18
Just Dance 4,WiiU,2012,Misc,0.21
Phantasy Star Portable 2: Infinity,PSP,2011,Role-Playing,0
"Monsters, Inc. Scream Arena",GC,2002,Platform,0.29
Reel Fishing III,PS2,2003,Sports,0.18
Cabela's Deer Hunt 2005 Season,PS2,2004,Sports,0.18
Monster Jam: Path of Destruction,DS,2010,Racing,0.34
Need for Speed: Hot Pursuit,PC,2010,Racing,0.12
Rampage: Total Destruction,PS2,2006,Action,0.18
High Heat Major League Baseball 2003,PS2,2002,Sports,0.18
Trivial Pursuit,X360,2009,Misc,0.12
Super Formation Soccer 94,SNES,1994,Sports,0
Kingdom Under Fire: Circle of Doom,X360,2007,Role-Playing,0.18
Panzer Dragoon,SAT,1995,Shooter,0
Spider-Man: Friend or Foe,PS2,2007,Action,0.31
Yarudora Series Vol.1: Double Cast,PS,1998,Adventure,0
Rec Room Games,Wii,2009,Sports,0.35
EA Sports MMA,PS3,2010,Fighting,0.16
Guitar Hero On Tour: Modern Hits,DS,2009,Misc,0.13
Quake 4,X360,2005,Shooter,0.32
Tiger Woods PGA Tour 14,PS3,2013,Sports,0.16
Skate,PS3,2007,Sports,0.29
Cabela's Big Game Hunter 2012,Wii,2011,Sports,0.33
Fushigi no Dungeon: Furai no Shiren 2 - Oni Shuurai! Shiren Shiro!,N64,2000,Role-Playing,0
Turok: Rage Wars,N64,1999,Shooter,0.3
Scooby-Doo! Classic Creep Capers,N64,2000,Action,0.3
Rage,PC,2011,Shooter,0.14
Dragonfire,2600,1981,Action,0.35
Custom Robo,GC,2004,Role-Playing,0.29
Prince of Persia: The Forgotten Sands,PSP,2010,Action,0.09
BioShock The Collection,PS4,2016,Shooter,0.1
Theatrhythm Final Fantasy: Curtain Call,3DS,2014,Misc,0.13
DiRT 2,Wii,2009,Racing,0.1
Pac-Man World 2,GC,2002,Action,0.28
Kotoba no Puzzle: Mojipittan DS,DS,2007,Puzzle,0
Tomb Raider: Legend,X360,2006,Action,0.27
Rocket League,PS4,2016,Sports,0.03
The BIGS,Wii,2007,Sports,0.34
Barbie Horse Adventures: Blue Ribbon Race,GBA,2003,Sports,0.26
Destiny: The Taken King,PS3,2015,Shooter,0.17
Skylanders: SuperChargers,PS3,2015,Action,0.16
The Legend of Spyro: A New Beginning,DS,2006,Platform,0.33
Imagine: Salon Stylist,DS,2009,Simulation,0.23
Juiced 2: Hot Import Nights,PSP,2007,Racing,0.06
Slime MoriMori Dragon Quest: Shougeki No Shippo Dan,GBA,2003,Adventure,0
Dungeon Siege III,X360,2011,Role-Playing,0.21
Hell's Kitchen: The Game,DS,2008,Simulation,0.34
DiRT Rally,PS4,2016,Racing,0.04
NFL Street 2 Unleashed,PSP,2005,Sports,0.34
Super Robot Taisen EX,SNES,1994,Strategy,0
FIFA Street 2,PS2,2006,Sports,0.17
Virtua Tennis 2009,Wii,2009,Sports,0.12
Overlord: Dark Legend,Wii,2009,Action,0.11
Bottom of the 9th,N64,1999,Sports,0.37
The Legend of Spyro: The Eternal Night,DS,2007,Platform,0.32
Shin Megami Tensei II,SNES,1994,Role-Playing,0
Harry Potter and the Order of the Phoenix,PSP,2007,Action,0.1
Wanted: Weapons of Fate,X360,2009,Shooter,0.17
Xenosaga Episode III: Also sprach Zarathustra,PS2,2006,Role-Playing,0.09
Skylanders: Trap Team,XOne,2014,Action,0.26
Rune Factory: Frontier,Wii,2008,Role-Playing,0.16
Virtua Fighter 3tb,DC,1998,Fighting,0
Medieval II: Total War Gold Edition,PC,2008,Strategy,0
Mini Ninjas,Wii,2009,Action,0.16
Naruto Shippuden: Ninja Destiny 2,DS,2008,Fighting,0.19
Mini-Yonku GB: Let's & Go!!,GB,1997,Strategy,0
Scribblenauts: Unlimited,WiiU,2012,Action,0.25
The House of the Dead: Overkill - Extended Cut,PS3,2011,Shooter,0.15
Marvel: Ultimate Alliance,PSP,2006,Role-Playing,0.33
The Sims 2: Castaway,PS2,2007,Simulation,0.3
NCAA Football 07,PSP,2006,Sports,0.34
Batman: Arkham City,WiiU,2012,Action,0.16
NBA Live 2003,XB,,Sports,0.31
Fragile Dreams: Farewell Ruins of the Moon,Wii,2009,Role-Playing,0.16
GoldenEye: Rogue Agent,GC,2004,Shooter,0.28
Need for Speed: The Run,PC,2011,Action,0.09
Zero4 Champ RR,SNES,1994,Sports,0
Dragon Ball Z: Infinite World,PS2,2008,Fighting,0.08
Elite Beat Agents,DS,2006,Misc,0.3
Nonomura Byoin no Hitobito,SAT,1996,Adventure,0
ESPN X Games Skateboarding,PS2,2001,Sports,0.18
Sid Meier's Civilization: Beyond Earth,PC,2014,Strategy,0.11
NHL 15,PS3,2014,Sports,0.21
Castlevania: Order of Ecclesia,DS,2008,Platform,0.27
Build-A-Bear Workshop: A Friend Fur All Seasons,Wii,2008,Simulation,0.33
Dreamworks Madagascar Kartz,DS,2009,Racing,0.25
Left 4 Dead 2,PC,2009,Shooter,0
Green Day: Rock Band,Wii,2010,Misc,0.22
"999: Nine Hours, Nine Persons, Nine Doors",DS,2009,Adventure,0.31
Super Fire ProWrestling Special,SNES,1994,Fighting,0
Star Fox: Zero,WiiU,2016,Shooter,0.17
SAW,PS3,2009,Action,0.13
Yuu Yuu Hakusho,SNES,1993,Fighting,0
Tom Clancy's HAWX 2,X360,2010,Action,0.24
Kamaitachi no Yoru 2,PS2,2002,Adventure,0
High Heat Major League Baseball 2004,PS2,2003,Sports,0.18
Robots,PS2,2005,Action,0.18
NARC,PS2,2005,Shooter,0.18
One Piece: Gigant Battle!,DS,2010,Fighting,0
Dragon Ball Z: Attack of the Saiyans,DS,2009,Role-Playing,0.12
My Horse & Me,DS,2007,Sports,0.33
Bionic Commando,PS3,2009,Platform,0.12
Monster Rancher 3,PS2,2001,Simulation,0.11
The Incredibles: Rise of the Underminer,PS2,2005,Action,0.18
Sword Art Online: Lost Song,PSV,2015,Role-Playing,0.06
MechWarrior 2: 31st Century Combat,PS,1997,Simulation,0.2
Zoo Tycoon (2013),XOne,2013,Simulation,0.18
Hamtaro: Ham-Ham Heartbreak,GBA,2002,Action,0.26
Okage: Shadow King,PS2,2001,Role-Playing,0.14
Mobile Suit Z-Gundam,PS,1997,Action,0
Cubix Robots for Everyone: Clash 'n' Bash,GBA,,Action,0.26
BlazBlue: Calamity Trigger,X360,2009,Fighting,0.21
Kirby's Dream Land 3,SNES,1997,Platform,0
Big Bass World Championship,PS,1997,Sports,0.2
NFL GameDay 2001,PS2,2000,Sports,0.18
NBA 2K6,XB,2005,Action,0.27
Saban's Power Rangers: Lightspeed Rescue,N64,2000,Action,0.29
Tetrisphere,N64,1997,Puzzle,0.29
Jurassic Park,NES,1993,Action,0.25
Mystical Ninja starring Goemon,N64,1997,Action,0.07
Marvel Super Hero Squad,Wii,2009,Fighting,0.3
The Chronicles of Narnia: Prince Caspian,Wii,2008,Action,0.31
World's Scariest Police Chases,PS,2001,Racing,0.2
Shaun Palmer's Pro Snowboarder,GBA,2001,Sports,0.26
North American Hunting Extravaganza,Wii,2008,Sports,0.33
ZhuZhu Pets: Featuring The Wild Bunch,Wii,2010,Simulation,0.3
MechAssault 2: Lone Wolf,XB,2004,Simulation,0.27
Valkyrie Profile: Lenneth,PSP,2006,Role-Playing,0.17
Hamster Club 3,GBA,2002,Simulation,0
Breath of Fire II,SNES,1994,Role-Playing,0
LEGO Racers,PS,1999,Racing,0.2
Just Dance 2016,PS4,2015,Misc,0.17
ESPN NFL Football,XB,2003,Sports,0.27
Naruto: Ultimate Ninja 3 (JP sales),PS2,2005,Fighting,0
Rapala Pro Fishing,PS2,2004,Sports,0.18
ATV/Monster Truck Mayhem,DS,2007,Racing,0.33
J-League Pro Soccer Club o Tsukurou '04,PS2,2004,Sports,0
Spider-Man: Shattered Dimensions,X360,2010,Action,0.24
Dai-2-Ji Super Robot Taisen Z Saisei-hen,PSP,2012,Strategy,0
TMNT,Wii,2007,Action,0.3
Fossil Fighters: Frontier,3DS,2014,Role-Playing,0.08
Disney's The Haunted Mansion,PS2,2003,Platform,0.18
Arc the Lad: Twilight of the Spirits,PS2,2003,Role-Playing,0.18
Dance Dance Revolution 3rdMix,PS,2000,Simulation,0
Ryu Ga Gotoku Kenzan!,PS3,2008,Adventure,0
Super Robot Taisen A,GBA,2001,Strategy,0
Watch Dogs 2,XOne,2016,Action,0.17
Tiger Woods PGA Tour 09,PSP,2008,Sports,0.07
Boxer's Road,PS,1995,Fighting,0
Frogs And Flies,2600,1981,Action,0.33
Harry Potter and the Chamber of Secrets,XB,2002,Action,0.27
Toriko: Gourmet Survival!,PSP,2011,Role-Playing,0
South Park Rally,PS,1998,Racing,0.2
Ganbare Goemon 3: Shishi Jyuurokubei no Karakuri Manji Katame,SNES,1994,Platform,0
Arctic Thunder,PS2,2001,Racing,0.17
NHL 2K10,PS2,2009,Sports,0.17
J-League Pro Soccer Club o Tsukurou!,DC,1999,Sports,0
ESPN: Sports Connection,WiiU,2012,Sports,0.2
Digging for Dinosaurs,DS,2010,Action,0.33
Formula 1 Championship Edition,PS,1997,Racing,0.06
Shrek,XB,2001,Platform,0.25
Dragon's Crown,PSV,2013,Role-Playing,0.14
Thief (2014),PS3,2014,Action,0.1
Blasto,PS,1998,Action,0.2
Wipeout 2048,PSV,2012,Racing,0.13
Wonder Pets! Save the Animals!,DS,2008,Adventure,0.33
Backyard Baseball 2006,GBA,2005,Sports,0.25
Cabela's Outdoor Adventures (2006),PS2,2005,Sports,0.17
Trauma Center: Under the Knife,DS,2005,Simulation,0.3
Press Your Luck 2010 Edition,Wii,2009,Misc,0.33
Nicktoons: Unite!,GC,2005,Adventure,0.27
Farming Simulator 2015,PS4,2015,Simulation,0.1
Earth Defense Force 2025,PS3,2013,Shooter,0.04
Middle-Earth: Shadow of Mordor,PC,2014,Action,0.12
Suikoden V,PS2,2006,Role-Playing,0.08
Picross 2,GB,1996,Puzzle,0
SOCOM: Tactical Strike,PSP,2007,Shooter,0.32
Farming Simulator 2015,X360,2015,Simulation,0.22
Tiger Woods PGA Tour 14,X360,2013,Sports,0.21
Sentouchu: Densetsu no Shinobi to Survival Battle!,3DS,2013,Action,0
U-Sing,Wii,2009,Misc,0
Outlaw Golf 2,PS2,2004,Sports,0.17
Momotarou Dentetsu 12,PS2,2003,Misc,0
LocoRoco 2,PSP,2008,Platform,0.21
Football Manager Handheld 2010,PSP,2009,Sports,0
Disney's Tarzan: Return to the Jungle,GBA,2002,Action,0.25
Batman: Rise of Sin Tzu,PS2,2003,Action,0.17
Cabela's Dangerous Hunts,XB,2003,Sports,0.26
AMF Bowling World Lanes,Wii,2008,Sports,0.33
Kinectimals: Now with Bears!,X360,2011,Misc,0.27
G-Force,PSP,2009,Action,0.24
Worms: Open Warfare 2,DS,2007,Strategy,0.07
Jikkyou Powerful Pro Yakyuu 13,PS2,2006,Sports,0
Dark Void,PS3,2010,Action,0.18
Guitar Hero: Smash Hits,PS3,2009,Misc,0.2
Mega Man X3,SNES,1995,Action,0.04
Stunt Race FX,SNES,1993,Racing,0
NHL 2K10,Wii,2009,Sports,0.32
Bloody Roar 3,PS2,2001,Fighting,0.15
WWE Crush Hour,PS2,2003,Racing,0.17
Persona 2: Eternal Punishment,PS,2000,Role-Playing,0.03
Homefront: The Revolution,PS4,2016,Shooter,0.06
Assassin's Creed III,WiiU,2012,Action,0.19
One Piece: Burning Blood,PS4,2016,Fighting,0.11
Star Wars: Flight of the Falcon,GBA,2003,Action,0.25
One Piece: Gigant Battle 2 Shin Sekai,DS,2011,Fighting,0
Teenage Mutant Ninja Turtles: Smash-Up,Wii,2009,Fighting,0.33
Toukiden: The Age of Demons,PSV,2013,Action,0.04
Metro: Last Light,X360,2013,Action,0.17
Jikkyou Powerful Pro Yakyuu 2000,N64,2000,Sports,0
Dragon Ball Z: Budokai Tenkaichi 2 (JP sales),Wii,,Action,0.15
Football Manager 2016,PC,2015,Simulation,0
Resident Evil: Dead Aim,PS2,2003,Action,0.17
Command & Conquer: Red Alert 3 Ultimate Edition,PS3,2009,Strategy,0.14
Need for Speed Carbon,GC,2006,Racing,0.27
The Adventures of Jimmy Neutron Boy Genius: Jet Fusion,GBA,2003,Action,0.25
FIFA Soccer 13,PSP,2012,Action,0.05
The Fairly Odd Parents: Shadow Showdown,PS2,2004,Platform,0.17
EA Sports MMA,X360,2010,Fighting,0.23
Saban's Power Rangers: Lightspeed Rescue,PS,2000,Action,0.19
Xbox Music Mixer,XB,2003,Misc,0.26
Defiance,PS3,2013,Shooter,0.19
Terminator Salvation,X360,2009,Shooter,0.13
CSI: Deadly Intent - The Hidden Cases,DS,2009,Adventure,0.16
College Hoops 2K8,PS2,2007,Sports,0.17
Destiny: The Taken King,X360,2015,Shooter,0.24
Pac-Man All-Stars,PS3,2011,Fighting,0.2
Guitar Hero: Metallica,PS2,2009,Misc,0.17
Guilty Gear X2,PS2,2002,Fighting,0.09
Chicken Shoot,Wii,2007,Action,0.32
Tom Clancy's Rainbow Six: Lockdown,PS2,2005,Shooter,0.17
From TV Animation One Piece: Tobidase Kaizokudan!,PS,2001,Role-Playing,0
MotoGP 08,X360,2008,Racing,0.11
LEGO Marvel's Avengers,XOne,2016,Action,0.19
The Tale of Despereaux,PS2,2008,Platform,0.17
Aggressive Inline,PS2,2002,Sports,0.17
Mirror's Edge Catalyst,PS4,2016,Platform,0.11
Sniper Elite 3,XOne,2014,Shooter,0.2
Hello Kitty Daily,DS,2008,Misc,0.32
NFL Street,GC,2004,Sports,0.27
Karaoke Revolution,PS2,2003,Misc,0.17
Metal Arms: Glitch in the System,PS2,2003,Shooter,0.17
Tropico 4,X360,,Strategy,0.2
Jikkyou Powerful Pro Yakyuu 7,PS2,2000,Sports,0
Rally Cross 2,PS,1998,Racing,0.19
EverGrace,PS2,2000,Role-Playing,0.1
Enemy Territory: Quake Wars,PS3,2008,Shooter,0.23
Lunar 2: Eternal Blue Complete,PS,1999,Role-Playing,0.19
Street Fighter Alpha: Warriors' Dreams,SAT,1996,Fighting,0
Rugrats: Royal Ransom,PS2,2002,Platform,0.17
MLB 06: The Show,PSP,2006,Sports,0.32
Over the Hedge,GC,2006,Platform,0.27
Tomb Raider (2013),PC,,Action,0.06
Charlie and the Chocolate Factory,PS2,2005,Adventure,0.17
TrackMania Turbo,PS4,2016,Action,0.03
Kurushi Final: Mental Blocks,PS,1998,Puzzle,0
Risk / Battleship / Clue,GBA,2005,Misc,0.25
Tiger Woods PGA Tour 12: The Masters,Wii,2011,Sports,0.2
Def Jam Icon,X360,2007,Action,0.3
SD Gundam G Generation World,PSP,2011,Strategy,0
The Wild Thornberrys Movie,GBA,2002,Platform,0.25
High School Musical 3: Senior Year DANCE!,PS2,2008,Misc,0.17
Hannah Montana: The Movie,Wii,2009,Adventure,0.13
Dynasty Warriors 5 Empires,PS2,2006,Action,0.11
Call of Duty: Ghosts,WiiU,2013,Shooter,0.22
Transformers: Dark of the Moon,PS3,2011,Action,0.11
SoulCalibur,DC,1999,Fighting,0
WipEout 3,PS,1999,Racing,0.19
UEFA Euro 2008 Austria-Switzerland,X360,2008,Sports,0.08
SpongeBob's Boating Bash,Wii,2010,Misc,0.24
Classic NES Series: Ice Climber,GBA,2004,Platform,0.1
Pirates of the Caribbean: At World's End,DS,2007,Action,0.3
WWE '12,Wii,2011,Fighting,0.23
WWE All Stars,X360,2011,Fighting,0.18
Mini Ninjas,PS3,2009,Action,0.14
Tekken Tag Tournament 2,X360,2012,Fighting,0.19
Freeway,2600,1980,Action,0.32
Driver 2 Advance,GBA,2002,Action,0.25
Monster Rancher 4,PS2,2003,Simulation,0.08
Mini Ninjas,DS,2009,Action,0.16
Tim Burton's The Nightmare Before Christmas: Oogie's Revenge,PS2,2004,Adventure,0.17
Iron Storm,SAT,1995,Shooter,0
Battalion Wars 2,Wii,2007,Strategy,0.22
MotorStorm: Arctic Edge,PS2,2009,Racing,0.07
The Fairly Odd Parents: Shadow Showdown,GBA,2004,Platform,0.25
Marvel Super Heroes,PS,1997,Fighting,0.19
Super Bust-A-Move,PS2,2000,Puzzle,0.17
Hitman: Contracts,XB,2004,Shooter,0.26
Supreme Commander 2,X360,2010,Strategy,0.23
Thunderstrike: Operation Phoenix,PS2,2001,Simulation,0.17
Frostbite,2600,1983,Action,0.32
Alien's Return,2600,1982,Action,0.32
Mario & Sonic at the Rio 2016 Olympic Games,WiiU,2016,Action,0.07
Avatar: The Last Airbender - The Burning Earth,DS,2007,Action,0.31
Racquet Sports,PS3,2010,Sports,0.11
Company of Heroes 2,PC,2013,Strategy,0.06
Trauma Center: Second Opinion,Wii,2006,Simulation,0.28
DanceDanceRevolution,Wii,2010,Simulation,0.28
WWE Day of Reckoning 2,GC,2005,Fighting,0.26
NBA 2K12,Wii,2011,Sports,0.29
The Urbz: Sims in the City,XB,2004,Simulation,0.22
Fantastic Voyage,2600,1981,Action,0.32
Vancouver 2010 - The Official Video Game of the Olympic Winter Games,PS3,2010,Sports,0.09
Night Warriors: Darkstalkers' Revenge,SAT,1995,Fighting,0
Rayman Legends,XOne,2014,Platform,0.13
SpongeBob SquarePants: The Yellow Avenger,DS,2005,Action,0.31
Monopoly,PS3,2008,Misc,0.25
SimCity Creator,DS,2008,Simulation,0.29
Off Road Challenge,N64,1998,Racing,0.27
Tenchu Z,X360,2006,Action,0.27
Bank Heist,2600,1982,Action,0.32
Conan,PS3,2007,Action,0.13
Backstreet Billiards,PS,1998,Misc,0.19
Carnival,2600,1981,Shooter,0.32
Leisure Suit Larry: Magna Cum Laude,PS2,2004,Adventure,0.17
MVP 06 NCAA Baseball,XB,2006,Sports,0.25
Naruto Shippuden: Ultimate Ninja Impact,PSP,2011,Fighting,0.09
Momotarou Dentetsu DS: Tokyo & Japan,DS,2007,Misc,0
Point Blank,PS,1997,Shooter,0.05
Disney Infinity 3.0,XOne,2015,Action,0.2
Speed Racer: The Videogame,DS,2008,Racing,0.28
F.E.A.R.,X360,2006,Shooter,0.28
Tiny Tank,PS,1998,Action,0.19
Yu-Gi-Oh! 5D's Tag Force 5,PSP,2010,Strategy,0.13
Tom Clancy's Ghost Recon: Shadow Wars,3DS,2011,Strategy,0.22
Smart Girl's Party Game,DS,2008,Misc,0.31
Spy Hunter,XB,2002,Racing,0.25
James Bond 007: Legends,PS3,2012,Shooter,0.11
The Sims 3: Town Life Stuff,PC,2011,Simulation,0.11
Herbie: Fully Loaded,GBA,2005,Racing,0.24
Teenage Mutant Ninja Turtles,GC,2003,Action,0.26
Kameo: Elements of Power,X360,2005,Action,0.28
Football Manager Handheld 2008,PSP,2007,Sports,0
Dynasty Warriors 6 Empires,PS3,2009,Action,0.14
The Shoot,PS3,2010,Shooter,0.13
Disney Sing It: Pop Hits,PS2,2009,Misc,0.1
Dead or Alive 5,PS4,2015,Fighting,0.09
My Baby Boy,DS,2008,Simulation,0.3
Puzzle Quest: Challenge of the Warlords,DS,2007,Puzzle,0.28
Dynasty Warriors: Gundam 2,PS2,2008,Action,0.04
Star Ocean: Second Evolution,PSP,2008,Role-Playing,0.14
Imagine: Movie Star,DS,2008,Simulation,0.31
Fade to Black,PS,1996,Action,0.19
MXRider,PS2,2001,Racing,0.16
Disney Magic World 2,3DS,2015,Action,0.02
Delta Force: Black Hawk Down,XB,2005,Shooter,0.25
Pirates of the Caribbean: At World's End,X360,2007,Action,0.29
Angry Birds Star Wars,3DS,2013,Strategy,0.15
World Championship Poker 2: Featuring Howard Lederer,PS2,2005,Misc,0.16
The Eye of Judgment,PS3,2007,Misc,0.28
Sengoku Musou 3 Z,PS3,2011,Action,0
Tom Clancy's Ghost Recon Advanced Warfighter,XB,2006,Shooter,0.21
Iron Man 2,DS,2010,Action,0.14
Tokyo Highway Battle,PS,1996,Racing,0.06
NHL 09,PS3,2008,Sports,0.29
World of Final Fantasy,PS4,2016,Role-Playing,0.08
Beyond Good & Evil,PS2,2003,Adventure,0.16
Banjo-Kazooie: Grunty's Revenge,GBA,2003,Platform,0.24
Bomberman World,PS,1998,Puzzle,0.06
Bejeweled 3,DS,,Puzzle,0.29
NHL 17,PS4,2016,Sports,0.19
Mega Man ZX Advent,DS,2007,Platform,0.22
Transformers: Revenge of the Fallen (DS Versions),DS,2009,Action,0.17
NCAA Basketball 10,PS3,2009,Sports,0.31
Star Ocean 5: Integrity and Faithlessness,PS4,2016,Role-Playing,0.07
Jeanne d'Arc,PSP,2006,Role-Playing,0.21
Deathtrap Dungeon,PS,1998,Action,0.19
Tales of the World: Radiant Mythology 2,PSP,2009,Role-Playing,0
Night at the Museum: Battle of the Smithsonian,DS,2009,Action,0.12
Harry Potter and the Deathly Hallows - Part 2,X360,2011,Action,0.19
Avatar: The Last Airbender,DS,2006,Adventure,0.3
Ape Escape Academy,PSP,2004,Misc,0.13
WWE Wrestlemania XIX,GC,2003,Fighting,0.26
The Sims 2,GC,2005,Simulation,0.26
Hulk,XB,2003,Action,0.25
Untold Legends: The Warriors Code,PSP,2006,Role-Playing,0.14
Klonoa 2: Lunatea's Veil,PS2,2001,Platform,0.12
Deus Ex: Invisible War,XB,2003,Shooter,0.25
Disney's Treasure Planet,PS2,2002,Action,0.16
NASCAR Thunder 2002,XB,2001,Racing,0.25
The King of Fighters XIII,X360,2011,Fighting,0.23
BeatMania Append GottaMix,PS,1999,Simulation,0
Tak 2: The Staff of Dreams,GC,2004,Platform,0.26
Fracture,X360,2008,Shooter,0.15
Ninja Blade,X360,2009,Action,0.14
Bookworm,DS,2009,Puzzle,0.3
LEGO Batman 2: DC Super Heroes,PSV,2012,Action,0.16
Bee Movie Game,Wii,2007,Action,0.3
Kelly Slater's Pro Surfer,PS2,2002,Sports,0.16
Sniper: Ghost Warrior 2,PS3,2013,Shooter,0.05
Shrek SuperSlam,GBA,2005,Action,0.24
Legends of Wrestling II,PS2,2002,Fighting,0.16
World Stadium 3,PS,1999,Sports,0
LEGO Pirates of the Caribbean: The Video Game,PSP,2011,Action,0.12
Extra Bases,GB,1990,Sports,0
Super Power League 2,SNES,1994,Sports,0
Virtua Tennis 2009,X360,2009,Sports,0.12
Street Fighter Alpha 3 MAX,PSP,2006,Fighting,0.27
MLB 09: The Show,PS2,2009,Sports,0.16
Cool Boarders 2001,PS2,2001,Sports,0.16
Hell's Kitchen: The Game,Wii,2008,Simulation,0.3
Classic NES Series: Castlevania,GBA,2004,Platform,0.17
Scooby-Doo! First Frights,PS2,2009,Action,0.14
Fight Night Round 3,XB,2006,Fighting,0.26
GT Advance Championship Racing,GBA,2001,Racing,0.24
Way of the Samurai 2,PS2,2003,Action,0.05
Planet Puzzle League,DS,2007,Puzzle,0.14
BattleTanx,N64,1998,Action,0.26
Custom Robo,N64,,Role-Playing,0
Naruto: Rise of a Ninja,X360,2007,Action,0.29
Cabela's Dangerous Hunts 2011,PS3,2010,Sports,0.26
Hatsune Miku: Project Diva Extend,PSP,2011,Misc,0
Pitfall 3D: Beyond the Jungle,PS,1998,Platform,0.18
Disgaea 2: Cursed Memories,PS2,2006,Role-Playing,0.09
Clock Tower 3,PS2,2002,Adventure,0.1
Battle Dodge Ball,SNES,1991,Sports,0
Etrian Odyssey,DS,2007,Role-Playing,0.19
Call Of Duty 2: Big Red One,GC,2005,Shooter,0.25
Dragon Ball Z: Extreme Butoden,3DS,2015,Fighting,0.12
Night at the Museum: Battle of the Smithsonian,Wii,2009,Action,0.17
Disgaea: Hour of Darkness,PS2,2003,Role-Playing,0.16
NeoGeo Battle Coliseum,PS2,2005,Fighting,0.16
Resonance of Fate,X360,2010,Role-Playing,0.12
Harry Potter and the Deathly Hallows - Part 2,Wii,2011,Action,0.17
We Sing Deutsche Hits,Wii,2011,Misc,0
SpongeBob SquarePants: Creature from the Krusty Krab,GC,2006,Platform,0.25
MLB 08: The Show,PSP,2008,Sports,0.3
Parodius,PS,1994,Shooter,0
The X-Factor,Wii,2010,Misc,0
Spy Kids 3-D: Game Over,GBA,2003,Platform,0.24
Sakura Wars 3: Paris wa Moeteiru ka,DC,2001,Adventure,0
Capcom Classics Collection Reloaded,PSP,2006,Misc,0.26
NCAA GameBreaker 2001,PS,2000,Sports,0.18
Power Rangers: Ninja Storm,GBA,2003,Misc,0.24
Naruto: Gekito Ninja Taisen! 4,GC,2005,Fighting,0
Medal of Honor: Warfighter,PC,2012,Action,0.14
Kidou Senshi Gundam F91: Formula Senki 0122,SNES,1991,Strategy,0
MVP Baseball 2005,GC,2005,Sports,0.25
Zaidan Houjin Nippon Kanji Nouryoku Kentei Kyoukai Kounin: KanKen DS 2 + Jouyou Kanji Jiten,DS,2007,Misc,0
SSX Blur,Wii,2007,Sports,0.29
DX Game of Life 2,PS,1997,Misc,0
Danganronpa: Trigger Happy Havoc,PSV,2013,Misc,0.09
NBA Live 96,PS,1996,Sports,0.16
Harry Potter and the Half-Blood Prince,PS3,2009,Action,0.15
Alien: Isolation,PS3,2014,Shooter,0.12
Samurai Warriors 2: Xtreme Legends (JP sales),PS2,2007,Action,0
Teen Titans,GC,2006,Action,0.25
Def Jam Rapstar,Wii,2010,Misc,0.29
MX vs. ATV Untamed,Wii,2008,Racing,0.28
Frogger II: Threeedeep!,2600,1983,Action,0.31
Binary Domain,PS3,2012,Action,0.09
NBA Live 06,GC,2005,Sports,0.25
Fireball,2600,1981,Action,0.3
Dr. Mario / Puzzle League,GBA,2005,Puzzle,0.12
Family Party: 90 Great Games Party Pack,Wii,2010,Misc,0.31
DECA Sports Freedom,X360,2010,Sports,0.27
Shin Nippon Pro Wrestling: Toukon Retsuden,PS,1995,Fighting,0
NBA 2K10,PSP,2009,Sports,0.3
Major League Baseball 2K6,XB,2006,Sports,0.24
Golden Axe: Beast Rider,X360,2008,Action,0.19
Pinball Hall of Fame: The Gottlieb Collection,PS2,2004,Misc,0.16
EA Playground,DS,2007,Sports,0.29
Buzz! The Ultimate Music Quiz,PS3,2010,Misc,0
Discovery Kids: Puppy Playtime,DS,2009,Simulation,0.3
The Witcher: Enhanced Edition,PC,2008,Role-Playing,0.32
Teenage Mutant Ninja Turtles 2: Battle Nexus,GBA,2004,Action,0.23
Nicktoons: Movin',PS2,2004,Action,0.16
Mystery Case Files: The Malgrave Incident,Wii,2011,Adventure,0.17
Chicken Riot,Wii,2010,Action,0.14
One Piece: Romance Dawn - Bouken no Yoake,PSP,2012,Fighting,0
Might & Magic Heroes VI,PC,2011,Role-Playing,0.13
Iron Man 2,Wii,2010,Action,0.15
SWAT: Global Strike Team,PS2,2003,Shooter,0.16
NCAA Basketball 10,X360,2009,Sports,0.3
Championship Bass,PS,1999,Sports,0.18
The Adventures of Tintin: The Game,Wii,2011,Action,0.12
Battlestations: Pacific,X360,2009,Strategy,0.17
Elebits,Wii,2006,Action,0.22
Style Lab: Jewelry Design,DS,2009,Simulation,0.3
Def Jam Rapstar,PS3,2010,Misc,0.25
Hatsune Miku: Project Mirai DX,3DS,2015,Misc,0.16
Just Dance 2016,XOne,2015,Misc,0.25
Golden Axe: Beast Rider,PS3,2008,Action,0.13
Dead Space 2,PC,2011,Shooter,0.13
NHL Breakaway 98,N64,1998,Sports,0.3
Momotarou Dentetsu 20-Shuunen,DS,2008,Misc,0
Bratz: Girlz Really Rock,DS,2008,Action,0.18
Minute to Win It,X360,2011,Misc,0.3
Kinetica,PS2,2001,Racing,0.16
The Black Eyed Peas Experience,X360,2011,Misc,0.2
NBA Street V3,XB,2005,Sports,0.28
Bust-A-Move '99,PS,1997,Puzzle,0.18
Dragon Quest Monsters 1·2,PS,2002,Role-Playing,0
Marvel: Ultimate Alliance 2,Wii,2009,Role-Playing,0.25
Remember Me,PS3,2013,Action,0.1
Silent Hill: Downpour,X360,2012,Action,0.22
OverBlood,PS,1996,Action,0.05
Dead Rising 2: Off the Record,PS3,2011,Action,0.11
ESPN X-Games Pro Boarder,PS,1997,Sports,0.18
Dragon Ball: XenoVerse,XOne,2015,Fighting,0.18
Eternal Sonata,X360,2007,Role-Playing,0.19
Harvest Moon: Back to Nature,PS,1999,Simulation,0.11
Dead or Alive 5,X360,2012,Fighting,0.19
Naruto: Ultimate Ninja (JP sales),PS2,2003,Fighting,0
Final Fantasy XI,PS2,,Role-Playing,0.08
Dragon Ball Heroes: Ultimate Mission 2 ,3DS,2014,Strategy,0
Overlord II,X360,2009,Action,0.15
Madden NFL 09,DS,2008,Sports,0.3
Dance Dance Revolution Universe,X360,2007,Simulation,0.3
"Go, Diego, Go!: Great Dinosaur Rescue",PS2,2008,Action,0.16
Batman: Arkham Asylum,PC,2009,Action,0
"Warhammer 40,000: Squad Command",PSP,2007,Strategy,0.11
Darkwatch,PS2,2005,Shooter,0.16
Tony Hawk's American Wasteland,X360,2005,Sports,0.28
Beautiful Katamari,X360,2007,Puzzle,0.14
Ben 10 Ultimate Alien: Cosmic Destruction,DS,2010,Platform,0.22
Pony Friends 2,DS,2009,Simulation,0.21
My Baby: First Steps,DS,2009,Simulation,0.27
Prince of Persia: The Sands of Time,GC,2003,Action,0.25
Harry Potter and the Deathly Hallows - Part 2,PS3,2011,Action,0.14
Sky Odyssey,PS2,2000,Simulation,0.16
Nagano Winter Olympics 98,N64,1997,Sports,0.15
Rayman 2: The Great Escape,PS,2000,Platform,0.18
Just Dance 2016,X360,2015,Misc,0.23
Kirby's Block Ball,GB,1995,Puzzle,0
World of Warcraft: Legion,PC,2016,Role-Playing,0.13
Hatsune Miku: Project Diva F 2nd,PSV,2014,Misc,0.08
Bleach: Shattered Blade,Wii,2006,Fighting,0.21
FIFA Street 3,PS3,2008,Sports,0.08
Fortress,GBA,2001,Action,0.23
Disney Fairies: Tinker Bell and the Great Fairy Rescue,DS,2010,Adventure,0.17
FIFA 2001 Major League Soccer,PS,2000,Sports,0.18
Operation Flashpoint: Red River,PS3,2011,Shooter,0.06
Power Rangers Samurai,Wii,2011,Action,0.27
Karaoke Revolution Presents American Idol Encore 2,Wii,2008,Misc,0.3
DiRT 2,PSP,2009,Racing,0.09
Rally Cross,PS,1997,Racing,0.18
Frogger's Adventures: The Rescue,PS2,2003,Platform,0.16
Silent Hill HD Collection,PS3,2012,Action,0.15
Extreme Pinball,PS,1995,Misc,0.18
Singularity,X360,,Shooter,0.24
Karaoke Revolution Volume 3,PS2,2004,Misc,0.16
Vin Diesel: Wheelman,PS3,2009,Racing,0.12
Army of Two: The 40th Day,PSP,2010,Shooter,0.12
Seaman: Kindan no Pet - Gaze Hakushi no Jikken Shima,PS2,2001,Simulation,0
Street Fighter Alpha 2,SAT,1995,Fighting,0
Persona 4: Dancing All Night,PSV,2015,Misc,0.09
"Carnival Games: Monkey See, Monkey Do!",X360,2011,Misc,0.14
No.1 Muscle Ranking - Kinniku Banzuke Vol. 1: Oregasaikyouno Otokoda!,PS,1999,Sports,0
Cartoon Network Collection: Game Boy Advance Video Platinum Edition,GBA,2005,Misc,0.23
Ultimate Fighting Championship: Throwdown,PS2,2002,Fighting,0.16
Wipeout 2,Wii,2011,Misc,0.3
SpongeBob SquarePants: Double Pack,GBA,2005,Platform,0.23
Tetris 2 + Bombliss,NES,1991,Puzzle,0
Disney's Extreme Skate Adventure,PS2,2003,Sports,0.16
Rock Band Country Track Pack,PS2,2009,Misc,0.16
Prey,X360,2006,Shooter,0.27
"Ed, Edd n Eddy: Jawbreakers!",GBA,2002,Adventure,0.23
Dragster,2600,,Racing,0.3
Frankenstein's Monster,2600,1982,Action,0.3
Shaun White Snowboarding,PSP,2008,Sports,0.26
Riven: The Sequel to Myst,PS,1997,Adventure,0.18
Folklore,PS3,2007,Role-Playing,0.2
Derby Stallion DS,DS,2008,Sports,0
Murdered: Soul Suspect,PS4,2014,Action,0.09
The Darkness II,PS3,2012,Shooter,0.14
NBA 2K3,XB,2002,Sports,0.24
Dragon Quest Monsters: Battle Road Victory,Wii,2010,Strategy,0
Shin Momotarou Densetsu,SNES,1993,Role-Playing,0
From TV Animation One Piece: Grand Battle! 3,PS2,2003,Fighting,0
Sega Smash Pack,GBA,2002,Misc,0.23
All-Star Baseball 2005,PS2,,Sports,0.16
The Conveni: Ano Machi wo Dokusen Seyo,PS,1997,Simulation,0
Shin Super Robot Taisen Special Disk,PS,1997,Strategy,0
Live A Live,SNES,1994,Role-Playing,0
NFL Fever 2004,XB,2003,Sports,0.24
Madden NFL 2002,GBA,2001,Sports,0.23
Bigfoot: Collision Course,Wii,2008,Racing,0.3
FIFA Street 3,X360,2008,Sports,0.14
Cabela's Dangerous Hunts 2011,X360,2010,Sports,0.28
UEFA Euro 2008 Austria-Switzerland,PS2,2008,Sports,0.03
Test Drive Unlimited,X360,2006,Racing,0.23
Marvel Nemesis: Rise of the Imperfects,PSP,2005,Fighting,0.29
The Biggest Loser,DS,2009,Sports,0.18
Power Rangers Samurai,DS,2011,Action,0.26
Kingdom Under Fire: The Crusaders,XB,2004,Strategy,0.24
4x4 Evolution,PS2,2001,Racing,0.16
Clive Barker's Jericho,X360,2007,Shooter,0.28
Rise of the Tomb Raider,X360,2015,Adventure,0.18
Momotarou Dentetsu Happy,SNES,1996,Misc,0
Power Rangers: Time Force,PS,2001,Action,0.18
Romance of the Three Kingdoms VII,PS2,2000,Strategy,0.08
Goosebumps HorrorLand,DS,2008,Adventure,0.29
Fable III,PC,2011,Role-Playing,0.1
Littlest Pet Shop: City Friends,DS,2009,Simulation,0.29
"Monsters, Inc.",PS2,2002,Adventure,0.15
DJ Hero,PS2,2009,Misc,0.1
Lord of Arcana,PSP,2010,Role-Playing,0.07
Phineas and Ferb: Across the 2nd Dimension,PS3,2011,Action,0.15
Quiz Magic Academy DS,DS,2008,Misc,0
Tekken 6,PSP,2009,Fighting,0.15
Chicken Blaster,Wii,2009,Shooter,0.29
Dynasty Warriors 4 Empires,PS2,2004,Action,0
Shenmue II,XB,2002,Adventure,0.22
Crash of the Titans,X360,2007,Action,0.27
LEGO Marvel's Avengers,X360,2016,Action,0.18
Skylanders SWAP Force,XOne,2013,Platform,0.22
Heart of Darkness,PS,1998,Platform,0.18
Rugby World Cup 2011,PS3,2011,Sports,0
Virtua Striker 2,DC,1999,Sports,0
F1 Race Stars,PS3,2012,Racing,0.06
Overlord II,PS3,2009,Action,0.11
WarCraft II: The Dark Saga,PS,1997,Strategy,0.18
Shrek the Third,PSP,2007,Action,0.08
MonHun Nikki: Poka Poka Ailu Mura G,PSP,2011,Role-Playing,0
BlazBlue: Continuum Shift,X360,2010,Fighting,0.23
MLB 07: The Show,PS3,2007,Sports,0.29
Crash Nitro Kart,XB,2003,Racing,0.24
Etrian Odyssey III: The Drowned City,DS,2010,Role-Playing,0.12
Batman: Arkham Origins,PC,2013,Action,0.13
NBA ShootOut,PS,1995,Sports,0.17
Harry Potter and the Half-Blood Prince,X360,2009,Action,0.17
Jikkyou Powerful Pro Yakyuu 14,PS2,2007,Sports,0
Fishing Master,Wii,2007,Misc,0.29
Madden NFL 2004,GBA,2003,Sports,0.22
Ganbare Goemon: KiraKira Douchuu - Boku ga Dancer ni Natta Riyuu,SNES,1995,Platform,0
Jikkyou Powerful Pro Yakyuu Portable 3,PSP,2008,Sports,0
Mario Golf,GB,1999,Action,0
Digimon World: Dawn / Dusk,DS,2007,Role-Playing,0.12
Sesame Street: Elmo's Letter Adventure,PS,1998,Misc,0.17
Birthday Party Bash,Wii,2009,Misc,0.29
NBA Inside Drive 2003,XB,2002,Sports,0.23
FIFA Street,PS2,2005,Sports,0.15
Monster Lab,Wii,2008,Role-Playing,0.27
Fate/Extra,PSP,2010,Role-Playing,0.18
Drakengard 3,PS3,2013,Role-Playing,0.1
Catherine,X360,2011,Adventure,0.2
J Stars Victory Vs.,PS3,2014,Fighting,0.05
Jampack: Summer 2003 (RP-M),PS2,2003,Misc,0.15
Alone in the Dark: One-Eyed Jack's Revenge,PS,1996,Adventure,0.17
Yu-Gi-Oh! The Dawn of Destiny,XB,2004,Strategy,0.23
1001 Touch Games,DS,2011,Action,0.11
The Matrix: Path of Neo,XB,2005,Action,0.23
Namco Museum: Virtual Arcade,X360,2008,Misc,0.27
Bust-A-Move Universe,3DS,2011,Puzzle,0.08
Mortal Kombat: Shaolin Monks,XB,2005,Action,0.23
Batman: Arkham Origins,WiiU,2013,Action,0.19
Taiko Drum Master: Don and Katsu's Space-Time Great Adventure,3DS,2014,Action,0
Shin Megami Tensei: Devil Survivor 2,DS,2011,Role-Playing,0.16
Einhänder,PS,1997,Shooter,0.1
Tiny Toon Adventures: The Great Beanstalk,PS,1998,Misc,0.17
Sonic Boom: Rise of Lyric,WiiU,2014,Action,0.19
Metro: Last Light,XOne,2014,Action,0.15
The Settlers 7: Paths to a Kingdom,PC,2010,Strategy,0
WipEout Pulse,PSP,2007,Racing,0.13
The Legend of Spyro: Dawn of the Dragon,X360,2008,Platform,0.16
Foto Frenzy: Spot The Diffrence,DS,2009,Puzzle,0.29
Armored Core: Silent Line,PS2,2003,Simulation,0.07
SD Gundam G Generation Wars,PS2,2009,Strategy,0
Dr. Seuss: How the Grinch Stole Christmas,DS,2007,Action,0.29
Fuel,X360,2009,Racing,0.09
Panzer Dragoon II Zwei,SAT,1995,Shooter,0
Tropico 5,PS4,2015,Simulation,0.06
KISS Pinball,PS,2001,Action,0.17
Brothers In Arms: Earned in Blood,XB,2005,Shooter,0.23
LEGO Legends of Chima: Laval's Journey,3DS,2013,Adventure,0.18
2 Games in 1: Disney's Brother Bear / The Lion King 1 1/2,GBA,2005,Action,0.22
Super Robot Taisen Complete Box,PS,1999,Strategy,0
Peppa Pig: Theme Park Fun,DS,2011,Misc,0
Skylanders: SuperChargers,PS4,2015,Action,0.17
7 Wonders II,DS,2009,Puzzle,0.13
My Horse & Me,Wii,2007,Sports,0.27
Dark Void,X360,2010,Action,0.19
Gold's Gym: Cardio Workout (Others sales),Wii,2008,Sports,0
Goemon's Great Adventure,N64,1998,Platform,0.06
Hot Wheels Turbo Racing,N64,1999,Racing,0.25
Vigilante 8,N64,1998,Racing,0.25
Bass Hunter 64,N64,1999,Sports,0.25
Doubutsu no Mori,N64,2001,Simulation,0
Jikkyou Powerful Pro Yakyuu 4,N64,1997,Sports,0
Happy Feet,DS,2006,Action,0.27
Manhunt 2,PSP,2007,Action,0.04
Mega Man Maverick Hunter X,PSP,2005,Platform,0.27
J-League Winning Eleven 2007: Club Championship,PS2,2007,Sports,0
Barbie as The Island Princess,DS,2007,Adventure,0.28
Star Wars Jedi Knight II: Jedi Outcast,XB,,Shooter,0.23
Clash of the Titans,PS3,2010,Action,0.09
Mega Man Battle Network 2,GBA,2002,Action,0.22
Major League Baseball 2K8,PS3,2008,Sports,0.28
Pandora's Tower,Wii,2011,Role-Playing,0.11
Mountain King,2600,1982,Action,0.29
Jampack Volume 12,PS2,2005,Misc,0.15
Lord of the Rings: Battle for Middle-Earth,X360,2006,Strategy,0.28
Shaun White Snowboarding,PS2,2008,Sports,0.15
SimAnimals,Wii,2009,Simulation,0.14
Tiger Woods PGA Tour 06,X360,2005,Sports,0.28
Shin Megami Tensei: Devil Summoner - Soul Hackers,SAT,1997,Role-Playing,0
MySims SkyHeroes,DS,2010,Action,0.2
Jonah Lomu Rugby Challenge,X360,2011,Sports,0.09
Demolition Racer,PS,1998,Racing,0.17
Midway Arcade Treasures 2,XB,2004,Misc,0.24
Final Fantasy IV,PS,1997,Simulation,0
The Incredible Hulk,Wii,2008,Action,0.28
NASCAR Thunder 2003,GC,2002,Racing,0.24
SD Gundam G Generation: Overworld,PSP,2012,Strategy,0
Shin Megami Tensei: Devil Summoner - Soul Hackers,3DS,2012,Role-Playing,0.13
Mega Man Zero Collection,DS,2010,Platform,0.17
SingStar Take That,PS3,2009,Misc,0
NHL FaceOff 2000,PS,1998,Sports,0.17
Pro Evolution Soccer 2013,X360,2012,Sports,0.08
Star Wars Racer Revenge,PS2,2002,Racing,0.15
Yu-Gi-Oh! 5D's World Championship 2010 Reverse of Arcadia,DS,2010,Strategy,0.18
NCAA Final Four 2002,PS2,2001,Sports,0.15
South Park: Chef's Luv Shack,PS,1998,Misc,0.17
Cabela's Outdoor Adventures (2009),Wii,2009,Sports,0.28
Music Maker,PS2,2001,Misc,0.15
Slot Machine,2600,,Action,0.29
Ganbare Goemon 2: Kiteretsu Shougun Magginesu,SNES,1993,Platform,0
Shrek's Carnival Craze Party Games,Wii,2008,Misc,0.28
Astroblast,2600,1981,Action,0.29
40 Winks,PS,1999,Platform,0.17
Blade II,PS2,2002,Action,0.15
Calvin Tucker's Redneck Jamboree,Wii,2008,Misc,0.28
My Virtual Tutor: Reading Adventure Pre-K to Kindergarten,DS,2009,Misc,0.29
TRON: Evolution,X360,2010,Action,0.24
A Collection of Classic Games from the Intellivision,PS,1999,Misc,0.17
Math Play,DS,2006,Puzzle,0.28
Bruce Lee: Quest of the Dragon,XB,2002,Fighting,0.23
Spin Jam,PS,2000,Puzzle,0.17
KuruKuru Kururin,GBA,2001,Puzzle,0
Disney's The Emperor's New Groove,PS,2000,Platform,0.17
Dragon Ball Z: Battle of Z,PS3,2014,Fighting,0.1
DmC: Devil May Cry,PS4,2015,Action,0.12
Disney's Stitch: Experiment 626,PS2,2002,Action,0.15
RPG Tsukuru 2,SNES,1996,Role-Playing,0
Yuu Yuu Hakusho 2: Kakutou no Sho,SNES,1994,Fighting,0
Orphen: Scion of Sorcery,PS2,2000,Role-Playing,0.15
NBA Live 08,PSP,2007,Sports,0.28
Star Wars Episode III: Revenge of the Sith,DS,2005,Action,0.25
Ultimate Spider-Man,GBA,2005,Action,0.22
Midtown Madness 3,XB,2003,Racing,0.23
Shrek Swamp Kart Speedway,GBA,2002,Racing,0.22
Gameboy Gallery,GB,1995,Misc,0
Contra 4,DS,2007,Shooter,0.28
Virtua Cop 2,SAT,1996,Shooter,0
Ehrgeiz,PS,1998,Fighting,0.17
Touhoku Daigaku Mirai Kagaku Gijutsu Kyoudou Kenkyuu Center Kawashima Ryuuta Kyouju Kanshu: Nou Ryoku Trainer Portable,PSP,2005,Misc,0
Spyro: Attack of the Rhynocs,GBA,2003,Platform,0.22
Monsters vs. Aliens,PS3,2009,Action,0.21
"Army Men World War: Land, Sea, Air",PS,2000,Action,0.17
NASCAR 2011: The Game,X360,2011,Racing,0.29
BlazBlue: Chrono Phantasma,PS3,2013,Fighting,0.14
Dai-2-Ji Super Robot Taisen OG,PS3,2012,Strategy,0
Naruto: Ninja Destiny (US sales),DS,2006,Fighting,0.3
Kingdoms of Amalur: Reckoning,PC,2012,Role-Playing,0.14
Jumping Flash!,PS,1995,Platform,0.05
Mario Party: Star Rush,3DS,2016,Misc,0.08
Karaoke Revolution Party,PS2,2005,Misc,0.15
Burnout,GC,2002,Racing,0.23
Lizzie McGuire 3: Homecoming Havoc,GBA,2005,Platform,0.22
Chaos Legion,PS2,2003,Action,0.15
Puyo Puyo 7,DS,2009,Puzzle,0
Charlie and the Chocolate Factory,GBA,2005,Adventure,0.22
Neopets: The Darkest Faerie,PS2,2005,Adventure,0.15
Blazing Heroes,SAT,1995,Role-Playing,0
Naruto Shippuden: Ultimate Ninja Storm 4,XOne,2016,Fighting,0.21
Rhythm Tengoku,GBA,2006,Misc,0
Super Robot Taisen W,DS,2007,Strategy,0
Cart World Series,PS,1997,Racing,0.17
Shrek: Forever After,DS,2010,Platform,0.18
Batman: Arkham VR,PS4,2016,Action,0.25
Lumines ll,PSP,2006,Puzzle,0.12
24: The Game,PS2,2006,Adventure,0.15
The Dukes of Hazzard II: Daisy Dukes It Out,PS,,Racing,0.17
Famista '91,NES,1990,Sports,0
Madagascar,DS,2005,Platform,0.25
The King of Fighters XIII,PS3,2011,Fighting,0.17
Sniper Elite 3,X360,2014,Shooter,0.16
Super Robot Taisen OG: Original Generations Gaiden,PS2,2007,Strategy,0
Lego Batman 3: Beyond Gotham,PSV,2014,Action,0.05
Decathlete,SAT,1994,Sports,0
Tom Clancy's Splinter Cell 3D,3DS,2011,Action,0.14
Magna Carta 2,X360,2009,Role-Playing,0.13
Looney Tunes: Duck Amuck,DS,2007,Action,0.28
Shin Megami Tensei: Persona 2: Innocent Sin,PSP,2011,Role-Playing,0.13
Romance of the Three Kingdoms VIII,PS2,2002,Strategy,0.05
Fossil Fighters (JP sales),DS,2008,Role-Playing,0
Daikaijyuu Monogatari,SNES,1994,Role-Playing,0
Hard Hitter Tennis,PS2,2001,Sports,0.15
F1 2013,X360,2013,Racing,0.01
Harvest Moon: The Tale of Two Towns,3DS,,Simulation,0.28
Quake II,N64,1999,Shooter,0.24
Monster Truck Madness 64,N64,1999,Racing,0.24
Crazy Taxi: Catch a Ride,GBA,2003,Racing,0.21
Nounai Aeshe: IQ Suppli DS,DS,2006,Misc,0
Final Fantasy XI: Wings of the Goddess,X360,2007,Role-Playing,0.26
PowerUp Heroes,X360,2011,Fighting,0.18
Jonas,DS,2009,Adventure,0.27
Macross Digital Mission VF-X,PS,1997,Simulation,0
Rayman 2: Revolution,PS2,2000,Platform,0.15
Yu Yu Hakusho Ghost Files: Spirit Detective,GBA,2003,Action,0.21
Super Bomberman 5,SNES,1997,Puzzle,0
One Piece Unlimited Cruise SP,3DS,2011,Action,0
Madden NFL 13,PSV,2012,Sports,0.28
Army Men: Air Attack 2,PS,2000,Action,0.17
NBA Live 2003,GC,,Sports,0.23
Stranglehold,PS3,2007,Shooter,0.24
Pride FC: Fighting Championships,PS2,2003,Fighting,0.15
Eternal Ring,PS2,2000,Role-Playing,0.1
Dragon Force,SAT,1996,Strategy,0
Dynasty Warriors 8: Xtreme Legends,PS4,2014,Action,0.09
Resident Evil Archives: Resident Evil,Wii,2008,Action,0.16
Dynasty Warriors 6,X360,2007,Action,0.15
Silent Hill: Shattered Memories,PSP,2010,Action,0.09
Dragon Quest Builders: Revive Alefgard,PSV,2016,Role-Playing,0
Winning Post 2,SNES,1995,Sports,0
Star Gladiator Episode: I Final Crusade,PS,1996,Fighting,0.07
Dance Dance Revolution Universe 3,X360,2008,Simulation,0.28
Showdown: Legends of Wrestling,PS2,2004,Fighting,0.15
Sword Art Online: Hollow Fragment,PSV,2014,Role-Playing,0
Imagine: Family Doctor,DS,2009,Simulation,0.27
Far East of Eden Zero,SNES,1995,Role-Playing,0
Full Spectrum Warrior,PS2,2005,Strategy,0.15
Taiko no Tatsujin Wii: Minna de Party * 3-Yome!,Wii,2010,Misc,0
The Sims 2: Pets,PS2,2006,Simulation,0.02
Wacky Races: Crash & Dash,Wii,2008,Racing,0.27
Power Pro Kun Pocket 6,GBA,2003,Sports,0
Power Pro Kun Pocket 10,DS,2007,Sports,0
Finding Nemo: The Continuing Adventures,GBA,2004,Action,0.21
Spirit: Stallion of the Cimarron,GBA,2002,Platform,0.21
The Suite Life of Zack & Cody: Circle of Spies,DS,2007,Action,0.17
Future Cop L.A.P.D.,PS,1997,Simulation,0.16
MySims Party,DS,2009,Simulation,0.15
Hamster Tarou,GB,1999,Simulation,0
Fist of the North Star: Ken's Rage 2,PS3,2012,Fighting,0
Shark Tale,GC,2004,Action,0.23
MLB SlugFest Loaded,PS2,2004,Sports,0.14
Squinkies,DS,2011,Misc,0.26
Rapala Pro Bass Fishing 2010,Wii,2010,Sports,0.22
Teenage Mutant Ninja Turtles,XB,2003,Action,0.22
Capcom Classics Collection Remixed,PSP,2006,Misc,0.27
1701 A.D.,PC,2006,Simulation,0
Lego Star Wars: The Force Awakens,XOne,2016,Action,0.14
Little Deviants,PSV,2011,Platform,0.14
Spider-Man 3,PSP,2007,Platform,0.01
AMF Bowling 2004,XB,2003,Sports,0.22
N3: Ninety-Nine Nights,X360,2006,Action,0.2
Scooby-Doo! Night of 100 Frights,GC,2002,Platform,0.23
Shrek the Third,DS,,Action,0.26
Radiant Historia,DS,2010,Role-Playing,0.19
Sorcery,PS3,2012,Action,0.14
RealSports Boxing,2600,1986,Sports,0.28
Harry Potter and the Order of the Phoenix,X360,2007,Action,0.24
Grandia II,PS2,2002,Role-Playing,0.14
Shaun White Snowboarding: World Stage,Wii,2009,Sports,0.24
Spider-Man: Friend or Foe,X360,2007,Action,0.26
Guitar Hero: Van Halen,X360,2009,Misc,0.16
Dreamworks Madagascar Kartz,PS3,2009,Racing,0.19
Batman: The Brave and the Bold the Videogame,DS,2010,Action,0.23
The Sims 2,PC,2004,Simulation,0.02
Phineas and Ferb Ride Again,DS,2010,Action,0.24
Need for Speed Underground,GBA,2003,Racing,0.21
Def Jam Rapstar,X360,2010,Misc,0.25
Power Pro Kun Pocket 4,GBA,2002,Sports,0
Guardian Heroes,SAT,1995,Role-Playing,0
Outlaw Golf,XB,2002,Sports,0.22
Fisherman's Bait 2: Big Ol' Bass,PS,1999,Sports,0.16
MySims SkyHeroes,Wii,2010,Action,0.16
Mini Ninjas,X360,2009,Action,0.12
Lupin the 3rd: Treasure of the Sorcerer King,PS2,2002,Adventure,0.02
Disney Infinity,3DS,2013,Action,0.17
The LEGO Movie Videogame,PSV,2014,Action,0.04
Kurohyou: Ryu ga Gotoku Shinshou,PSP,2010,Adventure,0
Ben 10 Alien Force: Vilgax Attacks,PS2,2009,Action,0.11
NBA Street V3,GC,2005,Sports,0.23
Nicktoons: Battle for Volcano Island,DS,2006,Action,0.27
WinBack: Covert Operations,PS2,2000,Shooter,0.14
Kagero: Deception II,PS,1998,Strategy,0.03
Syphon Filter: Dark Mirror,PSP,2006,Shooter,0.26
Jikkyou Powerful Pro Yakyuu 2000 Kaimakuban,PS,2000,Sports,0
Invizimals: Shadow Zone,PSP,2010,Strategy,0.05
Glory of Heracles,DS,2008,Role-Playing,0.19
Rabbids: Alive & Kicking,X360,2011,Misc,0.15
Up,X360,2009,Action,0.2
Modnation Racers: Road Trip,PSV,2012,Racing,0.15
NBA Live 06,X360,2005,Sports,0.27
ExerBeat,Wii,2010,Sports,0.1
J-League Victory Goal '96,SAT,1996,Sports,0
Need for Speed: Most Wanted,PC,2005,Racing,0.02
Jeopardy! 2nd Edition,PS,2000,Misc,0.16
SD Gundam G Century,PS,1997,Strategy,0
Ratchet & Clank: Size Matters,PS2,2008,Platform,0.13
Front Mission Evolved,PS3,2010,Shooter,0.09
Ultimate Marvel vs. Capcom 3,PSV,2011,Fighting,0.17
Little King's Story,Wii,2009,Strategy,0.14
Atelier Iris 3: Grand Phantasm (US Sales),PS2,2006,Role-Playing,0.14
Itadaki Street 2: Neon Sign wa Bara Iro ni,SNES,1994,Misc,0
Dynasty Warriors: Strikeforce,PS3,2009,Action,0.11
From TV Animation One Piece: Treasure Battle!,GC,2002,Fighting,0
Alvin and the Chipmunks: The Squeakquel,DS,2009,Misc,0.27
Dolphin,2600,1983,Action,0.27
NieR,X360,2010,Role-Playing,0.13
Zoo Tycoon 2 DS,DS,2008,Strategy,0.24
Area 51,XB,2005,Shooter,0.22
Deadpool,PS4,2015,Action,0.14
UEFA Euro 2016,PS4,2016,Sports,0
Hamster Club 4: Shigessa Daidassou,GBA,2003,Simulation,0
Imagine: Fashion Designer World Tour,DS,2009,Simulation,0.27
Wanted: Weapons of Fate,PS3,2009,Shooter,0.14
Mega Man X8,PS2,2004,Platform,0.14
The Chronicles of Riddick: Assault on Dark Athena,X360,2009,Shooter,0.16
Ford Mustang: The Legend Lives,PS2,2005,Racing,0.14
Fast Food,2600,1981,Action,0.27
TouchMaster: Connect,DS,2010,Puzzle,0.1
FlatOut: Head On,PSP,2008,Racing,0.13
Jikkyou Powerful Pro Yakyuu 8,PS2,2001,Sports,0
Jeremy McGrath Supercross 2000,N64,1999,Racing,0.23
Supercross 2000,N64,1999,Racing,0.23
War Gods,N64,1997,Fighting,0.23
Viz,N64,1998,Racing,0.23
Top Gear Overdrive,N64,1998,Racing,0.23
Ken Griffey Jr.'s Slugfest,N64,1999,Sports,0.23
The New Tetris,N64,1999,Puzzle,0.22
Xena: Warrior Princess - The Talisman of Fate,N64,1999,Fighting,0.23
The Godfather: Dons Edition,PS3,2007,Action,0.25
Duel Masters: Sempai Legends,GBA,2003,Misc,0.21
Marvel Super Hero Squad,PS2,2009,Fighting,0.14
John Deere: Harvest in the Heartland,DS,2007,Simulation,0.23
Harvest Moon: Magical Melody,Wii,2008,Simulation,0.23
Resident Evil: Revelations 2,PS3,2015,Action,0.06
Heroes of the Pacific,PS2,2005,Simulation,0.14
Prince of Persia: Rival Swords,Wii,2007,Action,0.24
The Lord of the Rings: The Third Age,GC,2004,Role-Playing,0.22
Trace Memory,DS,2005,Adventure,0.15
X-Men Legends II: Rise of Apocalypse,PSP,2005,Role-Playing,0.25
Nicktoons: Battle for Volcano Island,GC,,Action,0.22
Just Dance Wii 2,Wii,2012,Misc,0
Senran Kagura Shinovi Versus: Sh?jo-tachi no Sh?mei,PSV,2013,Fighting,0.08
Borderlands: The Pre-Sequel,PC,2014,Shooter,0.11
Madden NFL 08,XB,2007,Sports,0.22
DX Game of Life,PS,1996,Misc,0
Trauma Center: New Blood,Wii,2007,Simulation,0.22
Starhawk,PS3,2012,Action,0.18
Pirates of the Caribbean,XB,2003,Role-Playing,0.22
FIFA Soccer 13,3DS,2012,Action,0.06
Ace Combat: Joint Assault,PSP,2010,Simulation,0.06
The Punisher,XB,2005,Action,0.22
MLB Pennant Race,PS,1996,Sports,0.16
The BIGS 2,Wii,2009,Sports,0.26
Shrek: Forever After,Wii,2010,Platform,0.18
Turning Point: Fall of Liberty,X360,2008,Shooter,0.23
SD Gundam Gaiden: Knight Gundam Monogatari: Ooinaru Isan,SNES,1991,Role-Playing,0
Karaoke Revolution Glee: Volume 3,Wii,2011,Misc,0.23
Sonic Boom: Shattered Crystal,3DS,2014,Action,0.17
Shrek Super Party,PS2,2002,Misc,0.14
MLB Power Pros,Wii,2007,Sports,0.23
Mah Jong Quest: Expeditions,DS,2007,Puzzle,0.02
"Sakura Wars 4: Koi Seyo,Otome",DC,2002,Adventure,0
"Sakura Wars: So Long, My Love",PS2,2005,Role-Playing,0.07
Dynasty Tactics,PS2,2002,Strategy,0.06
Call of Juarez: The Cartel,PS3,2011,Shooter,0.12
Snowboarding,PS,2000,Sports,0.16
Sesame Street: Cookie's Counting Carnival,Wii,2010,Misc,0.27
Angry Birds Star Wars,PS3,2013,Strategy,0.1
Metal Gear Solid V: Ground Zeroes,XOne,2014,Action,0.15
SimCity 4,PC,2003,Simulation,0.01
James Bond 007: Legends,X360,2012,Shooter,0.13
Puzzle Quest: Challenge of the Warlords,Wii,2007,Puzzle,0.26
Dragon Ball Heroes: Ultimate Mission,3DS,2013,Misc,0
One Piece Unlimited Cruise 2: Awakening of a Hero,Wii,2009,Action,0
Surf's Up,PS2,2007,Sports,0.14
Looney Tunes Racing,PS,2000,Racing,0.16
Disgaea 5: Alliance of Vengeance,PS4,2015,Role-Playing,0.11
Final Fantasy X-2: International + Last Mission,PS2,2004,Role-Playing,0
Namco Museum Vol.2,PS,1996,Misc,0.03
Sengoku Basara: Samurai Heroes,Wii,2010,Action,0.06
Rayman 3: Hoodlum Havoc,PS2,2003,Platform,0.14
Penguin no Mondai: Saikyou Penguin Densetsu! A Penguin's Troubles,DS,2008,Adventure,0
Warriors Orochi 2,PSP,2008,Action,0.06
Feel the Magic XY/XX,DS,2004,Puzzle,0.17
Psi-Ops: The Mindgate Conspiracy,PS2,2004,Shooter,0.14
Tomba! 2: The Evil Swine Return,PS,1999,Platform,0.16
Dragon Quest: Shounen Yangus to Fushigi no Dungeon,PS2,2006,Role-Playing,0
Neopets Puzzle Adventure,DS,2008,Puzzle,0.26
BeatMania Append 4thMix: The beat goes on,PS,1999,Simulation,0
Romance of the Three Kingdoms III: Dragon of Destiny,SNES,1992,Strategy,0
Power Pro Kun Pocket 11,DS,2008,Sports,0
Sonic & All-Stars Racing Transformed,3DS,2012,Racing,0.12
Dead Rising: Chop Till You Drop,Wii,2009,Action,0.15
Purr Pals,Wii,2008,Simulation,0.26
Spyro: A Hero's Tail,GC,2004,Platform,0.22
NASCAR 08,X360,2007,Racing,0.26
Battle & Get! Pokemon Typing DS,DS,2011,Misc,0
World of Tanks,PC,2011,Shooter,0
Links 2004,XB,2003,Sports,0.21
PGA Tour 97,PS,1996,Sports,0.16
Majin and the Forsaken Kingdom,PS3,2010,Adventure,0.09
Assassin's Creed IV: Black Flag,WiiU,2013,Action,0.17
Earthworm Jim,GBA,2001,Platform,0.2
Tales of Phantasia,GBA,2003,Role-Playing,0.08
Bratz: Super Babyz,DS,2008,Action,0.26
Dragon Quest Heroes II: Twin Kings and the Prophecy's End,PS4,2016,Action,0
Monster 4x4: Masters of Metal,PS2,2003,Racing,0.14
SingStar Country,PS2,2008,Misc,0.14
VMX Racing,PS,1997,Racing,0.16
Hot Shots Golf: World Invitational,PS3,2012,Sports,0
Harvest Moon DS Cute (US sales),DS,2005,Simulation,0.28
Disney's Extreme Skate Adventure,GBA,2003,Sports,0.2
Dragon Ball GT: Transformation,GBA,2005,Action,0.2
Super Fire ProWrestling X,SNES,1995,Fighting,0
Battlefield: Hardline,X360,2015,Shooter,0.17
International Superstar Soccer,SNES,1994,Sports,0
Tigger's Honey Hunt,PS,2000,Platform,0.16
FIFA 15,PC,2014,Sports,0
The Warriors,XB,2005,Action,0.21
Shadow Hearts,PS2,2001,Role-Playing,0.09
Dragon Ball Z: Budokai Tenkaichi 2,Wii,2006,Fighting,0.24
Haven: Call of the King,PS2,,Platform,0.14
Street Hoops,XB,2002,Sports,0.21
Yu-Gi-Oh! Double Pack,GBA,2006,Role-Playing,0.2
X-Men: Reign of Apocalypse,GBA,2001,Action,0.2
R: Racing Evolution,PS2,2003,Racing,0.14
Netsu Chu! Pro Yakyuu 2003,PS2,2003,Sports,0
Jewel Quest Mysteries: Curse of the Emerald Tear,DS,2010,Puzzle,0
The Golden Compass,PS3,2007,Action,0.14
ATV Quad Power Racing 2,GC,2003,Racing,0.22
Digimon Adventure: Anode Tamer,WS,1999,Role-Playing,0
Hatsune Miku: Project Diva f,PS3,2013,Misc,0.08
Fantastic 4: Flame On,GBA,2005,Action,0.2
Divinity: Original Sin,PS4,2015,Role-Playing,0.1
Marvel Nemesis: Rise of the Imperfects,XB,2005,Fighting,0.21
The King of Fighters '95,SAT,1995,Fighting,0
F/A-18F Super Hornet,GBA,2004,Simulation,0.2
Final Fantasy VI Advance,GBA,2006,Role-Playing,0
LEGO The Lord of the Rings,PSV,2012,Action,0.09
Polaris,2600,1982,Action,0.26
All Star Cheer Squad,DS,2008,Sports,0.26
Viewtiful Joe,PS2,2004,Action,0.14
Triple Play 2000,N64,1999,Sports,0.27
DeathSmiles,X360,2009,Shooter,0.15
Baby Pals,DS,2007,Simulation,0.26
Fable: The Journey,X360,2012,Role-Playing,0.18
Bratz Ponyz,DS,2007,Adventure,0.26
Arcade Hits: Frisky Tom,PS,2002,Action,0.16
Junior Brain Trainer 2,DS,2010,Misc,0.04
Bladestorm: The Hundred Years' War,PS3,2007,Action,0.1
SAW,X360,2009,Action,0.13
Chromehounds,X360,2006,Simulation,0.24
Harry Potter and the Sorcerer's Stone,PS2,2003,Action,0.14
Unreal Championship 2: The Liandri Conflict,XB,,Shooter,0.22
Kung Fu Chaos,XB,2003,Fighting,0.21
Mega Man: Dr. Wily's Revenge,GB,1991,Platform,0
Reel Fishing: Angler's Dream,Wii,2009,Sports,0.25
Shrek the Third,Wii,2007,Action,0.25
Godzilla: Domination!,GBA,2002,Fighting,0.2
Famista '92,NES,1991,Sports,0
Tales of the World: Radiant Mythology 3,PSP,2011,Role-Playing,0
Jissen Pachi-Slot Hisshouhou! Moujuu-Oh S,PS2,2002,Misc,0
Jackass the Game,PS2,2007,Action,0.14
Mega Man II,GB,1991,Platform,0
Pirates of the Caribbean: Dead Man's Chest,PSP,2006,Adventure,0.25
Lord of Darkness,SNES,1991,Action,0
Hannah Montana: Spotlight World Tour,PS2,2008,Action,0.12
Rocket Power: Beach Bandits,GBA,2002,Platform,0.2
Carol Vorderman's Sudoku,PS2,2006,Puzzle,0
Operation Flashpoint: Red River,X360,2011,Shooter,0.1
Transformers: Dark of the Moon,X360,2011,Action,0.13
MX SuperFly featuring Ricky Carmichael,PS2,2002,Racing,0.14
Surf's Up,DS,2007,Sports,0.26
Assassin's Creed II: Discovery,DS,2009,Action,0.15
Syphon Filter: Dark Mirror,PS2,2007,Shooter,0.14
Conflict: Desert Storm II - Back to Bagdhad,XB,2003,Shooter,0.21
Mission: Impossible - Operation Surma,PS2,2003,Platform,0.14
Sesame Street: Elmo's A-to-Zoo Adventure,DS,2010,Misc,0.26
MLB 07: The Show,PSP,2007,Sports,0.26
Kung Zhu,DS,2010,Action,0.26
Pitfall: The Mayan Adventure,GBA,2001,Platform,0.2
Driver: Parallel Lines,PS2,2006,Racing,0.12
Monster Hunter Stories,3DS,2016,Action,0
Ben 10 Ultimate Alien: Cosmic Destruction,Wii,2010,Platform,0.17
The Urbz: Sims In the City (US weekly sales),DS,2004,Simulation,0.26
Mega Man ZX,DS,2006,Platform,0.16
Backyard Wrestling 2: There Goes the Neighborhood,PS2,2004,Fighting,0.14
Disney's Treasure Planet,GBA,2002,Action,0.2
Guitar Hero: Van Halen,Wii,2009,Misc,0.13
Dead or Alive,PS,1998,Fighting,0.09
Dead to Rights: Retribution,PS3,2010,Shooter,0.1
Wild ARMs 5,PS2,2006,Role-Playing,0.14
Payday 2,PS4,2015,Shooter,0.1
NFL Blitz 20-02,PS2,2002,Sports,0.14
Mega Man 7,SNES,1995,Platform,0.03
El Shaddai: Ascension of the Metatron,PS3,2011,Action,0.11
Tony Hawk: Shred,PS3,2010,Sports,0.18
Disney Channel: All Star Party,Wii,2010,Misc,0.18
Shrek: Ogres & Dronkeys,DS,2007,Simulation,0.26
NCAA March Madness 2005,XB,2004,Sports,0.21
"The Chronicles of Narnia: The Lion, The Witch and The Wardrobe",GC,,Action,0.22
NBA In The Zone,PS,1995,Sports,0.16
Alien: Isolation,X360,2014,Shooter,0.15
Batman: The Brave and the Bold the Videogame,Wii,2010,Action,0.2
Corvette,GBA,2003,Racing,0.2
Kenka Bancho: Badass Rumble,PSP,2008,Action,0.06
Moshi Monsters: Moshlings Theme Park,3DS,2012,Misc,0.13
Cabela's Big Game Hunter 2012,X360,2011,Sports,0.24
F1 ROC: Race of Champions,SNES,1992,Sports,0
The Adventures of Jimmy Neutron Boy Genius: Attack of the Twonkies,GC,2004,Action,0.22
Silent Hill 2: Restless Dreams,XB,2001,Action,0.21
Sniper Elite 3,PS3,2014,Shooter,0.1
NES Remix,WiiU,2014,Action,0.17
Skylanders: Trap Team,3DS,2014,Action,0.16
Soul Nomad & the World Eaters,PS2,2007,Role-Playing,0.14
Bass Strike,PS2,2001,Sports,0.14
NHL Hitz 20-03,PS2,2002,Sports,0.14
Bionic Commando,X360,2009,Platform,0.12
Monopoly Streets,X360,2010,Misc,0.16
Pac-Man Fever,GC,,Misc,0.21
Trivial Pursuit,PS3,2009,Misc,0.12
Medieval Moves: Deadmund's Quest,PS3,2011,Action,0.13
Yu-Gi-Oh! World Championship 2008,DS,2007,Strategy,0.13
Thief (2014),X360,2014,Action,0.14
Real Pool,PS2,2000,Sports,0.14
Mister Mosquito,PS2,2001,Shooter,0.05
Tom and Jerry Tales,DS,2006,Platform,0.2
Kakyuusei,SAT,1997,Strategy,0
Attack on Titan (KOEI),PS4,2016,Action,0.04
Rugby World Cup 2011,X360,2011,Sports,0.03
CSI: Deadly Intent,Wii,2009,Adventure,0.12
Civilization II,PS,1998,Strategy,0.15
Dynasty Warriors: Gundam,PS2,2008,Action,0
Madagascar,XB,2005,Platform,0.21
The Smurfs: Dance Party,Wii,2011,Misc,0.21
Virtua Fighter 5 Online,X360,2007,Fighting,0.2
Indiana Jones and the Staff of Kings,PS2,2009,Action,0.11
Angry Birds Star Wars,X360,2013,Strategy,0.16
F-1 Grand Prix,SNES,1992,Racing,0
SimCity 2000,SAT,1994,Simulation,0
Deer Hunter,PS2,2003,Sports,0.14
Puyo Puyo! 15th Anniversary,DS,2006,Puzzle,0
Pokemon Box: Ruby & Sapphire,GC,2003,Misc,0
Yu-Gi-Oh! Monster Capsule Breed & Battle,PS,1998,Role-Playing,0
Dave Mirra Freestyle BMX 2,GC,2001,Sports,0.21
One Piece: Unlimited World Red,PS3,2014,Action,0.09
Wappy Dog,DS,2011,Simulation,0.26
Warpath: Jurassic Park,PS,1998,Fighting,0.15
Tak and the Guardians of Gross,PS2,2008,Action,0.14
True Crime: New York City,XB,2005,Action,0.21
Summer Heat Beach Volleyball,PS2,2003,Sports,0.14
NCAA Basketball 09,PS2,2008,Sports,0.14
Avatar: The Last Airbender,Wii,2006,Adventure,0.23
Power Pro Kun Pocket 3,GBA,2001,Sports,0
Castlevania: Aria of Sorrow,GBA,2003,Platform,0.2
Myst III: Exile,PS2,2002,Adventure,0.14
Shin Megami Tensei: Strange Journey,DS,2009,Role-Playing,0.13
Mobile Suit Gundam Side Story I: Senritsu no Blue,SAT,1996,Shooter,0
Armored Core: Project Phantasma,PS,1997,Simulation,0.06
Army of Two: The Devil's Cartel,PS3,2013,Shooter,0.11
Donkey Kong GB: Dinky Kong & Dixie Kong,GB,2000,Platform,0
Kobitodzukan: Kobito Kansatsu Set,3DS,2012,Misc,0
Nichibutsu Arcade Classics,SNES,1995,Misc,0
FIFA Soccer 07,X360,2006,Sports,0.24
Patapon 3,PSP,2011,Misc,0.05
Ice Age: Dawn of the Dinosaurs,Wii,2009,Action,0.11
Ace Attorney 6,3DS,2016,Adventure,0
Cabela's Trophy Bucks,PS2,2007,Sports,0.13
Moero! Nekketsu Rhythm Damashii: Osu! Tatakae! Ouendan! 2,DS,2007,Misc,0
Q-Ball: Billiards Master,PS2,2000,Sports,0.13
Mr. Do!,2600,1982,Action,0.26
Tao Feng: Fist of the Lotus,XB,2003,Fighting,0.21
Guitar Hero: Van Halen,PS3,2009,Misc,0.14
Shin Nippon Pro Wrestling: Toukon Retsuden 2,PS,1996,Fighting,0
Dragon Ball Z: Budokai 2,GC,2004,Fighting,0.21
The Legend of Zelda: The Minish Cap(weekly JP sales),GBA,,Action,0
Over the Hedge,DS,2006,Platform,0.24
Motocross Maniacs Advance,GBA,2002,Racing,0.2
Resident Evil 2: Dual Shock Edition,PS,1998,Action,0
Dynasty Warriors,PS,1997,Action,0.09
M&M's Blast!,GBA,2001,Puzzle,0.2
Siren: Blood Curse,PS3,2008,Action,0
NBA 2K12,PSP,2011,Sports,0.22
Final Fantasy X International,PS2,2004,Role-Playing,0
Tiny Toon Adventures: Plucky's Big Adventure,PS,2001,Action,0.15
NHL Hitz 20-02,XB,2001,Sports,0.2
Indy 500,2600,,Racing,0.26
GRID 2,X360,2013,Racing,0.08
Trivial Pursuit,PS2,2009,Misc,0.09
Evil Dead: Hail to the King,PS,2000,Adventure,0.15
Need for Speed: The Run,Wii,2011,Action,0.11
Dragon Ball GT: Final Bout,PS,1997,Fighting,0.02
Burstrick: Wake Boarding!!,PS,2000,Sports,0.15
Need for Speed: Most Wanted,WiiU,2013,Racing,0.13
Dave Mirra Freestyle BMX: Maximum Remix,PS,2001,Sports,0.15
The Evil Within,PC,2014,Action,0.1
Mass Effect Trilogy,PC,2012,Action,0.09
Rock Revolution,X360,2008,Misc,0.25
Dead Rising 2: Off the Record,X360,2011,Action,0.17
WWII Aces,Wii,2008,Simulation,0.25
Guitar Hero Live,PS3,2015,Misc,0.11
Beamrider,2600,1984,Racing,0.26
Athens 2004,PS2,2004,Sports,0.13
Gunship,PS,1996,Simulation,0.15
Jikkyou Powerful Pro Yakyuu Portable 4,PSP,2009,Sports,0
SD Gundam G Generation Portable,PSP,2006,Strategy,0
Pro Race Driver,PS2,2002,Racing,0.13
Sydney 2000,PS,2000,Sports,0.15
Hot Wheels: Track Attack,DS,2010,Racing,0.17
Baten Kaitos: Eternal Wings and the Lost Ocean,GC,2003,Role-Playing,0.21
Bishoujo Senshi Sailormoon R,SNES,1993,Fighting,0
Slam Dunk: Yonkyo Taiketsu!!,SNES,1994,Sports,0
Iron Man 2,X360,2010,Action,0.15
Disgaea 3: Absence of Detention,PSV,,Role-Playing,0.11
Rocky: Legends,PS2,2004,Action,0.13
NickToons: Racing,GBA,2002,Racing,0.19
iCarly 2: iJoin The Click!,DS,2010,Adventure,0.25
The Warriors,PSP,2007,Action,0.23
EyePet,PSP,2010,Simulation,0.02
Flag Capture,2600,,Action,0.25
Bridge,2600,1980,Misc,0.25
G-Force,PS2,2009,Action,0.12
Remington Super Slam Hunting: Africa,Wii,2010,Sports,0.25
RalliSport Challenge 2,XB,2004,Racing,0.18
Pac-Pix,DS,2005,Puzzle,0.16
Fushigi no Dungeon: Fuurai no Shiren GB: Tsukikagemura no Kaibutsu,GB,1996,Role-Playing,0
F1 Race Stars,X360,2012,Racing,0.07
Sing Party,WiiU,2012,Misc,0.13
Over the Hedge,GBA,2006,Platform,0.19
Wave Rally,PS2,2001,Racing,0.13
Sherlock Holmes: Crimes & Punishments,PS4,2014,Adventure,0.09
Sengoku Basara 4,PS3,2014,Action,0
Disney's Chicken Little,GC,2005,Platform,0.21
NHL 07,X360,2006,Sports,0.25
RollerCoaster Tycoon 3,PC,2004,Strategy,0.01
Ty the Tasmanian Tiger,GC,2002,Platform,0.21
WWE Road to WrestleMania X8,GBA,2002,Fighting,0.19
Yu-Gi-Oh! The Sacred Cards (JP weekly sales),GBA,2002,Role-Playing,0
Medarot 3: Kabuto / Kuwagata Version,GB,2000,Role-Playing,0
Fullmetal Alchemist 2: Curse of the Crimson Elixir,PS2,2004,Role-Playing,0.13
NASCAR 06: Total Team Control,XB,2005,Racing,0.2
BloodRayne 2,PS2,2004,Shooter,0.13
Rory McIlroy PGA Tour,XOne,2015,Action,0.16
The Club,X360,2008,Shooter,0.15
NHL 2002,XB,2001,Sports,0.2
LEGO The Hobbit,XOne,2014,Action,0.13
Lightning Returns: Final Fantasy XIII,X360,2013,Role-Playing,0.15
Tiger Woods PGA Tour 07,PSP,2006,Sports,0.2
Jikkyou Powerful Pro Yakyuu 5,N64,1998,Sports,0
NBA Jam 99,N64,1998,Sports,0.25
Shadow Man,N64,1999,Action,0.18
Command & Conquer,N64,1999,Strategy,0.22
NBA In The Zone '98,N64,1997,Sports,0.25
Shadow of Rome,PS2,2005,Action,0.13
Rhythm Thief & the Emperor's Treasure,3DS,2012,Misc,0.07
One Piece Unlimited Cruise 1: The Treasure Beneath the Waves,Wii,2008,Adventure,0
Tohoku Daigaku Karei Igaku Kenkyuusho - Kawashima Ryuuta Kyouju Kanshuu - Mono Sugoku Nou o Kitaeru 5-Funkan no Oni Training,3DS,2012,Action,0
NASCAR 2011: The Game,PS3,2011,Racing,0.25
Harry Potter and the Order of the Phoenix,PS2,2007,Action,0.13
Transformers: Cybertron Adventures,Wii,2010,Action,0.14
Stuntman: Ignition,PS2,2007,Racing,0.13
Monopoly,DS,2010,Misc,0.15
Gun,X360,,Shooter,0.24
NHL 2K11,Wii,2010,Sports,0.23
Fantastic 4,XB,2005,Action,0.2
Mat Hoffman's Pro BMX,GBA,2001,Sports,0.19
Rapala Pro Bass Fishing 2010,PS3,2010,Sports,0.18
Wipeout 2,X360,2011,Misc,0.25
MotoGP,PS2,2000,Racing,0.06
Mass Effect 3,WiiU,2012,Role-Playing,0.14
Batman: Arkham Origins Blackgate,3DS,2013,Action,0.16
Jikkyou Powerful Pro Yakyuu 2,SNES,1995,Sports,0
Shadows of the Damned,PS3,2011,Action,0.11
R.U.S.E.,PC,2010,Strategy,0.04
Ratatouille: Food Frenzy,DS,2007,Puzzle,0.25
LEGO Marvel's Avengers,PS3,2016,Action,0.1
Rock Revolution,PS3,,Misc,0.25
Thoroughbred Breeder II,SNES,1994,Simulation,0
Magical Vacation,GBA,2001,Role-Playing,0
NBA Live 2004,GC,2003,Sports,0.21
XGIII: Extreme G Racing,PS2,2001,Racing,0.13
NASCAR Thunder 2003,XB,2002,Racing,0.2
Superbike 2000,PS,1999,Racing,0.15
Punch-Out!!,Wii,2007,Sports,0
Despicable Me: The Game,Wii,2010,Platform,0.16
Final Fantasy XI: Ultimate Collection,X360,2009,Role-Playing,0.25
Fire Emblem: Shin Monshou no Nazo Hikari to Kage no Eiyuu,DS,2010,Strategy,0
Connect Four / Perfection / Trouble,GBA,2005,Misc,0.19
NFL Street 3,PSP,2006,Sports,0.24
Pro Evolution Soccer 2013,PSP,2012,Sports,0
Alundra 2: A New Legend Begins,PS,1999,Role-Playing,0.15
Reign of Fire,PS2,2002,Shooter,0.13
Scooby-Doo! and the Spooky Swamp,PS2,2010,Action,0.08
Beyblade: Metal Masters,DS,2010,Action,0.14
Jikkyou Powerful Pro Yakyuu '98 Ketteiban,PS,1998,Sports,0
The Sims 2: Pets,GC,2006,Simulation,0.21
Littlest Pet Shop: Beach Friends,DS,2009,Simulation,0.25
Ultimate NES Remix,3DS,2014,Action,0.15
I Spy: Spooky Mansion,Wii,2010,Puzzle,0.25
Tropico 4,PC,2011,Strategy,0.1
The BIGS,X360,2007,Sports,0.18
Initial D: Special Stage,PS2,2003,Racing,0
Jurassic Park: Operation Genesis,PS2,2003,Simulation,0.13
Final Doom,PS,1995,Shooter,0.15
NBA ShootOut 2001,PS,2000,Sports,0.15
Just Dance Kids 2,Wii,2011,Misc,0.25
Knockout Kings 2002,XB,2002,Sports,0.2
Pinkalicious,DS,2011,Misc,0.25
Cabela's Big Game Hunter 2010,X360,2009,Sports,0.25
Battle Arena Toshinden 3,PS,1996,Fighting,0.06
Jade Cocoon: Story of the Tamamayu,PS,1998,Role-Playing,0.15
Super Nazo Puyo: Ruruu no Ruu,SNES,1995,Puzzle,0
InuYasha: Feudal Combat,PS2,2005,Fighting,0.13
Reader Rabbit Kindergarten,DS,2008,Misc,0.25
R.U.S.E.,X360,2010,Strategy,0.12
Duel Masters,PS2,2004,Strategy,0.13
Dragon Age Origins: Awakening,PS3,2010,Role-Playing,0.24
Super Collapse! 3,DS,2007,Puzzle,0.25
Ratatouille,X360,2007,Action,0.23
MotionSports: Adrenaline,X360,2011,Sports,0.14
The Dog Island,PS2,2007,Adventure,0.13
Cake Mania 2: Jill's Next Adventure!,DS,2008,Puzzle,0.24
AC/DC LIVE: Rock Band Track Pack,Wii,2008,Misc,0.24
Boogie,DS,2007,Misc,0.24
Jikkyou Powerful Pro Yakyuu 2010,PS3,2010,Sports,0
Operation Armored Liberty,GBA,2003,Action,0.19
NBA 07,PS3,2006,Sports,0.24
Call of Juarez: The Cartel,X360,2011,Shooter,0.14
My Japanese Coach,DS,2008,Misc,0.24
Are You Smarter than a 5th Grader? Game Time,Wii,2009,Puzzle,0.25
Need for Speed: Most Wanted,DS,2005,Racing,0.24
And1 Streetball,PS2,2006,Action,0.13
Section 8,X360,2009,Shooter,0.15
Summer Athletics: The Ultimate Challenge (US sales),Wii,2008,Sports,0.23
Sonic X: Game Boy Advance Video Volume 1,GBA,2004,Misc,0.19
ESPN NBA Basketball,XB,2003,Sports,0.2
Gallop Racer 2: One and Only Road to Victory,PS,1997,Sports,0
Sesame Street: Cookie's Counting Carnival,DS,2010,Misc,0.25
Lowrider,PS2,2002,Misc,0.11
Family Guy: Back to the Multiverse,PS3,2012,Action,0.12
All-Pro Football 2K8,X360,2007,Sports,0.24
Dungeons & Dragons: Eye of the Beholder,GBA,2002,Role-Playing,0.19
Fish Tycoon,DS,2007,Simulation,0.24
Plants vs. Zombies,X360,2010,Strategy,0.24
Megamind: The Blue Defender,DS,2010,Adventure,0.19
Gundam Breaker,PS3,2013,Action,0
The House of the Dead 2,DC,1998,Shooter,0
Batman: Return to Arkham,PS4,2016,Action,0.07
A.C.E.: Another Century's Episode R,PS3,2010,Simulation,0
Rune: Viking Warlord,PS2,2001,Action,0.13
The Incredible Hulk,X360,2008,Action,0.22
Panzer Dragoon Orta,XB,2002,Shooter,0.16
Jikkyou Powerful Pro Yakyuu '99 Ketteiban,PS,1999,Sports,0
Aikatsu! 2-nin no My Princess,3DS,2013,Action,0
King's Field II,PS,1996,Role-Playing,0.08
America's Test Kitchen: Let's Get Cooking,DS,2010,Simulation,0.25
NCAA Gamebreaker,PS,1996,Sports,0.15
Battle of Giants: Mutant Insects,DS,2010,Strategy,0.09
Petz: Horsez 2,PS2,2007,Simulation,0.13
NPPL: Championship Paintball 2009,PS2,2008,Shooter,0.13
Suikoden Tierkreis,DS,2008,Role-Playing,0.09
Superman Returns,X360,2006,Action,0.23
Shin Megami Tensei: Devil Survivor,DS,2009,Role-Playing,0.13
Angry Birds Star Wars,Wii,2013,Strategy,0.15
Tomba!,PS,1997,Platform,0.15
Love Plus,DS,2009,Simulation,0
Tales of Eternia,PSP,2005,Role-Playing,0
Tales of Innocence,DS,2007,Role-Playing,0
Tearaway Unfolded,PS4,2015,Platform,0.09
MLB SlugFest 2006,PS2,2006,Sports,0.13
Etrian Odyssey II: Heroes of Lagaard,DS,2008,Role-Playing,0.09
Virtua Racing,GEN,1994,Racing,0
Rugrats: I Gotta Go Party,GBA,2002,Action,0.19
The Incredible Hulk,PS3,2008,Action,0.22
Deadly Premonition,X360,2010,Action,0.18
Family Feud: 2010 Edition,DS,2009,Misc,0.24
DS Bungaku Zenshuu,DS,2007,Misc,0
Bolt,PS2,2008,Adventure,0.09
Marvel Super Hero Squad: The Infinity Gauntlet,Wii,2010,Action,0.21
Inazuma Eleven GO 3: Galaxy,3DS,2013,Sports,0
Ford Racing 3,PS2,2004,Racing,0.13
J Stars Victory Vs.,PS4,2015,Fighting,0.08
The Adventures of Tintin: The Game,PS3,2011,Action,0.06
Call of Duty: Black Ops 3,PC,2015,Shooter,0
Phantasy Star Universe: Ambition of the Illuminus,PS2,2007,Role-Playing,0.1
Jikkyou Powerful Pro Yakyuu 2013,PS3,2013,Sports,0
Major League Baseball 2K10,Wii,2010,Sports,0.24
The Adventures of Jimmy Neutron Boy Genius vs. Jimmy Negatron,GBA,2002,Action,0.19
Dragon Ball Z: Tenkaichi Tag Team,PSP,2010,Fighting,0.11
Etrian Odyssey Untold: The Millennium Girl,3DS,2013,Role-Playing,0.1
Sengoku Basara 2,PS2,2006,Action,0
Hey Arnold! The Movie,GBA,2002,Platform,0.19
Final Fantasy V Advance,GBA,2006,Role-Playing,0
Need for Speed: Most Wanted,GBA,2005,Racing,0.19
Star Trek: Invasion,PS,2000,Simulation,0.15
Star Wars: Bounty Hunter,GC,2002,Shooter,0.2
LEGO Harry Potter: Years 5-7,PSP,,Action,0.1
Tom and Jerry in War of the Whiskers,PS2,2002,Fighting,0.13
Ace Attorney Investigations 2,DS,2011,Adventure,0
Dynasty Warriors 7: Xtreme Legends,PS3,2011,Action,0.04
Bratz: The Movie,Wii,2007,Simulation,0.23
TouchMaster 3(Others sales),DS,2009,Puzzle,0
Naruto: Ultimate Ninja Heroes,PSP,2006,Fighting,0.26
Angry Birds Trilogy,X360,2012,Action,0.18
Jikkyou Powerful Pro Yakyuu 2011,PS3,2011,Sports,0
Major League Baseball 2K9,Wii,2009,Sports,0.24
Yu-Gi-Oh! Ultimate Masters: World Championship Tournament 2006,GBA,2006,Misc,0.14
WWE 2K17,XOne,2016,Sports,0.12
Power Pro Kun Pocket 5,GBA,2003,Sports,0
Battlestations: Midway,X360,2007,Strategy,0.21
Konjiki no Gashbell!! Makai no Bookmark,GBA,2004,Adventure,0
Riding Spirits,PS2,2002,Racing,0.13
Project CARS,XOne,2015,Racing,0.11
MLB 09: The Show,PSP,2009,Sports,0.24
Bust A Groove 2,PS,1999,Misc,0.04
Inazuma Eleven Strikers,Wii,2011,Role-Playing,0
The Amazing Spider-Man 2 (2014),PS3,2014,Action,0.06
Hatsune Miku: Project Diva,PSP,2009,Misc,0
Gundam Battle Universe,PSP,2008,Fighting,0
Sengoku Basara: Battle Heroes,PSP,2009,Action,0
Armorines: Project S.W.A.R.M.,N64,1999,Shooter,0.21
Nightmare Creatures,N64,1996,Action,0.21
Star Wars Episode I: Battle for Naboo,N64,2000,Simulation,0.21
Duke Nukem: Zero Hour,N64,1999,Shooter,0.21
NCAA March Madness 08,PS2,2007,Sports,0.13
Armored Core: Nexus,PS2,2004,Simulation,0.06
Dora the Explorer: Dora Saves the Crystal Kingdom,Wii,2009,Misc,0.24
Evolution Skateboarding,PS2,2002,Sports,0.13
Dora the Explorer: The Search for Pirate Pig's Treasure,GBA,2002,Adventure,0.19
Yakuza: Ishin,PS3,2014,Action,0
Babysitting Mania,DS,2008,Simulation,0.24
Scene It? Twilight,Wii,2009,Misc,0.16
Outlaw Volleyball,XB,2003,Sports,0.19
Batman: Vengeance,GC,2001,Adventure,0.2
RealSports Football,2600,1981,Sports,0.24
Tiger Woods PGA Tour 10,PS2,2009,Sports,0.12
Summer Sports 2: Island Sports Party,Wii,2008,Sports,0.24
SD Gundam G Generation: Cross Drive,DS,2007,Strategy,0
Dungeons & Dragons Heroes,XB,2003,Role-Playing,0.19
Imagine: Fashion Party,Wii,2009,Simulation,0.24
McGrath Vs. Pastrana Freestyle Motocross,PS,2000,Racing,0.14
Spider-Man: Web of Shadows,PS3,2008,Action,0.2
Legaia 2: Duel Saga,PS2,2001,Role-Playing,0.13
Crash Nitro Kart,GC,2003,Racing,0.2
Samurai Warriors 4,PS3,2014,Action,0
Classic NES Series: Bomberman,GBA,2004,Action,0.1
Don King Boxing,Wii,2009,Sports,0.14
ExciteBots: Trick Racing,Wii,2009,Racing,0.24
A.C.E.: Another Century's Episode,PS2,2005,Simulation,0
Frogger's Journey: The Forgotten Relic,GBA,2003,Action,0.18
X-Men vs. Street Fighter,SAT,1997,Fighting,0
Dora the Explorer: Game Boy Advance Video Volume 1,GBA,2004,Misc,0.18
Oddworld: Stranger's Wrath,XB,2005,Adventure,0.19
King of Fighters: Maximum Impact,PS2,2004,Fighting,0.13
Marvel Super Heroes vs. Street Fighter,PS,1998,Fighting,0.14
Atelier Ayesha: The Alchemist of Dusk,PS3,2012,Role-Playing,0.06
Bratz Ponyz 2,DS,2008,Adventure,0.24
Battleborn,PS4,2016,Shooter,0.12
J-League Pro Soccer Club wo Tsukurou!,SAT,1996,Sports,0
Littlest Pet Shop: Friends,Wii,2009,Simulation,0.21
We Cheer 2,Wii,2009,Simulation,0.24
Drakan: The Ancients' Gates,PS2,2002,Adventure,0.13
Call of Duty: Modern Warfare 3: Defiance,DS,2011,Shooter,0.19
"SpongeBob SquarePants: Lights, Camera, Pants!",XB,2005,Misc,0.19
Resident Evil: Revelations,X360,2013,Action,0.12
Tony Hawk: Shred,X360,2010,Sports,0.17
Choro Q3,PS,1998,Racing,0
Tokyo Jungle,PS3,2012,Action,0
Lemony Snicket's A Series of Unfortunate Events,GC,2004,Platform,0.2
Army of Two: The Devil's Cartel,X360,2013,Shooter,0.16
Puppeteer,PS3,2013,Platform,0.11
Bionicle: Matoran Adventures,GBA,2002,Platform,0.18
Tom Clancy's Splinter Cell: Double Agent,PS3,2007,Action,0.2
Armored Core: Master of Arena,PS,1999,Simulation,0.07
Fire Emblem: Thracia 776,SNES,1999,Strategy,0
Resident Evil: Deadly Silence,DS,2006,Action,0.11
Desert Falcon,2600,1987,Shooter,0.24
Legendary,X360,2008,Shooter,0.08
Peter Jackson's King Kong: The Official Game of the Movie,X360,2005,Action,0.2
Tengai Makyou: Daishi no Mokushiroku - The Apocalypse IV,SAT,1997,Role-Playing,0
Rayman DS,DS,2005,Platform,0.21
A.C.E.: Another Century's Episode 3: The Final,PS2,2007,Simulation,0
ATV: Quad Power Racing,GBA,2002,Racing,0.18
Zoo Tycoon 2: Ultimate Collection,PC,2008,Strategy,0.04
Backyard NFL Football,GC,2002,Sports,0.2
All-Star Baseball 2003,XB,2002,Sports,0.19
MTX Mototrax,PS2,2004,Racing,0.13
Tomb Raider: Underworld (Others sales),PS2,2009,Adventure,0
NHL Rock the Rink,PS,1999,Sports,0.14
NBA ShootOut 2004,PS2,2003,Sports,0.13
Super Robot Taisen R,GBA,2002,Strategy,0
Nancy Drew: The Mystery of the Clue Bender Society,DS,2008,Adventure,0.24
Castlevania: Harmony of Dissonance,GBA,2002,Platform,0.16
Formula One 2001,PS2,2001,Racing,0.13
Doukyuusei if,SAT,1996,Role-Playing,0
The Penguins of Madagascar,DS,2010,Action,0.12
Pirates of the Caribbean: Dead Man's Chest,DS,2006,Adventure,0.23
Baldur's Gate: Dark Alliance II,XB,2004,Role-Playing,0.19
Madden NFL 2005,DS,2004,Sports,0.24
MVP Baseball 2004,GC,2004,Sports,0.2
Polarium,DS,2004,Puzzle,0.13
Super Street Fighter II: Turbo Revival,GBA,2001,Fighting,0.18
Secret Weapons Over Normandy,XB,2003,Simulation,0.19
The Elder Scrolls IV: Oblivion,PC,2006,Role-Playing,0.01
Combination Pro Soccer: J-League no Kantoku ni Natte Sekai wo Mezase!!,PS,1998,Sports,0
Kidou Senshi Gundam: Giren no Yabou,SAT,1998,Strategy,0
Metroid Prime Pinball,DS,2005,Misc,0.21
Teen Titans,PS2,2006,Action,0.12
Reload: Target Down,Wii,2010,Shooter,0.24
Madden NFL 08,DS,2007,Sports,0.23
Spelling Challenges and more!,PSP,2007,Misc,0.24
Crusaders of Might and Magic,PS,1999,Role-Playing,0.14
One Piece: Pirate Warriors 3,PS3,2015,Action,0
Star Wars The Clone Wars: Republic Heroes,PS2,2009,Action,0.17
Bomberman Generation,GC,2002,Adventure,0.15
Sega Rally Revo,PSP,2007,Racing,0.03
TOCA Race Driver 2: Ultimate Racing Simulator,PSP,2005,Racing,0
Surfing H3O,PS2,2000,Sports,0.12
Romance of the Three Kingdoms II,SNES,1991,Strategy,0
Ice Age 2: The Meltdown,GBA,2006,Platform,0.18
The Suite Life of Zack & Cody: Tipton Trouble,DS,2006,Action,0.23
Final Fantasy Type-0,XOne,2015,Role-Playing,0.16
NASCAR 09,X360,2008,Racing,0.23
World Series of Poker,XB,2005,Misc,0.19
NASCAR 09,PS3,2008,Racing,0.22
Game of Thrones,X360,2012,Role-Playing,0.15
Galactic Attack,SAT,1994,Shooter,0
Power Pro Kun Pocket 2,GB,2000,Sports,0
Happy Feet,GC,2006,Action,0.2
Zoo Resort 3D,3DS,2011,Simulation,0.11
Smart Girl's Playhouse,DS,2007,Misc,0.24
Walt Disney's The Jungle Book: Rhythm N'Groove,PS2,2003,Misc,0.12
Triple Play 2002,XB,2002,Sports,0.19
Evil Zone,PS,1998,Fighting,0.14
Spy Kids Challenger,GBA,2002,Platform,0.18
K-ON! Houkago Live!!,PSP,2010,Misc,0
Monsters vs. Aliens,Wii,2009,Action,0.14
A. IV Evolution: A Ressha de Ikou 4,PS,1994,Strategy,0
Exhibition,XB,2001,Misc,0.19
Scrabble,PS,1999,Misc,0.14
Silent Hunter 5: Battle of the Atlantic,PC,2010,Simulation,0
Amped 2,XB,2003,Sports,0.2
Blaster Master: Blasting Again,PS,2000,Shooter,0.14
Final Fantasy Crystal Chronicles: Echoes of Time,Wii,2009,Role-Playing,0.13
College Hoops 2K6,PS2,,Sports,0.12
Cartoon Network Collection: Game Boy Advance Video Volume 1,GBA,2004,Misc,0.18
NHL 08,PS3,2007,Action,0.16
How to Train Your Dragon 2,3DS,2014,Adventure,0.04
Just Dance 2015,PS3,2014,Misc,0.13
The Legend of Legacy,3DS,2015,Role-Playing,0.12
Juiced 2: Hot Import Nights,PS3,2007,Racing,0.18
WipEout XL,PS,1996,Racing,0.14
LEGO Star Wars III: The Clone Wars,PC,2011,Action,0.1
The Powerpuff Girls: Chemical X-Traction,PS,2001,Action,0.14
Dynasty Warriors 6 (JP sales),PS2,2008,Action,0
Dead or Alive Xtreme 2,X360,2006,Sports,0.15
Jonah Lomu Rugby Challenge,PS3,,Sports,0
Ben 10 Triple Pack,DS,2011,Misc,0.12
PlayStation VR Worlds,PS4,2016,Misc,0.06
Hunted: The Demon's Forge,PS3,2011,Action,0.12
Men of Valor,XB,2004,Shooter,0.19
Bomberman Tournament,GBA,2001,Puzzle,0.1
Project Runway,Wii,2010,Simulation,0.23
Scrabble,DS,2009,Misc,0.2
Medal of Honor European Assault,GC,2005,Shooter,0.19
Billy Hatcher and the Giant Egg,GC,2003,Platform,0.19
NHL 08,X360,2007,Action,0.22
Midway's Greatest Arcade Hits,GBA,2001,Misc,0.18
Disney Sing It: Pop Hits,PS3,2009,Misc,0.17
WipEout Fusion,PS2,2002,Racing,0.12
Final Fantasy II,WS,2001,Role-Playing,0
Prison Break: The Conspiracy,PS3,2010,Action,0.05
Marie no Atelier: Salburg no Renkinjutsushi,PS,1997,Role-Playing,0
NHL 06,XB,2005,Sports,0.19
Golden Nugget Casino,GBA,2004,Misc,0.18
Imagine: Ballet Star,DS,2008,Simulation,0.23
Anno 2205,PC,2015,Strategy,0.02
Minute to Win It,Wii,2010,Misc,0.23
Atari Anthology,XB,2004,Misc,0.19
Ultimate Fighting Championship,PS,2000,Fighting,0.14
Animal Paradise,DS,2007,Simulation,0.09
XIII,XB,2003,Shooter,0.16
Up,PS3,2009,Action,0.15
Samurai Shodown II,NG,1994,Fighting,0
My Virtual Tutor: Reading Adventure Kindergarten to First,DS,2009,Misc,0.23
SpongeBob's Truth or Square (US sales),X360,2009,Action,0.25
Michael Jackson: The Experience,DS,2010,Misc,0.21
MotoGP '07,X360,2007,Racing,0.23
Cars,X360,2006,Racing,0.22
Fox Sports College Hoops '99,N64,1998,Sports,0.2
Wheel of Fortune,N64,1997,Misc,0.2
MRC: Multi-Racing Championship,N64,1997,Racing,0.2
F1 Pole Position 64,N64,1997,Racing,0.11
Gex 64: Enter the Gecko,N64,1998,Action,0.2
Wayne Gretzky's 3D Hockey '98,N64,1997,Sports,0.23
NBA Courtside 2 featuring Kobe Bryant,N64,1999,Sports,0.2
Hybrid Heaven,N64,1999,Role-Playing,0.16
NBA Showtime: NBA on NBC,N64,1999,Sports,0.23
Hatsune Miku: Project Diva F 2nd,PS3,2014,Misc,0.09
Beyblade: Metal Fusion,DS,2009,Role-Playing,0.07
Karaoke Joysound Wii,Wii,2008,Misc,0
Madagascar: Escape 2 Africa,X360,2008,Action,0.12
Need for Speed Rivals,PC,2013,Racing,0.04
The Mummy: Tomb of the Dragon Emperor,PS2,2008,Action,0.12
Def Jam Vendetta,GC,2003,Fighting,0.19
Scooby-Doo! Unmasked,PS2,2005,Platform,0.12
Penny Racers,PS,1996,Racing,0
The Sims 2,XB,2005,Simulation,0.19
Spider-Man: Web of Shadows,Wii,2008,Action,0.22
Caesars Palace II,PS,1998,Misc,0.14
The Bureau: XCOM Declassified,PS3,2013,Shooter,0.08
World Series Baseball 2K3,PS2,2003,Sports,0.12
Tony Hawk's Proving Ground,Wii,2007,Sports,0.22
Pro Yakyuu Team o Tsukurou!,SAT,1998,Sports,0
Indiana Jones and the Staff of Kings,PSP,2009,Action,0.11
The Outfit,X360,2006,Action,0.21
Sentimental Graffiti,SAT,1998,Adventure,0
Avatar: The Last Airbender - The Burning Earth,Wii,2007,Action,0.23
Don King Presents: Prizefighter,X360,2008,Sports,0.14
Shin Megami Tensei x Fire Emblem,WiiU,2015,Role-Playing,0.12
The Backyardigans,DS,2009,Adventure,0.23
Yakuza Zero: The Place of Oath,PS3,2015,Action,0
Devil Kings,PS2,2005,Action,0.03
NBA Jam Tournament Edition,PS,1995,Sports,0.14
Medabots AX: Metabee,GBA,2002,Role-Playing,0.18
Tennis no Oji-Sama: Genius Boys Academy,GBA,2002,Sports,0
Kung Fu Panda 2,X360,2011,Action,0.16
Bolt,X360,2008,Adventure,0.18
Shadow Man,PS,1998,Action,0.14
Spider-Man: Edge of Time,X360,2011,Action,0.18
Freshly-Picked: Tingle's Rosy Rupeeland,DS,2006,Role-Playing,0
Netsu Chu! Pro Yakyuu 2002,PS2,2002,Sports,0
"Barbie: Jet, Set & Style!",Wii,2011,Misc,0.22
L.A. Noire: The Complete Edition,PC,2011,Adventure,0.08
Dynasty Warriors 6,PS2,2008,Action,0.12
Porky's,2600,1982,Action,0.23
America's Army: Rise of a Soldier,XB,2005,Shooter,0.19
Grandia,PS,1999,Role-Playing,0.14
Daisy Fuentes Pilates,Wii,2009,Sports,0.17
F1 2000,PS,2000,Racing,0.14
Pirates of the Caribbean: The Legend of Jack Sparrow,PS2,2006,Adventure,0.12
Petz: Crazy Monkeyz,Wii,2008,Simulation,0.22
WRC: World Rally Championship,PS2,2001,Racing,0.12
Littlest Pet Shop: Country Friends,DS,2009,Simulation,0.23
"Ed, Edd n Eddy: The Mis-Edventures",GC,2005,Platform,0.19
Cars: Mater-National Championship,PS2,2007,Racing,0.12
Armored Core 4,X360,2007,Simulation,0.19
Dreamworks Madagascar Kartz,X360,2009,Racing,0.14
Dune 2000,PS,1999,Strategy,0.14
Monster Hunter G,Wii,2009,Role-Playing,0
UEFA Euro 2008 Austria-Switzerland,PSP,2008,Sports,0.06
SBK Superbike World Championship,PS3,2008,Racing,0.12
Indiana Jones and the Staff of Kings,DS,2009,Action,0.16
X-Men Origins: Wolverine,Wii,2009,Action,0.19
Disgaea 2: Dark Hero Days,PSP,2009,Role-Playing,0.1
Project Overkill,PS,1996,Shooter,0.14
Jumping Flash! 2,PS,1996,Platform,0.05
Nickelodeon Party Blast,GC,2002,Misc,0.19
U-Sing: Girls Night,Wii,2010,Misc,0
Major League Baseball 2K7,PS3,2007,Sports,0.23
Final Fantasy XI: Chains of Promathia,PS2,2004,Role-Playing,0.12
The Chronicles of Riddick: Assault on Dark Athena,PS3,2009,Shooter,0.12
Marvel: Ultimate Alliance 2,PSP,2009,Role-Playing,0.17
Choro Q2,PS,1997,Racing,0
Teenage Mutant Ninja Turtles: Danger of the Ooze,PS3,2014,Adventure,0.11
"What Did I Do to Deserve This, My Lord!? 2",PSP,2008,Role-Playing,0.06
X-Men Legends II: Rise of Apocalypse,GC,2005,Role-Playing,0.19
Butt Ugly Martians: B.K.M. Battles,GBA,2002,Action,0.18
Monster Jam: Path of Destruction,PS3,2010,Racing,0.21
TV Superstars,PS3,2010,Misc,0.07
Family Guy: Back to the Multiverse,X360,2012,Action,0.14
Ninja Gaiden 3,X360,2012,Action,0.16
Sorry! / Aggravation / Scrabble Junior,GBA,2005,Misc,0.18
Sid Meier's Civilization VI,PC,2016,Strategy,0.09
The Walking Dead: Season Two,PS4,2014,Adventure,0.1
Create,Wii,2010,Action,0.2
Sword Art Online: Lost Song,PS4,2015,Role-Playing,0.1
NBA Courtside 2002,GC,2002,Sports,0.19
F1 2015,XOne,2015,Racing,0.08
Wipeout 2,DS,2011,Misc,0.23
Classic NES Series: Excitebike,GBA,2004,Racing,0.11
Classic NES Series: Xevious,GBA,2004,Shooter,0.08
Avatar: The Last Airbender - Into the Inferno,PS2,2008,Adventure,0.12
Sly Cooper: Thieves in Time,PSV,2013,Platform,0.13
Dora the Explorer: Journey to the Purple Planet,PS2,2005,Adventure,0.12
Tales of Hearts,DS,2008,Role-Playing,0
Digimon World: Data Squad,PS2,2006,Role-Playing,0.12
Catz,GBA,2005,Simulation,0.18
Hitman: Absolution,PC,2012,Action,0.03
Stella Glow,3DS,2015,Role-Playing,0.16
Racquet Sports,Wii,2010,Sports,0.13
Jikkyou Powerful Pro Yakyuu 2001,PS,2001,Sports,0
Trials Fusion,XOne,2014,Racing,0.12
Mega Man X Collection,PS2,,Misc,0.12
That's So Raven: Psychic on the Scene,DS,2006,Adventure,0.23
Far Cry Instincts Predator,X360,2006,Shooter,0.2
Tongari Boushi to Oshare na Mahou Tsukai,DS,2011,Action,0
Onechanbara Z2: Chaos,PS4,2014,Action,0.14
Ben 10 Ultimate Alien: Cosmic Destruction,PS3,2010,Platform,0.12
Skylanders SWAP Force,3DS,2013,Platform,0.1
Hasbro Family Game Night 3,PS3,2010,Misc,0.18
Panzer General,PS,1995,Strategy,0.14
Gallop Racer (JP),PS,1996,Sports,0.04
Cabela's Outdoor Adventures (2009),X360,2009,Sports,0.23
Spawn the Eternal,PS,1997,Action,0.14
Army Men: Sarge's Heroes 2,PS,2000,Shooter,0.14
MLB,PSP,2005,Sports,0.23
Skylanders: SuperChargers,XOne,2015,Action,0.17
Ys: Memories of Celceta,PSV,2012,Action,0.1
Britney's Dance Beat,PS2,2002,Misc,0.12
Guitar Freaks,PS,1999,Simulation,0
World Soccer Winning Eleven 7,PS2,2003,Sports,0.12
SRS: Street Racing Syndicate,XB,2004,Racing,0.18
Namco Tennis Smash Court,PS,1995,Sports,0
Vexx,PS2,2003,Platform,0.12
Samurai Warriors 4,PS4,2014,Action,0.08
Ace Combat: Assault Horizon Legacy,3DS,2011,Simulation,0.1
Marvel vs. Capcom Origins,PS2,2006,Fighting,0.11
Pro Yaky? Spirits 2011,PSP,2011,Sports,0
TimeSplitters: Future Perfect,PS2,2005,Shooter,0.12
Dynasty Warriors Next,PSV,2011,Action,0.05
Atelier Meruru: Alchemist of Arland 3,PS3,2011,Role-Playing,0.05
Harvest Moon: Magical Melody,GC,2005,Simulation,0.19
Disney Stitch Jam,DS,2009,Misc,0.07
Genma Onimusha,XB,2002,Action,0.14
DK: King of Swing,GBA,2005,Platform,0.17
K-1 Revenge,PS,1997,Fighting,0.04
Turning Point: Fall of Liberty,PS3,2008,Shooter,0.21
G-Police,PS,1997,Action,0.13
Command & Conquer 3: Kane's Wrath,X360,2008,Strategy,0.16
Homefront,PC,2011,Shooter,0.11
Corvette,XB,2003,Racing,0.18
Percy Jackson and the Olympians: The Lightning Thief,DS,2010,Role-Playing,0.22
Fuel,PS3,2009,Racing,0.08
NBA Live 10,PSP,2009,Sports,0.21
Burnout 2: Point of Impact,XB,2003,Racing,0.18
Super Monkey Ball Deluxe,PS2,2005,Misc,0.12
Kill.Switch,XB,2003,Shooter,0.18
BioShock 2,PC,,Shooter,0.02
Lunar: Silver Star Harmony,PSP,2009,Role-Playing,0.19
Peter Jackson's King Kong: The Official Game of the Movie,GC,2005,Action,0.19
Dancing With The Stars,Wii,2007,Misc,0.22
Summon Night 3,PS2,2003,Role-Playing,0
Pro Yaky? Spirits 2010,PSP,2010,Sports,0
The Simpsons: Road Rage,GC,2001,Racing,0.19
Chibi-Robo! Zip Lash,3DS,2015,Platform,0.09
Dynasty Warriors 7,X360,2011,Action,0.16
Jissen Pachi-Slot Hisshouhou! Hokuto no Ken SE,PS2,2006,Misc,0
Total War: Attila,PC,2015,Strategy,0.09
Azurik: Rise of Perathia,XB,2001,Action,0.18
All Grown Up!: Game Boy Advance Video Volume 1,GBA,2004,Misc,0.17
Paws & Claws: Pet Resort,DS,2008,Simulation,0.22
Dragon Ball Z: Sagas,XB,2005,Fighting,0.18
Just Dance Kids 2,PS3,2011,Misc,0.1
AC/DC LIVE: Rock Band Track Pack,PS3,2008,Misc,0.21
Crash Tag Team Racing,PSP,2005,Racing,0.16
Sakura Wars: Atsuki Chishio Ni,PS2,2003,Role-Playing,0
The Price is Right 2010 Edition,Wii,2009,Misc,0.22
Ms. Pac-Man: Maze Madness / Pac-Man World,GBA,2005,Puzzle,0.17
NHRA Championship Drag Racing,PS2,2005,Racing,0.12
Monster Jam,PS2,2007,Racing,0.12
Asura's Wrath,X360,2012,Action,0.15
Harvest Moon: Another Wonderful Life,GC,2004,Role-Playing,0.19
Jikkyou Powerful Pro Yakyuu 15,PS2,2008,Sports,0
Front Line,2600,1981,Action,0.22
Ready 2 Rumble Boxing: Round 2,N64,2000,Fighting,0.19
Army Men: Air Combat,N64,2000,Action,0.19
Paperboy,N64,1999,Action,0.19
South Park: Chef's Luv Shack,N64,1999,Misc,0.19
Midway's Greatest Arcade Hits Volume 1,N64,2000,Misc,0.19
Road Rash 64,N64,1999,Racing,0.19
Final Fantasy Fables: Chocobo Tales,DS,2006,Adventure,0.1
NCAA College Basketball 2K3,PS2,2002,Sports,0.12
Mobile Suit Gundam Battlefield Record U.C.0081,PS3,2009,Action,0
NHL 17,XOne,2016,Sports,0.2
NCAA March Madness 2004,XB,2003,Sports,0.18
Lucky Luke,PS,1998,Platform,0.13
Bakugan: Battle Brawlers,X360,2009,Action,0.2
Fantastic 4,GC,2005,Action,0.19
LEGO The Hobbit,3DS,2014,Action,0.1
Tony Hawk's American Sk8land,GBA,2005,Sports,0.17
Singularity,PS3,,Shooter,0.17
Metro 2033,PC,2010,Shooter,0
Densetsu no Stafi 3,GBA,2004,Platform,0
Forsaken,PS,1998,Shooter,0.13
Imagine: Teacher Class Trip,DS,2009,Adventure,0.1
Ratchet & Clank: Going Commando (JP weekly sales),PS2,2003,Action,0
Dragon Ball: XenoVerse,X360,2015,Fighting,0.17
Valhalla Knights,PSP,2006,Role-Playing,0.15
The Hobbit,XB,2003,Platform,0.18
Destiny: The Collection,PS4,2016,Shooter,0.05
FIFA 14,3DS,2013,Sports,0
Dance Dance Revolution: Disney Channel Edition,PS2,2008,Simulation,0.12
The Incredible Hulk,DS,2008,Action,0.22
The Adventures of Tintin: The Game,X360,2011,Action,0.07
Checkers,2600,1980,Misc,0.22
Front Mission: Gun Hazard,SNES,1996,Role-Playing,0
Etrian Mystery Dungeon,3DS,2015,Role-Playing,0.09
Zumba Fitness: World Party,XOne,2013,Misc,0.17
Luminous Arc,DS,2007,Role-Playing,0.16
Boogie SuperStar,Wii,2008,Misc,0.2
4x4 EVO 2,XB,2001,Racing,0.18
Juiced 2: Hot Import Nights,DS,2007,Racing,0.22
XS Airboat Racing,PS,2002,Racing,0.13
Cradle of Rome,DS,2008,Puzzle,0.05
Grand Theft Auto,GBA,2004,Action,0.17
Avalon Code,DS,2008,Role-Playing,0.11
Dora the Explorer: Super Star Adventures,GBA,2004,Adventure,0.17
Star Trek: The Game,PS3,2013,Action,0.1
Dreamcast Collection,X360,2011,Misc,0.16
Resident Evil Archives: Resident Evil Zero,Wii,2008,Action,0.13
Rocket League,XOne,2016,Sports,0.05
My Street,PS2,2003,Misc,0.12
Spider-Man: Shattered Dimensions,Wii,2010,Action,0.12
Wild 9,PS,1998,Action,0.13
Ghost Rider,PSP,2007,Action,0.22
Shadow Hearts: Covenant,PS2,2004,Role-Playing,0.12
X-Men: Destiny,PS3,2011,Action,0.14
Driver '76,PSP,2007,Racing,0.03
Danganronpa: Trigger Happy Havoc,PSP,,Misc,0
Harry Potter and the Order of the Phoenix,PS3,2007,Action,0.18
Midway Arcade Treasures: Extended Play,PSP,2005,Misc,0.21
Nickelodeon Dance,Wii,2011,Misc,0.21
PGA Tour 96,PS,1995,Sports,0.13
Covert Ops: Nuclear Dawn,PS,2000,Action,0.13
Ben 10 Ultimate Alien: Cosmic Destruction,PSP,2010,Platform,0.1
Amazing Adventures: The Forgotten Ruins,DS,2008,Adventure,0.13
Galaga: Destination Earth,PS,2000,Shooter,0.13
Dynasty Warriors 6 Empires,X360,2009,Action,0.16
The Testament of Sherlock Holmes,PS3,2012,Adventure,0.05
FIFA World Cup Germany 2006,XB,2006,Sports,0.18
NBA Live 14,PS4,2013,Sports,0.15
G.I. Joe: The Rise of Cobra,X360,2009,Action,0.17
Polly Pocket: Super Splash Island,GBA,2003,Action,0.17
Game of Thrones,PS3,2012,Role-Playing,0.1
God Eater 2,PSP,2013,Role-Playing,0
LEGO Marvel's Avengers,WiiU,2016,Action,0.12
PDC World Championship Darts 2008,Wii,2008,Sports,0.02
X-Men: Destiny,X360,2011,Action,0.18
Sesame Street: Elmo's Number Journey,PS,1998,Misc,0.13
Fallout 3 Game Add-On Pack: Broken Steel and Point Lookout,X360,2009,Role-Playing,0.16
Rampage,2600,1988,Action,0.22
Dark Cavern,2600,1981,Shooter,0.22
Pictionary: Ultimate Edition,X360,2011,Misc,0.16
Pro Evolution Soccer 2014,X360,2013,Action,0.07
The Godfather (US & Others sales),X360,2006,Action,0.2
We Love Golf!,Wii,2007,Sports,0.19
Angry Birds,PC,2011,Puzzle,0
Pictionary: Ultimate Edition,PS3,2011,Misc,0.15
Pure Futbol,PS3,2010,Sports,0.06
Tiger Woods PGA Tour 10,PSP,2009,Sports,0.12
Imagine: Zookeeper,DS,2009,Simulation,0.15
Dood's Big Adventure,Wii,2010,Platform,0.21
Afro Samurai,X360,2009,Action,0.16
Ar tonelico Qoga: Knell of Ar Ciel,PS3,2010,Role-Playing,0.08
NASCAR 08,PS2,2007,Racing,0.12
Broken Sword: Shadow of the Templars - The Director's Cut,Wii,2009,Adventure,0.11
Divinity II: Ego Draconis,X360,2009,Role-Playing,0.18
Birds of Steel,PS3,2012,Simulation,0.1
DC Universe Online,PC,2011,Role-Playing,0.16
Bakugan: Battle Brawlers,PS3,2009,Action,0.19
Naruto: Path of the Ninja 2,DS,2006,Role-Playing,0.22
Karaoke Revolution Volume 2,PS2,2004,Misc,0.11
Wallace & Gromit in Project Zoo,PS2,2003,Platform,0.11
Are You Smarter than a 5th Grader? Game Time,DS,2009,Puzzle,0.22
Girls Mode 3: Kirakira Code,3DS,2015,Action,0
Love Plus +,DS,2010,Simulation,0
Prince of Persia: The Forgotten Sands,Wii,2010,Action,0.1
Disney's A Christmas Carol,DS,2009,Adventure,0.21
Mobile Suit Gundam: Climax U.C.,PS2,2006,Action,0
Street Fighter EX2 Plus,PS,1998,Fighting,0.13
Dragon Quest Heroes II: Twin Kings and the Prophecy's End,PSV,2016,Action,0
Big Family Games,Wii,2009,Misc,0
Super Robot Taisen D,GBA,2003,Strategy,0
Jet X20,PS2,,Racing,0.11
NBA Live 15,PS4,2014,Sports,0.16
NASCAR Thunder 2004,XB,2003,Racing,0.18
Buffy the Vampire Slayer,XB,2002,Action,0.18
MX vs. ATV Reflex,PSP,2009,Racing,0.18
Harry Potter and the Goblet of Fire,XB,2005,Action,0.18
Transformers: War for Cybertron (DS Version),DS,2010,Shooter,0.21
Sands of Destruction,DS,2008,Role-Playing,0.09
Harry Potter and the Goblet of Fire,DS,2005,Action,0.2
Viva Pinata: Party Animals,X360,2007,Misc,0.19
Pro Yakyuu Team o Tsukurou!,DC,1999,Sports,0
Shrek's Carnival Craze Party Games,DS,2008,Misc,0.22
Cabela's Big Game Hunter 2012,PS3,2011,Sports,0.17
Hotel for Dogs,DS,2008,Simulation,0.22
Scrabble (Others sales),DS,2009,Puzzle,0
World Series Baseball,XB,2002,Sports,0.17
Test Drive: Eve of Destruction,PS2,2004,Racing,0.11
Starsky & Hutch,XB,2003,Racing,0.17
Dynasty Warriors: Gundam Reborn,PS3,2013,Action,0
Hatsune Miku: Project Diva f,PSV,2012,Misc,0
The Legend of Heroes: Trails of Cold Steel,PSV,2013,Role-Playing,0.05
Jeremy McGrath Supercross World,PS2,2001,Racing,0.11
The Scorpion King: Rise of the Akkadian,PS2,2002,Action,0.11
Rock Band Country Track Pack,X360,2009,Misc,0.22
Loving Life with Hello Kitty & Friends,DS,2011,Misc,0.13
Let's Make a Soccer Team!,PS2,2006,Sports,0
The Club,PS3,2008,Shooter,0.14
Monster Hunter G,PS2,2005,Role-Playing,0
Meteos,DS,2005,Puzzle,0.15
All-Star Baseball 2001,N64,2000,Sports,0.22
Star Wars Jedi Knight II: Jedi Outcast,GC,2002,Shooter,0.18
Tom Clancy's Splinter Cell,GC,2003,Action,0.18
Virtua Tennis 4,X360,2011,Sports,0.11
ESPN NHL Hockey,PS2,2003,Sports,0.11
Harvest Moon GB,GB,1997,Simulation,0
DiRT Showdown,X360,2012,Racing,0.08
The Incredible Hulk: Ultimate Destruction,XB,2005,Action,0.17
NCAA GameBreaker 2003,PS2,2002,Sports,0.11
The Amazing Spider-Man 2 (2014),X360,2014,Action,0.1
Gundam Battle Assault,PS,1998,Fighting,0.13
Virtua Fighter Kids,SAT,1995,Fighting,0
XCOM 2,PC,2016,Strategy,0.09
Lunar: Silver Star Story,SAT,1996,Role-Playing,0
Rocket Power: Beach Bandits,GC,2002,Platform,0.18
Shaun White Snowboarding,DS,2008,Sports,0.21
Tony Hawk's Downhill Jam,Wii,,Sports,0.21
M&M's Kart Racing,Wii,2007,Racing,0.21
Cross Edge,PS3,2008,Role-Playing,0.14
Tom Clancy's Rainbow Six: Rogue Spear,PS,2001,Shooter,0.13
The Lord of the Rings: Aragorn's Quest,Wii,2010,Action,0.17
NHL FaceOff 2001,PS,2000,Sports,0.13
Cabela's Outdoor Adventures (2009),PS3,2009,Sports,0.21
Puss in Boots,X360,2011,Action,0.2
Yu-Gi-Oh! GX: Duel Academy,GBA,2005,Misc,0.17
Tribes: Aerial Assault,PS2,,Shooter,0.11
Game & Wario,WiiU,2013,Misc,0.05
Colony Wars: Vengeance,PS,1998,Simulation,0.13
Looney Tunes: Acme Arsenal,Wii,2007,Action,0.21
Jewels of the Tropical Lost Island,DS,2010,Puzzle,0.11
Sherlock Holmes and the Mystery of Osborne House,DS,2010,Adventure,0.07
Ashes Cricket 2009,Wii,2009,Sports,0
Madden NFL 06,GBA,2005,Sports,0.17
Madagascar: Escape 2 Africa,PS3,2008,Action,0.12
The King of Fighters '95 (CD),NG,1994,Fighting,0
Megamind: Mega Team Unite,Wii,2010,Adventure,0.15
Perfect Weapon,PS,1996,Action,0.13
NBA 2K6,X360,2005,Action,0.21
NASCAR 08,PS3,2007,Racing,0.15
Major League Baseball 2K10,PS2,2010,Sports,0.11
Rock Band Track Pack Volume 2,Wii,2008,Misc,0.2
Wipeout 2,3DS,2011,Misc,0.22
Mafia,XB,2004,Action,0.17
Grand Slam Tennis 2,PS3,2012,Sports,0.09
Dynasty Warriors: Strikeforce,X360,2009,Action,0.13
Airblade,PS2,2001,Sports,0.11
Mega Man & Bass,GBA,2002,Platform,0.16
Ratchet & Clank: Full Frontal Assault,PS3,2012,Adventure,0.19
Epic Mickey 2: The Power of Two,WiiU,2012,Action,0.13
AKB1/149: Love Election,PSP,2012,Adventure,0
Tetris 2 (weekly jp sales),GB,1992,Puzzle,0
Pro Yakyuu Team o Tsukurou! 2,PS2,2003,Sports,0
Musou Orochi Z,PS3,2009,Action,0
World Series of Poker 2008: Battle for the Bracelets,PS2,2007,Misc,0.11
Carnival Island,PS3,2011,Misc,0.13
Tom Clancy's Rainbow Six: Siege,PC,2015,Shooter,0.13
Me & My Katamari,PSP,2005,Puzzle,0.13
What's Cooking? Jamie Oliver,DS,2008,Simulation,0.2
Genji: Dawn of the Samurai,PS2,2005,Action,0.11
The Idolm@ster SP: Wandering Star / Perfect Sun / Missing Moon,PSP,2009,Adventure,0
Critical Depth,PS,1997,Action,0.13
Barbie as The Island Princess,GBA,2007,Adventure,0.16
Tales of VS.,PSP,2009,Fighting,0
Saka-Tsuku DS: Touch and Direct,DS,2008,Sports,0
The Italian Job,PS2,2003,Racing,0.11
Mega Man Battle Network 5: Team Colonel / Protoman,GBA,2004,Role-Playing,0.16
TrackMania: Build to Race,Wii,2010,Racing,0.09
Ultimate Band,Wii,2008,Misc,0.18
Star Ocean,SNES,1996,Role-Playing,0
Freedom Fighters,XB,2003,Shooter,0.17
Barbie and the Three Musketeers,Wii,2009,Adventure,0.21
Madden NFL 12,PSP,2011,Sports,0.21
Soldier of Fortune II: Double Helix,XB,2003,Shooter,0.17
Disney Princess: Enchanted Journey,PS2,2007,Adventure,0.11
Rock Band Track Pack Volume 1,Wii,2008,Misc,0.17
Lunar Knights,DS,2006,Role-Playing,0.17
Hot Wheels: Beat That!,DS,2007,Racing,0.21
Naruto: Ninja Council 2 European Version,DS,2005,Fighting,0
Final Fantasy XI: Treasures of Aht Urhgan,PS2,2006,Role-Playing,0.06
WWE All Stars,3DS,2011,Fighting,0.15
Alundra,PS,1997,Role-Playing,0.13
World Soccer Winning Eleven 2010: Aoki Samurai no Chousen,PS3,2010,Sports,0
Mortal Kombat: Armageddon,Wii,2007,Fighting,0.19
Madden NFL 13,WiiU,2012,Sports,0.21
Bratz: Girlz Really Rock,PS2,2008,Action,0.11
Super R-Type,SNES,1991,Shooter,0
Rampage 2: Universal Tour,PS,1998,Action,0.13
Super Robot Taisen F Kanketsuhen,PS,1999,Strategy,0
Transformers: Devastation,PS4,2015,Action,0.1
Cars 2,3DS,2011,Racing,0.21
Hannah Montana: The Movie,PS3,2009,Adventure,0.14
BlowOut,PS2,2003,Shooter,0.11
NFL Blitz Pro,PS2,2003,Sports,0.11
Tiger Woods PGA Tour 2003,GC,2002,Sports,0.18
The Raiden Project,PS,1995,Shooter,0.06
Tales of Berseria,PS4,2016,Role-Playing,0
I Love Horses,DS,2008,Simulation,0.21
Pinball Hall of Fame: The Gottlieb Collection,PSP,2005,Misc,0.2
Pocket Fighter,PS,1997,Fighting,0.06
Disgaea: Afternoon of Darkness,PSP,2006,Role-Playing,0.15
Bicycle Casino 2005,XB,2004,Misc,0.17
Toukiden Kiwami,PSV,2014,Action,0.02
Dark Souls II,XOne,2015,Role-Playing,0.14
Hello Kitty Seasons,Wii,2010,Adventure,0.15
.hack//G.U. Vol.2//Reminisce,PS2,2006,Role-Playing,0.11
SSX On Tour,PSP,2005,Sports,0.19
NCAA Football 09,PSP,2008,Sports,0.21
Hooked! Real Motion Fishing,Wii,2007,Sports,0.21
Rune Factory: Tides of Destiny,PS3,2011,Role-Playing,0.14
Ys Seven,PSP,2009,Role-Playing,0.14
NCAA GameBreaker 2004,PS2,2003,Sports,0.11
Ninja Gaiden Sigma,PSV,2012,Action,0.1
Lumines: Electronic Symphony,PSV,2012,Misc,0.09
Tony Hawk's Proving Ground,DS,2007,Sports,0.2
The Polar Express,PS2,2004,Adventure,0.11
Bass Pro Shops: The Hunt,Wii,2010,Sports,0.21
AC/DC LIVE: Rock Band Track Pack,X360,2008,Misc,0.21
Buzz! Junior: RoboJam,PS2,2007,Misc,0.11
Valhalla Knights 2,PSP,2008,Role-Playing,0.09
Deca Sports 3,Wii,2010,Sports,0.14
Tetris Attack,GB,1996,Puzzle,0
Spec Ops: The Line,PC,2012,Shooter,0.11
Saint Seiya: Sanctuary Battle,PS3,2011,Action,0
NBA ShootOut 2003,PS2,2002,Sports,0.11
Shin Nippon Pro Wrestling: Toukon Retsuden 3,PS,1998,Fighting,0
Big Beach Sports 2,Wii,,Sports,0.09
Digimon World DS (JP sales),DS,2006,Role-Playing,0
NHL FaceOff 2003,PS2,2002,Sports,0.11
Jersey Devil,PS,1997,Platform,0.13
Need For Speed: Undercover,DS,2008,Racing,0.18
Guitar Hero Live,X360,2015,Misc,0.13
Rogue Ops,PS2,2003,Action,0.11
Vancouver 2010 - The Official Video Game of the Olympic Winter Games,X360,2010,Sports,0.08
3rd Super Robot Wars Z Jigoku Hen,PS3,2014,Role-Playing,0
Killer is Dead,PS3,2013,Action,0.12
F1 2014,X360,2014,Racing,0.08
New Carnival Games,DS,2010,Misc,0.16
Legion: The Legend of Excalibur,PS2,2002,Action,0.11
Puzzle & Dragons X: God Chapter / Dragon Chapter,3DS,2016,Action,0
Gekijouban Macross F: Sayonara no Tsubasa - Hybrid Pack,PS3,2011,Action,0
TNA iMPACT!,PS2,2008,Fighting,0.1
LEGO Jurassic World,PSV,2015,Action,0.05
Def Jam: Fight for NY,GC,2004,Fighting,0.17
Sword Art Online: Infinity Moment,PSP,2013,Role-Playing,0
Spartan: Total Warrior,PS2,2005,Action,0.11
EX Monopoly,GBA,2001,Misc,0.16
Ultimate Duck Hunting: Hunting & Retrieving Ducks,Wii,2007,Sports,0.21
64 de Hakken! Tamagotchi Minna de Tamagotchi World,N64,1997,Misc,0
Family Party: 30 Great Games Winter Fun,Wii,2010,Sports,0.21
Mary-Kate and Ashley: Sweet 16 - Licenced to Drive,GC,2003,Misc,0.17
Deadly Duck,2600,1981,Shooter,0.21
Assault,2600,1982,Action,0.21
Reactor,2600,1981,Action,0.21
Gundam Battle Chronicle,PSP,2007,Action,0
Zumba Fitness: World Party,Wii,2013,Misc,0.11
Danball Senki Boost,PSP,2011,Action,0
Justice League Heroes,PSP,2006,Role-Playing,0.2
101-in-1 Party Megamix Wii,Wii,2009,Misc,0.19
Conflict: Vietnam,XB,2004,Shooter,0.17
Hatsune Miku: Project Mirai 2,3DS,2013,Action,0
Whirl Tour,PS2,2002,Sports,0.11
Time Crisis: Crisis Zone,PS2,2004,Shooter,0.11
Momotarou Dentetsu 15,PS2,2005,Misc,0
Ben 10 Ultimate Alien: Cosmic Destruction,PS2,2010,Platform,0.13
NBA Street: Showdown,PSP,2005,Sports,0.2
We Sing Pop!,Wii,2012,Misc,0.05
pro evolution soccer 2011,Wii,2010,Sports,0.07
Skies of Arcadia Legends,GC,2002,Role-Playing,0.17
MotoGP 08,PS2,2008,Racing,0.01
Sengoku Basara 3 Utage,PS3,2011,Action,0
Breath of Fire,GBA,2001,Role-Playing,0.11
Last Window: The Secret of Cape West,DS,2010,Adventure,0
Risen 2: Dark Waters,PC,2012,Role-Playing,0
Petz Monkeyz House,DS,2008,Simulation,0.2
Ford vs. Chevy,PS2,2005,Racing,0.11
LEGO The Hobbit,WiiU,2014,Action,0.09
Darksiders II,PS4,2015,Action,0.09
NCAA Football 2005,GC,2004,Sports,0.17
Hamtaro: Ham-Ham Games,GBA,2004,Sports,0.16
Danny Phantom: The Ultimate Enemy,GBA,2005,Action,0.16
Cloudy With a Chance of Meatballs,DS,2009,Platform,0.2
Soul Sacrifice Delta,PSV,2014,Action,0
Crazy Climber,2600,1981,Action,0.21
NASCAR 2011: The Game,Wii,2011,Racing,0.21
Super Adventure Island,SNES,1992,Platform,0
Discovery Kids: Dolphin Discovery,DS,2008,Simulation,0.2
Spider-Man: Edge of Time,PS3,2011,Action,0.13
Bust-A-Move 4,PS,1998,Puzzle,0.12
Ride,PS4,2015,Racing,0.04
NFL Quarterback Club 97,PS,1996,Sports,0.12
Spirit Camera: The Cursed Memoir,3DS,2012,Adventure,0.13
Yu-Gi-Oh! GX: Tag Force 3,PSP,2008,Strategy,0
Galactic Wrestling: Featuring Ultimate Muscle,PS2,2004,Fighting,0.03
FaceBreaker K.O. Party,Wii,2008,Fighting,0.19
Dino Stalker,PS2,2002,Shooter,0.07
Mobile Suit Gundam Seed,PS2,2003,Action,0
Rock Band Track Pack: Classic Rock,Wii,2009,Misc,0.21
Petz Rescue: Endangered Paradise,DS,2008,Adventure,0.21
Rapala's Fishing Frenzy,Wii,2008,Sports,0.2
Mega Man Zero 3,GBA,2004,Platform,0.16
Super Swing Golf,Wii,2006,Sports,0.14
G-Force,PS3,2009,Action,0.13
Luminous Arc 2,DS,2008,Role-Playing,0.2
Barbie Super Sports,PS,1999,Sports,0.12
Shinobi,3DS,2011,Platform,0.14
Nicktoons Collection: Game Boy Advance Video Volume 2,GBA,2004,Misc,0.16
Tony Hawk's Downhill Jam,DS,2006,Sports,0.2
Risen 2: Dark Waters,PS3,2012,Role-Playing,0.04
Age of Empires: The Age of Kings,DS,2006,Strategy,0.18
Duel Masters: Kaijudo Showdown,GBA,2004,Misc,0.16
Muramasa: The Demon Blade,PSV,2013,Role-Playing,0.1
MotoGP 09/10,PS3,2010,Racing,0.05
The Lord of the Rings: The Third Age,GBA,2004,Role-Playing,0.16
Dinosaur King,DS,2007,Strategy,0.2
The Suffering,XB,2004,Action,0.16
Pitfall: The Big Adventure,Wii,2008,Adventure,0.19
Tetris Worlds,GC,2002,Puzzle,0.17
Chou-Kuukan Night Pro Yakyuu King(higher JP sales),N64,1996,Sports,0
Mega Man 64,N64,2000,Action,0.14
Rampage 2: Universal Tour,N64,1999,Action,0.18
Ms. Pac-Man: Maze Madness,N64,2000,Puzzle,0.18
ECW Hardcore Revolution,N64,2000,Fighting,0.18
The Sims 4: Get Together,PC,2015,Simulation,0.05
Tales of Graces,Wii,2009,Role-Playing,0
Viewtiful Joe 2,GC,2004,Action,0.17
Neopets Puzzle Adventure,Wii,2008,Puzzle,0.18
Mary-Kate and Ashley: Sweet 16 - Licenced to Drive,PS2,2002,Misc,0.11
LEGO Harry Potter: Years 5-7,PC,,Action,0.05
Child of Eden,PS3,2011,Shooter,0.09
All Star Karate,Wii,2010,Action,0.13
Dragon Ball: Origins (JP & incomplete US sales),DS,2008,Adventure,0.04
NBA Jam Extreme,PS,1996,Sports,0.12
Naruto Shippuden: Ninja Council 4,DS,2007,Action,0.08
Touch the Dead,DS,2007,Shooter,0.2
Worms: Battle Islands,Wii,2010,Strategy,0.1
Nickelodeon Party Blast,XB,2002,Misc,0.16
Jackass the Game,PSP,2007,Action,0.09
Ragnarok DS,DS,2008,Role-Playing,0.1
NHL Championship 2000,PS,1998,Sports,0.12
ATV Quad Kings,Wii,2009,Racing,0.2
Shellshock: Nam '67,XB,2004,Shooter,0.16
Ultimate Band,DS,2008,Misc,0.19
Kartia: The Word of Fate,PS,1998,Strategy,0.05
Karaoke Revolution Glee 2: Road to Regionals,Wii,2011,Misc,0.14
Magna Carta: Tears of Blood,PS2,2004,Role-Playing,0.11
All-Star Baseball 2002,GC,2001,Sports,0.17
Lethal Skies Elite Pilot: Team SW,PS2,2001,Simulation,0.11
Capcom vs. SNK,DC,2000,Fighting,0
Pinball Hall of Fame: The Williams Collection,PS3,2009,Misc,0.2
Aliens vs Predator: Requiem,PSP,2007,Action,0.03
Dishonored 2,XOne,2016,Action,0.12
Asphalt: Injection,PSV,2011,Action,0.13
Tamagotchi no KiraKira Omisecchi,DS,2008,Misc,0
From Russia With Love,GC,2005,Action,0.17
Family Fest presents: Movie Games,Wii,2008,Action,0.2
Guitar Hero: Smash Hits,PS2,2009,Misc,0.11
NBA Live 09 All-Play,Wii,2008,Sports,0.19
NFL Quarterback Club 2002,PS2,2001,Sports,0.11
NCAA Basketball 09,X360,2008,Sports,0.2
Kirby's Star Stacker,GB,1997,Puzzle,0
Shin Megami Tensei: Persona,PSP,2009,Role-Playing,0.08
Kung Fu Panda 2,DS,2011,Action,0.15
Lords of the Fallen,XOne,2014,Role-Playing,0.1
LEGO The Lord of the Rings,PC,2012,Action,0.07
Kidz Bop Dance Party! The Video Game,Wii,2010,Misc,0.2
Growlanser: Heritage of War,PS2,2006,Role-Playing,0.11
Ben 10 Alien Force: Vilgax Attacks,X360,2009,Action,0.11
Imagine: Detective,DS,2009,Simulation,0.14
Rugby 2004,PS2,2003,Sports,0.11
Disney's Magical Quest Starring Mickey and Minnie,GBA,2002,Action,0.16
The Amazing Spider-Man 2 (2014),XOne,2014,Action,0.12
Senran Kagura 2: Deep Crimson ,3DS,2014,Action,0.1
NBA 06,PSP,2005,Sports,0.2
KORG DS-10 Synthesizer,DS,2008,Misc,0.19
Naruto: Ninja Council,GBA,2003,Action,0.16
DS Nishimura Kyotaro Suspense Shin Tantei Series: Kyoto Atami Zekkai no Kotou - Satsui no Wana,DS,2007,Adventure,0
Tropico 3,X360,2009,Strategy,0.15
Wreckless: ThE YaKuza MisSiOns,PS2,2002,Racing,0.11
Deadly Creatures,Wii,2009,Action,0.08
Naruto Shippuden: Ultimate Ninja Storm Revolution,X360,2014,Fighting,0.14
CSI: Fatal Conspiracy,Wii,2010,Adventure,0.12
Jikkyou Powerful Major League,PS2,2006,Sports,0
Dead Island,PC,2011,Action,0.12
NFL 2K3,GC,2002,Sports,0.17
Saltwater Sportfishing,PS,2001,Sports,0.12
Hasbro Family Game Night,DS,2009,Puzzle,0.01
Yoshi Touch & Go (JP sales),DS,2005,Platform,0
Samurai Jack: The Amulet of Time,GBA,2003,Platform,0.16
J-League Winning Eleven 2008: Club Championship,PS2,2008,Sports,0
Sports Car GT,PS,1999,Racing,0.12
Jackie Chan: Stuntmaster,PS,1999,Action,0.12
Hunted: The Demon's Forge,X360,2011,Action,0.13
Scooby-Doo! Mystery Mayhem,GC,2004,Action,0.17
Kanzen Chuuki Pro Yakyuu Greatest Nine,SAT,1995,Sports,0
Yu-Gi-Oh! GX: Spirit Caller (American Sales),DS,2006,Misc,0.18
Summer Athletics: The Ultimate Challenge (Others sales),Wii,2008,Sports,0
American Idol,GBA,2003,Misc,0.15
Britney's Dance Beat,GBA,2002,Misc,0.15
Shrek SuperSlam,GC,2005,Action,0.17
Full Auto,X360,2006,Shooter,0.19
Sailor Moon,SNES,1993,Action,0
Herdy Gerdy,PS2,2002,Adventure,0.11
Pass the Pigs,DS,2008,Misc,0.2
Afrika,PS3,2008,Adventure,0.12
The Crew,X360,2014,Racing,0.06
G.I. Joe: The Rise of Cobra,Wii,2009,Action,0.17
Jewel Quest: Expeditions,DS,2007,Puzzle,0.03
Digimon World Re:Digitize,PSP,2012,Action,0
The Legend of Heroes: Trails in the Sky First Chapter,PSP,2006,Role-Playing,0.1
Marvel Super Hero Squad: The Infinity Gauntlet,DS,2010,Action,0.17
Over G Fighters,X360,2006,Simulation,0.19
NBA in the Zone 2000,PS,2000,Sports,0.12
Dark Summit,PS2,2001,Sports,0.11
Angry Birds Star Wars,PS4,2013,Strategy,0.1
Hot Shots Tennis: Get a Grip,PSP,2010,Sports,0.07
Cabela's Big Game Hunter: Ultimate Challenge,PS,2001,Sports,0.12
MySims Party,Wii,2009,Simulation,0.17
Star Wars: The Force Unleashed II,DS,2010,Action,0.17
The Dukes of Hazzard: Return of the General Lee,PS2,2004,Racing,0.11
Pandemonium!,PS,1996,Platform,0.12
Transformers: Dark of the Moon,3DS,2011,Action,0.16
Namco Museum: 50th Anniversary,GC,2005,Misc,0.17
Crash 'N' Burn,PS2,2004,Racing,0.11
NBA,PSP,2005,Sports,0.2
Teenage Mutant Ninja Turtles: Smash-Up,PS2,2009,Fighting,0.11
Pro Yakyuu Greatest Nine '97,SAT,1997,Sports,0
Nintendo Presents: Crossword Collection,DS,2009,Puzzle,0
Big League Sports,X360,2011,Sports,0.18
Petz Rescue: Wildlife Vet,Wii,2008,Simulation,0.2
Lunar: Silver Star Story Complete,SAT,1997,Role-Playing,0
Dorabase DS: Dramatic Stadium,DS,2007,Sports,0
Disaster Report,PS2,2002,Action,0.03
EVE: burst error,SAT,1997,Adventure,0
Armored Core V,X360,2012,Simulation,0.13
Backyard NFL Football '09,Wii,2008,Sports,0.2
College Hoops 2K7,X360,2006,Sports,0.2
Speed Racer: The Videogame,PS2,2008,Racing,0.1
Bratz: Forever Diamondz,GC,2006,Adventure,0.17
NCAA March Madness 08,X360,2007,Sports,0.2
WCW Backstage Assault,PS,1999,Action,0.12
Rampage: Total Destruction,Wii,2006,Action,0.19
Magician's Quest: Town of Magic,3DS,2012,Simulation,0
Wild Wild Racing,PS2,2000,Racing,0.1
The Bard's Tale,PS2,2004,Role-Playing,0.1
Yoostar2,X360,2011,Misc,0.11
Doom (2016),PC,2016,Shooter,0.07
Momotarou Dentetsu 16,PS2,2006,Misc,0
Robotech: The Macross Saga,GBA,2002,Shooter,0.15
Transformer: Rise of the Dark Spark,PS4,2014,Action,0.07
Yu Yu Hakusho: Dark Tournament,PS2,,Fighting,0.1
MTV Celebrity Deathmatch,XB,2003,Fighting,0.16
Gekijouban Macross F: Itsuwarino Utahime - Hybrid Pack,PS3,2010,Action,0
Conflict Zone,PS2,2002,Strategy,0.1
Petz: Horse Club,Wii,2008,Misc,0.2
Code Name: S.T.E.A.M.,3DS,2015,Strategy,0.14
The Bureau: XCOM Declassified,X360,2013,Shooter,0.1
Star Wars: Battlefront,PC,2004,Shooter,0.07
BloodRayne,XB,2002,Shooter,0.16
Harry Potter and the Deathly Hallows - Part 2,DS,2011,Action,0.1
Puss in Boots,Wii,2011,Action,0.19
TRON: Evolution - Battle Grids,Wii,2010,Racing,0.17
NHL 2K6,XB,2005,Sports,0.16
Hannah Montana: The Movie,X360,2009,Adventure,0.14
Tenchu: Return From Darkness,XB,2004,Action,0.16
World Poker Tour,PS2,2005,Misc,0.1
Neo Contra,PS2,2004,Shooter,0.1
MVP Baseball,PSP,2005,Sports,0.2
Where's Waldo? The Fantastic Journey,DS,2009,Adventure,0.2
WipeOut 3 The Game,X360,2012,Action,0.2
Tony Hawk's American Sk8land,DS,2005,Sports,0.19
Ghostbusters II,2600,,Action,0.2
Breakaway IV,2600,,Puzzle,0.2
RealSports Baseball,2600,1981,Sports,0.2
Atelier Escha & Logy: Alchemists of the Dusk Sky,PS3,2013,Role-Playing,0.06
LEGO Ninjago: Shadow of Ronin,3DS,2015,Action,0.05
Viewtiful Joe 2,PS2,2004,Action,0.1
The BIGS 2,X360,2009,Sports,0.19
Quake III: Revolution,PS2,2001,Shooter,0.1
Pac-Man World 3,PS2,2005,Platform,0.1
50 Cent: Blood on the Sand,X360,2009,Shooter,0.12
Naruto: Clash of Ninja (JP sales),GC,2003,Fighting,0
Journey,PS3,2012,Adventure,0.04
SingStar Pop Edition,PS3,2009,Misc,0
SBK X: Superbike World Championship,PS3,2010,Racing,0.05
Robotech: Battlecry,XB,,Shooter,0.16
NOëL: NOT DiGITAL,PS,1996,Adventure,0
Dragon Ball Z Hyper Dimension,SNES,1995,Fighting,0
Imagine: Boutique Owner,DS,2009,Simulation,0.2
Dragon Ball: Fusions,3DS,2016,Role-Playing,0.02
Madden NFL 07,DS,2006,Sports,0.2
HBO Boxing,PS,2000,Fighting,0.12
Hasbro Family Game Night 3,X360,2010,Misc,0.17
Star Trek: The Game,X360,2013,Action,0.12
Bass Pro Shops: The Strike,X360,2009,Sports,0.2
Darkwatch,XB,2005,Shooter,0.16
Disgaea D2: A Brighter Darkness,PS3,2013,Role-Playing,0.09
Front Mission 5: Scars of the War,PS2,2005,Strategy,0
Maximo vs Army of Zin,PS2,2003,Platform,0.1
Bratz: Girlz Really Rock,Wii,2008,Action,0.19
The Fairly OddParents: Breakin' Da Rules,GC,2003,Platform,0.16
Assassin's Creed Syndicate,PC,2015,Action,0.11
The Chronicles of Narnia: Prince Caspian,DS,2008,Action,0.19
Summoner 2,PS2,2002,Role-Playing,0.1
The Land Before Time: Big Water Adventure,PS,2002,Platform,0.12
Move Fitness,PS3,,Sports,0
Order Up!,Wii,2008,Misc,0.19
Shadow of Destiny,PS2,2001,Adventure,0.09
The Magic School Bus: Oceans,DS,2011,Adventure,0.2
Valkyria Chronicles III: Unrecorded Chronicles,PSP,,Strategy,0
Ninja Gaiden: Dragon Sword,DS,2008,Action,0.16
Cabela's Deer Hunt: 2004 Season,XB,2003,Sports,0.16
Brunswick Pro Bowling,PSP,2007,Sports,0.19
Gex 3: Deep Cover Gecko,N64,1999,Platform,0.17
WinBack: Covert Operations,N64,1999,Shooter,0.17
ClayFighter 63 1/3,N64,1997,Fighting,0.17
Monopoly,N64,1999,Misc,0.17
WCW Nitro,N64,1998,Fighting,0.17
Cruis'n Exotica,N64,2000,Racing,0.17
World of Final Fantasy,PSV,2016,Role-Playing,0.04
Danganronpa Another Episode: Ultra Despair Girls,PSV,2014,Action,0.06
Pro Evolution Soccer 2012,Wii,2011,Action,0.08
The Legend of Spyro: The Eternal Night,Wii,2007,Platform,0.18
Bastard!! Utsuro Naru Kamigami no Utsuwa,PS,1996,Role-Playing,0
DanceDanceRevolution II,Wii,,Misc,0.2
The Wolf Among Us,PS4,2014,Adventure,0.1
Cursed Mountain,Wii,2009,Adventure,0.09
Now! That's What I Call Music: Dance & Sing,Wii,2011,Misc,0
The King of Fighters '96,SAT,1996,Fighting,0
Age of Empires: Mythologies,DS,2008,Strategy,0.16
SBK Superbike World Championship,X360,2008,Racing,0.06
Bionicle,GC,2003,Action,0.16
Hidden Mysteries: Buckingham Palace,DS,2010,Puzzle,0.13
Heroes of Ruin,3DS,2012,Role-Playing,0.13
State of Decay,XOne,2015,Strategy,0.14
A Boy and His Blob,Wii,2009,Platform,0.18
Prince of Persia: Revelations,PSP,2005,Adventure,0.18
Angel Blade: Neo Tokyo Guardians,PS,1997,Role-Playing,0.12
Threads of Fate,PS,1999,Role-Playing,0.12
Baja: Edge of Control,PS3,2008,Racing,0.1
G.I. Joe: The Rise of Cobra,PS3,2009,Action,0.11
PoPoLoCrois Monogatari II,PS,2000,Role-Playing,0
Famicom Mini: Ganbare Goemon! Karakuri Douchuu,GBA,2004,Platform,0
UFC Undisputed 2010,PSP,2010,Fighting,0.11
World Series of Poker,PSP,2005,Misc,0.19
Rayman Raving Rabbids,X360,2007,Misc,0.18
Deus Ex: The Conspiracy,PS2,2002,Action,0.1
Unreal II: The Awakening,XB,2004,Shooter,0.17
Rumble Racing,PS2,2001,Racing,0.1
Spider-Man: Web of Shadows,PS2,2008,Action,0.1
Vampire Rain,X360,2007,Action,0.18
Batman Begins,XB,2005,Action,0.16
NBA Live 15,XOne,2014,Sports,0.17
Yu-Gi-Oh! 5D's World Championship 2011: Over the Nexus,DS,2011,Strategy,0.1
J-League Winning Eleven 10 + Europa League 06-07,PS2,2006,Sports,0
Shrek: Reekin' Havoc,GBA,2003,Platform,0.15
Tales of Phantasia: Narikiri Dungeon X,PSP,2010,Role-Playing,0
JSRF: Jet Set Radio Future,XB,2002,Action,0.13
NHL Hitz 20-02,GC,2001,Sports,0.16
Way of the Samurai 3,X360,2009,Action,0.12
NCAA Football 2003,GC,2002,Sports,0.16
Rollcage,PS,1999,Racing,0.12
Hitman: HD Trilogy,PS3,2013,Action,0.07
Marvel Super Hero Squad,PSP,2009,Fighting,0.17
J Stars Victory Vs.,PSV,2014,Fighting,0
de Blob 2,PS3,2011,Platform,0.11
Champion Jockey: G1 Jockey & Gallop Racer,PS3,2011,Sports,0.06
Greg Hastings Paintball 2,X360,2010,Shooter,0.19
ESPN Winter X Games: Snowboarding 2002,PS2,2000,Sports,0.1
Final Fantasy Fables: Chocobo's Dungeon,Wii,2007,Role-Playing,0.09
Project: Snowblind,PS2,2005,Action,0.1
Prison Break: The Conspiracy,X360,2010,Action,0.07
Super Robot Taisen K,DS,2009,Strategy,0
You Don't Know Jack,Wii,2011,Misc,0.19
Mortal Kombat: Special Forces,PS,2000,Fighting,0.12
Mega Man Legacy Collection,3DS,2016,Platform,0.14
The Last Airbender,Wii,2010,Action,0.12
Tony Hawk's Motion,DS,2008,Sports,0.19
Disney's Planes,DS,2013,Simulation,0.11
NCAA March Madness 07,X360,2007,Sports,0.19
StokEd,X360,2009,Sports,0.18
Shin Megami Tensei: Persona 3 (jp sales),PS2,2006,Role-Playing,0
Evil Dead: Regeneration,PS2,2005,Action,0.1
Wacky Races: Crash & Dash,DS,2008,Racing,0.19
Defiance,PC,2013,Shooter,0.14
NHL 2003,XB,2002,Sports,0.15
X-Men: Children of the Atom,SAT,1995,Fighting,0
Tiger Woods PGA Tour,PSP,2005,Sports,0.19
NHL 2K3,PS2,2002,Sports,0.1
Yarudora Series Vol. 2: Kisetsu wo Dakishimete,PS,1998,Adventure,0
NCAA Football 10,PSP,2009,Sports,0.19
Heisei Kyouiku linkai DS,DS,2006,Misc,0
You Don't Know Jack,X360,2011,Misc,0.19
The Naked Brothers Band: The Video Game,Wii,2008,Misc,0.19
SpongeBob SquarePants: Game Boy Advance Video Volume 3,GBA,2004,Misc,0.15
Pro Yaky? Spirits 2010,PS3,2010,Sports,0
Final Fight One,GBA,2001,Fighting,0.09
Tony Hawk's Pro Skater 5,PS4,2015,Sports,0.09
MLB 10: The Show,PSP,2010,Sports,0.19
Gallop Racer 2003: A New Breed,PS2,2002,Sports,0.04
Frogger 3D,3DS,2011,Action,0.16
Blue Dragon Plus,DS,2008,Role-Playing,0.12
Outlaw Golf 2,XB,2004,Sports,0.15
BeyBlade VForce: Super Tournament Battle,GC,2002,Action,0.16
Little Battlers eXperience: Baku Boost,3DS,2012,Action,0
J-League Pro Soccer Club o Tsukurou! 7 Euro Plus,PSP,2011,Sports,0
Dead to Rights: Retribution,X360,2010,Shooter,0.11
Bugs Bunny & Taz: Time Busters,PS,2000,Adventure,0.11
Discovery Kids: Pony Paradise,DS,2009,Simulation,0.19
Jikkyou Powerful Pro Yakyuu 2012,PS3,2012,Action,0
Dragon Ball Z: Sagas,GC,2005,Fighting,0.16
X2: Wolverine's Revenge,XB,2003,Platform,0.15
Power Rangers: Wild Force,GBA,2002,Action,0.15
Tenchu: Shadow Assassins,Wii,2008,Action,0.15
Barbie: Groom and Glam Pups,Wii,2010,Action,0.18
Lost Planet 3,PS3,2013,Shooter,0.07
Mary-Kate and Ashley: Girls Night Out,GBA,2002,Misc,0.15
The King of Fighters '95,NG,1995,Fighting,0
Wedding Dash,DS,2009,Action,0.19
Beyblade G-Revolution,GBA,2004,Action,0.15
Trade & Battle: Card Hero,GB,2000,Strategy,0
World Championship Cards,PSP,2008,Misc,0.19
Capcom Fighting Evolution,PS2,2004,Fighting,0.1
Assassin's Creed The Ezio Collection,PS4,2016,Action,0.04
SD Gundam GNext,SNES,1995,Strategy,0
God of War Collection,PSV,2014,Action,0.08
Backyard NFL Football 2006,PS2,2005,Sports,0.1
NASCAR Heat 2002,XB,2001,Racing,0.15
Sloane to MacHale no Nazo no Monogatari,DS,2009,Puzzle,0
Anarchy Reigns,PS3,2012,Action,0.1
Mobile Suit Gundam: Crossfire,PS3,2006,Simulation,0.06
Saints Row IV,XOne,2015,Action,0.1
Sengoku Basara 2 Heroes,PS2,2007,Action,0
Buzz! The Schools Quiz,PS2,2008,Misc,0
Suikoden Tactics,PS2,2005,Strategy,0.06
NCAA March Madness 06,XB,2005,Sports,0.15
Sniper: Ghost Warrior 2,X360,2013,Shooter,0.06
EVE Online,PC,2003,Role-Playing,0
Phantasy Star Online,DC,2000,Role-Playing,0
Crazy Taxi 3: High Roller,XB,2002,Racing,0.14
Midnight Club 3: DUB Edition Remix,XB,2006,Racing,0.15
International Superstar Soccer 2000,PS2,2000,Sports,0
CandyLand / Chutes & Ladders / Memory,GBA,2005,Misc,0.15
The Bible Game,PS2,2005,Misc,0.1
Thrillville,PSP,2006,Strategy,0.18
Drift King Shutokou Battle '94,SNES,1994,Racing,0
"Warhammer 40,000: Space Marine",PC,2011,Shooter,0.09
Shining Blade,PSP,2012,Role-Playing,0
The Ultimate Red Ball Challenge,Wii,2009,Misc,0
The King of Fighters Collection: The Orochi Saga,PS2,2006,Fighting,0.1
PBR: Out of the Chute,PS2,2008,Sports,0.1
Jikkyou Powerful Pro Yakyuu 10 Chou Ketteiban: 2003 Memorial,PS2,2003,Sports,0
Valkyria Chronicles,PS4,2016,Role-Playing,0.07
Disney's Planes,WiiU,2013,Simulation,0.14
Saturday Night Speedway,PS2,2004,Racing,0.1
Bratz: Rock Angelz,GC,2005,Misc,0.16
Langrisser III,SAT,1996,Strategy,0
Zombie Army Trilogy,PS4,2015,Shooter,0.05
CSI: Deadly Intent,X360,2009,Adventure,0.1
MLB SlugFest 20-03,XB,2002,Sports,0.15
Samurai Spirits (CD),NG,1994,Fighting,0
The Con,PSP,2005,Fighting,0.18
Pitfall: The Lost Expedition,PS2,2004,Platform,0.1
From TV Animation One Piece: Grand Battle! 3,GC,2003,Fighting,0
Need for Speed Carbon: Own the City,DS,2006,Racing,0.17
Deal or No Deal: The Banker is Back!,DS,2008,Misc,0
Rocket Power: Zero Gravity Zone,GBA,2003,Sports,0.14
Enchanted Arms,PS3,2007,Role-Playing,0.17
Le Mans 24 Hours,PS2,2001,Racing,0.09
WipeOut 3 The Game,3DS,2012,Action,0.18
The Witch and the Hundred Knight,PS3,2013,Role-Playing,0.07
ESPN MLB Baseball,PS2,2004,Sports,0.1
All Star Pro-Wrestling,PS2,2000,Fighting,0
Dragon Ball Z: Harukanaru Densetsu,DS,2007,Role-Playing,0.19
Harvest Moon: More Friends of Mineral Town,GBA,2003,Simulation,0.14
The Fairly Odd Parents: Shadow Showdown,GC,2004,Platform,0.16
Story of Seasons: Good Friends of the Three Villages,3DS,2016,Simulation,0
Mobile Suit Gundam Side Story II: Aoi o Uketsugu Mono,SAT,1996,Shooter,0
Jillian Michaels' Fitness Adventure,X360,2011,Misc,0.17
Kurohyou 2: Ryu ga Gotoku Ashura Hen,PSP,2012,Action,0
X2: Wolverine's Revenge,GBA,2003,Platform,0.14
NBA 2K2,XB,2002,Sports,0.15
Code of Princess,3DS,2012,Action,0.16
Major League Baseball 2K11,PS3,2011,Sports,0.15
7th Dragon 2020,PSP,2011,Role-Playing,0
Cars,XB,2006,Racing,0.15
Taiko no Tatsujin: Waku Waku Anime Matsuri,PS2,2003,Misc,0
Spy Hunter,GC,2002,Racing,0.16
We Sing Robbie Williams,Wii,2010,Misc,0
Dark Messiah of Might and Magic Elements,X360,2008,Role-Playing,0.16
Planet 51,Wii,2009,Action,0.17
Dead to Rights II,PS2,2005,Shooter,0.1
Super Dodge Ball Advance,GBA,2001,Sports,0.14
FIFA 16,PC,2015,Sports,0.06
Teenage Mutant Ninja Turtles: Danger of the Ooze,X360,2014,Adventure,0.11
Ogre Battle Saga Episode Five: The March of the Black Queen,PS,1996,Role-Playing,0.06
The Heavy Rain and Beyond: Two Souls Collection,PS4,2016,Action,0
NBA Live 14,XOne,2013,Sports,0.16
Kung Fu Rider,PS3,2010,Action,0.06
MDK,PS,1997,Shooter,0.11
DarkStar One: Broken Alliance,X360,2010,Simulation,0.11
Dragon Ball: Xenoverse 2,XOne,2016,Action,0.11
WRC: FIA World Rally Championship,PS3,,Racing,0
Odin Sphere: Leifthrasir,PS4,2016,Role-Playing,0.07
"Ni Hao, Kai-lan: New Year's Celebration",DS,2009,Misc,0.19
Rock Band Track Pack: Classic Rock,PS2,2009,Misc,0.1
Ty the Tasmanian Tiger 2: Bush Rescue,GC,2004,Platform,0.15
Body and Brain Connection,X360,2010,Misc,0.1
Speed Punks,PS,1998,Racing,0.11
Dragon Ball: Revenge of King Piccolo,Wii,2009,Action,0.12
The Legend of Heroes VII: The Trail of Blue,PSP,2011,Role-Playing,0
High School Musical 3: Senior Year DANCE!,X360,2008,Misc,0.18
Warriors Orochi,PSP,2008,Action,0.02
MVP Baseball 2003,XB,2003,Sports,0.15
Monster Jam,X360,2007,Racing,0.18
Infinite Space,DS,2009,Role-Playing,0.06
NCAA Final Four 2004,PS2,2003,Sports,0.1
"The Chronicles of Narnia: The Lion, The Witch and The Wardrobe",XB,2005,Action,0.15
Body Harvest,N64,1998,Shooter,0.16
San Francisco Rush 2049,N64,2000,Racing,0.16
Super Robot Taisen 64,N64,1999,Strategy,0
Snowboard Kids,N64,1996,Sports,0.16
Tigger's Honey Hunt,N64,2000,Platform,0.16
Famista 64,N64,,Sports,0
Roadsters 99,N64,1999,Racing,0.06
Magical Tetris Challenge,N64,1997,Puzzle,0.13
Twisted Edge Extreme Snowboarding,N64,1998,Sports,0.16
Disney's Tarzan,N64,2000,Platform,0.16
South Park Rally,N64,2000,Racing,0.16
NBA 07,PSP,2006,Sports,0.18
Two Worlds II,PC,2011,Role-Playing,0.09
IHRA Drag Racing 2004,XB,2003,Racing,0.15
Shining Hearts,PSP,2010,Role-Playing,0
The Legend of Heroes: Trails of Cold Steel,PS3,2013,Role-Playing,0.05
Clive Barker's Jericho,PS3,2007,Shooter,0.17
Tekken 3D: Prime Edition,3DS,2012,Fighting,0.06
Marvel: Ultimate Alliance 2,DS,2009,Role-Playing,0.16
Treasure World,DS,2009,Simulation,0.18
SingStar: Back to the 80s,PS3,2011,Misc,0
Jissen Pachi-Slot Hisshouhou! Aladdin A,PS2,2002,Misc,0
Ford Racing Off Road,PS2,2008,Racing,0.1
Namco Museum: 50th Anniversary,GBA,2005,Misc,0.14
Nobunaga no Yabou: Reppuuden,PS,1999,Strategy,0
The BIGS 2,PS2,2009,Sports,0.1
Front Mission Evolved,X360,2010,Shooter,0.1
Hidden Mysteries: Titanic - Secrets of the Fateful Voyage,Wii,2009,Adventure,0.11
Mat Hoffman's Pro BMX 2,XB,2002,Sports,0.15
Treasure Hunter G,SNES,1996,Role-Playing,0
Ashes Cricket 2009,X360,2009,Sports,0
From Russia With Love,XB,2005,Action,0.15
Sleeping Dogs,XOne,2014,Action,0.1
Wing Arms,SAT,1994,Shooter,0
Press Your Luck 2010 Edition,DS,2009,Misc,0.18
Apache: Air Assault,PS3,2010,Simulation,0.11
Pro Yaky? Spirits 2013,PS3,2013,Sports,0
Cabela's North American Adventures,Wii,2010,Sports,0.19
Wizards of Waverly Place: Spellbound,DS,2010,Misc,0.16
Dying Light,PC,2015,Action,0.12
Cabela's Big Game Hunter (2008),PS2,2007,Sports,0.1
The Cheetah Girls: Passport to Stardom,DS,2008,Misc,0.18
Grandia II,DC,2000,Role-Playing,0
Namco Museum Vol.4,PS,1996,Misc,0.02
Ridge Racer 6,X360,2005,Racing,0.1
Shark Tale,XB,2004,Action,0.15
NFL Street 2,GC,2004,Sports,0.15
Pro Yaky? Spirits 2013,PSP,2013,Sports,0
My Secret World by Imagine,DS,2008,Misc,0
Teenage Mutant Ninja Turtles 3: Mutant Nightmare,PS2,2005,Action,0.1
Zone of the Enders HD Collection,X360,2012,Simulation,0.14
Record of Agarest War,X360,2008,Role-Playing,0.18
Gladius,PS2,2003,Strategy,0.1
Earth Defense Force: Insect Armageddon,PS3,2011,Shooter,0.06
Dave Mirra Freestyle BMX 2,XB,2001,Sports,0.15
Pro Yaky? Spirits 2012,PSP,2012,Sports,0
SpongeBob SquarePants: Revenge of the Flying Dutchman,GC,2002,Platform,0.15
Taiko no Tatsujin: Go! Go! Godaime,PS2,2004,Misc,0
Taiko Drum Master,PS2,2004,Misc,0.1
Bust-A-Move 2 Arcade Edition,PS,1995,Puzzle,0.11
Tetris Worlds (Online Edition),XB,2003,Puzzle,0.15
Total War: Shogun 2 - Fall of the Samurai,PC,2012,Strategy,0.07
Dungeon Hunter Alliance,PSV,2012,Action,0.07
Forgotten Realms: Demon Stone,PS2,2004,Action,0.1
Super Baseball Simulator 1.000,SNES,1991,Sports,0
Soldier of Fortune: Payback,X360,2007,Shooter,0.18
Afro Samurai,PS3,2009,Action,0.12
Looney Tunes: Space Race,PS2,2002,Racing,0.1
Puzzle Challenge: Crosswords and More!,PSP,2006,Puzzle,0.18
Neighborhood Games,Wii,2009,Misc,0.17
Backyard Hockey,GBA,2003,Sports,0.14
The Amazing Spider-Man (Console Version),DS,2012,Action,0.15
Farming Simulator 2015,XOne,2015,Simulation,0.1
Silent Hill: Book of Memories,PSV,2012,Action,0.1
Playboy: The Mansion,PS2,2005,Simulation,0.1
Jikkyou Powerful Pro Yakyuu 2010,PSP,2010,Sports,0
Sid Meier's Pirates!,PSP,2007,Strategy,0.16
Ore no Shikabane o Koete Yuke,PSP,2011,Role-Playing,0
Baja: Edge of Control,X360,2008,Racing,0.12
Tiger Woods PGA Tour 06,PSP,2005,Sports,0.18
Shaman King: Spirit of Shamans,PS,2002,Action,0
Ratatouille,GBA,2007,Action,0.14
Bleach: The 3rd Phantom,DS,2008,Role-Playing,0.1
The Fairly Odd Parents: Enter the Cleft,GBA,2002,Platform,0.14
MC Groovz Dance Craze,GC,2004,Misc,0.15
The Thing,XB,2002,Adventure,0.15
Tom and Jerry in House Trap,PS,2000,Action,0.11
Power Rangers: Time Force,GBA,2001,Action,0.14
Untold Legends: Dark Kingdom,PS3,2006,Role-Playing,0.14
Jikkyou Powerful Pro Yakyuu 2011,PSP,2011,Sports,0
DS Kageyama Method: Dennou Hanpuku - Masu x Masu Hyaku Masu Keisan,DS,2006,Misc,0
Plants vs. Zombies,PS3,2011,Strategy,0.18
Baldur's Gate: Dark Alliance,XB,2002,Role-Playing,0.15
Prince of Persia: Warrior Within,GC,2004,Action,0.15
Mahjongg Mysteries: Ancient Egypt,DS,2010,Puzzle,0.07
Aikatsu! Cinderella Lesson,3DS,2012,Role-Playing,0
UFC: Tapout,XB,2002,Fighting,0.14
Warriors Orochi,X360,2007,Action,0.17
Predator: Concrete Jungle,PS2,2005,Action,0.1
Cabela's Survival: Shadows of Katmai,Wii,2011,Sports,0.14
Arcana Heart 3,PS3,2011,Fighting,0.04
X-Men Origins: Wolverine,DS,2009,Action,0.15
Big Mutha Truckers 2,PS2,2005,Racing,0.1
Armored Core 4,PS3,2006,Simulation,0.09
Shutter Island,PC,2009,Adventure,0
Solatorobo: Red the Hunter,DS,2010,Role-Playing,0.08
NHL FaceOff 2001,PS2,2001,Sports,0.1
Mana Khemia 2: Fall of Alchemy,PS2,2008,Role-Playing,0.07
The Great Escape,PS2,2003,Action,0.1
Just Dance 2: Extra Songs,Wii,2011,Misc,0
Castlevania: Lords of Shadow 2,PS3,2014,Action,0.03
Dexter's Lab Chess Challenge,GBA,2002,Misc,0.14
CSI: Unsolved!,DS,2010,Adventure,0.13
Big Mutha Truckers,XB,2002,Racing,0.15
Way of the Samurai 4,PS3,2011,Action,0
ESA Foundation Compilation,PS2,2005,Misc,0.1
The Hobbit,GBA,2003,Platform,0.14
The King of Fighters XI,PS2,2006,Fighting,0.07
Tom Clancy's Splinter Cell: Essentials,PSP,2006,Shooter,0.17
The Naked Brothers Band: The Video Game,DS,2008,Misc,0.18
Chronicles of Mystery: Curse of the Ancient Temple,DS,2009,Adventure,0.07
Dragon Ball Z: Idainaru Dragon Ball Densetsu,PS,1996,Fighting,0
Major League Baseball 2K12,PS3,2012,Sports,0.18
Family Guy,PSP,2006,Action,0.18
Dead Space 3,PC,,Action,0.02
Sniper Elite,PS2,2005,Shooter,0.1
Yoga Wii,Wii,2009,Sports,0.14
MLB 16: The Show,PS3,2016,Action,0.16
Harry Potter and the Goblet of Fire,PSP,2005,Action,0.17
Kouchuu Ouja Mushi King: Greatest Champion e no Michi DS,DS,2005,Action,0
Parlor! Mini 4,SNES,1996,Misc,0
Breath of Fire II,GBA,2001,Role-Playing,0.14
The Amazing Spider-Man (Console Version),3DS,2012,Action,0.15
Danganronpa 2: Goodbye Despair,PSP,2012,Misc,0
Iron Chef America: Supreme Cuisine,DS,2008,Simulation,0.18
Test Drive Unlimited 2,PC,,Racing,0.05
UFC Personal Trainer: The Ultimate Fitness System,PS3,2011,Sports,0.08
Ice Age 2: The Meltdown,GC,2006,Platform,0.15
Conan,X360,2007,Action,0.16
Steins;Gate,PSP,2011,Adventure,0
Dinotopia: The Timestone Pirates,GBA,2002,Action,0.14
Power Pro Kun Pocket 12,DS,2009,Sports,0
Petz Pony: Beauty Pageant,DS,2009,Simulation,0.18
Rune Factory: Tides of Destiny,Wii,2011,Role-Playing,0.13
J-League Jikkyou Winning Eleven 3,PS,1997,Sports,0
No More Heroes: Heroes' Paradise,PS3,2010,Action,0.1
Jissen Pachi-Slot Hisshouhou,SNES,1993,Misc,0
Shin Megami Tensei IV: Final,3DS,2016,Role-Playing,0.05
Aliens vs Predator,PC,2010,Shooter,0
Captain America: Super Soldier,PS3,2011,Action,0.1
Pac-Man & Galaga Dimensions,3DS,2011,Misc,0.1
Manhunt,XB,2004,Action,0.14
NCAA Final Four 2003,PS2,2002,Sports,0.09
Dynasty Warriors: Gundam 2,X360,2008,Action,0.07
Dream Salon,DS,2009,Misc,0.18
Bound By Flame,PS4,2014,Role-Playing,0.08
We Wish You A Merry Christmas,Wii,2009,Action,0.13
Spectrobes: Origins,Wii,2009,Role-Playing,0.16
Rock Band Country Track Pack,PS3,2009,Misc,0.18
Great Phoenix Wright: Ace Attorney - Naruhodou Ryuunosuke no Bouken,3DS,2015,Action,0
J-League Excite Stage '96,SNES,1996,Sports,0
Just Dance: Greatest Hits,Wii,2012,Misc,0.14
New Love Plus,3DS,2012,Simulation,0
DanceMasters,X360,2010,Misc,0.15
Breath of Fire: Dragon Quarter,PS2,2002,Role-Playing,0.09
Jikkyou J-League Perfect Striker,N64,1996,Sports,0
Super Robot Taisen: Scramble Commander,PS2,2003,Strategy,0
Shiren the Wanderer,Wii,2008,Role-Playing,0.08
Re-Volt,PS,1998,Racing,0.11
Kan Colle Kai,PSV,2016,Action,0
Descent,PS,1996,Shooter,0.11
LEGO Marvel's Avengers,3DS,2016,Action,0.07
Just Dance 2016,PS3,2015,Misc,0.1
Spore Hero Arena,DS,2009,Simulation,0.18
Disney's Magical Mirror Starring Mickey Mouse,GC,2002,Adventure,0.15
Enchanted Arms,X360,2006,Role-Playing,0.16
Are You Smarter Than a 5th Grader? Back to School,Wii,2010,Misc,0.18
Conflict: Denied Ops,X360,2008,Shooter,0.08
Mafia III,PC,2016,Action,0.08
The Rise of the Argonauts,PS3,2008,Role-Playing,0.05
Barbie Fashion Show: An Eye for Style,DS,2008,Misc,0.18
IHRA Professional Drag Racing 2005,PS2,2004,Racing,0.09
Mace Griffin: Bounty Hunter,PS2,2003,Shooter,0.09
101-in-1 Explosive Megamix,DS,2008,Puzzle,0.05
Legacy of Kain: Defiance,XB,2003,Action,0.14
Final Fantasy XI,X360,2006,Role-Playing,0.17
Scene It? Twilight,DS,2010,Misc,0.11
Trivial Pursuit unhinged,PS2,2004,Misc,0.09
Tales of the World: Narikiri Dungeon 2,GBA,2002,Role-Playing,0
Peter Jackson's King Kong: The Official Game of the Movie,PSP,2005,Action,0.16
Fighter Within,XOne,2013,Fighting,0.11
Aliens versus Predator: Extinction,PS2,2003,Strategy,0.09
Shrek: Forever After,PS3,2010,Platform,0.16
Silent Scope 2: Dark Silhouette,PS2,2001,Shooter,0.09
The Spiderwick Chronicles,Wii,2008,Action,0.17
Dave Mirra Freestyle BMX 2,GBA,2001,Sports,0.14
X-Men Origins: Wolverine,PSP,2009,Action,0.13
Jikkyou Powerful Pro Yakyuu '96 Kaimakuban,SNES,1996,Sports,0
Tokimeki Memorial Girl's Side 3rd Story,DS,2010,Adventure,0
NHL Hitz Pro,PS2,2003,Sports,0.09
Allied General,PS,1996,Strategy,0.11
Marvel Super Hero Squad: Comic Combat,PS3,2011,Action,0.11
Kamen Rider: Battride War,PS3,2013,Action,0
Fire ProWrestling G,PS,1999,Fighting,0
Space Invaders Extreme 2,DS,2009,Shooter,0.17
Need for Speed: The Run,3DS,2011,Action,0.09
Supreme Commander 2,PC,2010,Strategy,0
Avatar: The Last Airbender - Into the Inferno,Wii,2008,Adventure,0.17
Quantum Theory,PS3,2010,Shooter,0.05
Dawn of Discovery,Wii,2009,Simulation,0.12
Guitar Hero Live,WiiU,2015,Misc,0.12
GunGriffon,SAT,1995,Simulation,0
SingStar Pop Vol.2,PS2,2008,Misc,0.09
SNK Arcade Classics Vol. 1,PS2,2008,Misc,0.09
Darkstalkers 3,PS,1998,Fighting,0.11
International Cricket 2010,PS3,2010,Sports,0
Frequency,PS2,2001,Misc,0.09
Inazuma Eleven Strikers 2012 Xtreme,Wii,2011,Role-Playing,0
The Polar Express,GBA,2004,Adventure,0.14
Dynasty Warriors 8: Empires,PS4,2014,Action,0.06
2002 FIFA World Cup,XB,2002,Sports,0.14
SpongeBob SquigglePants 3D,3DS,2011,Misc,0.13
Jampack: Summer 2003 (RP-T),PS2,2003,Misc,0.09
Frogger's Adventures 2: The Lost Wand,GBA,2002,Adventure,0.14
Sudeki,XB,2004,Role-Playing,0.14
Majin and the Forsaken Kingdom,X360,2010,Adventure,0.14
Silent Hill HD Collection,X360,2012,Action,0.11
Arc Rise Fantasia,Wii,2009,Role-Playing,0.12
"Boku no Natsuyasumi 4: Seitouchi Shounen Tanteidan, Boku to Himitsu no Chizu",PSP,2009,Adventure,0
Hot Wheels: Track Attack,Wii,2010,Racing,0.14
Quake,N64,1998,Shooter,0.15
SpongeBob's Surf & Skate Roadtrip,X360,2011,Action,0.15
Sesame Street: Elmo's Number Journey,N64,1999,Misc,0.15
Hexen,N64,1996,Shooter,0.15
Mace: The Dark Age,N64,1997,Fighting,0.15
Puyo Puyo Sun 64,N64,1997,Puzzle,0
AeroFighters Assault,N64,1997,Action,0.15
Chou-Kuukan Night Pro Yakyuu King (weekly JP sales),N64,1996,Sports,0
South Park: The Stick of Truth,PC,2014,Role-Playing,0.07
Tottadoo! Yoiko no Mujintou Seikatsu,DS,2008,Adventure,0
Teenage Mutant Ninja Turtles 2: Battle Nexus,GC,2004,Action,0.15
Barbie Horse Adventures: Riding Camp,PS2,2008,Sports,0.09
MLB 12: The Show,PSV,2012,Sports,0.17
God Eater Resurrection,PSV,2015,Action,0
SSX Tricky,GBA,2002,Sports,0.14
Kenka Banchou 4: Ichinen Sensou,PSP,2010,Action,0
Warhammer: Shadow of the Horned Rat,PS,1996,Strategy,0.11
NBA 2K11,PC,2010,Action,0.18
Pet Zombies,3DS,,Simulation,0.18
Pro Yakyuu Team o Tsukurou!,DS,2008,Sports,0
WWE All Stars,Wii,2011,Fighting,0.1
Naruto: Ninja Destiny,DS,2006,Fighting,0.02
FaceBreaker,X360,2008,Fighting,0.15
ESPN International Track & Field,PS2,2000,Sports,0.09
Spider-Man: Shattered Dimensions,DS,2010,Action,0.17
Lunar Legend,GBA,2002,Role-Playing,0.14
Conflict: Global Terror,PS2,2005,Shooter,0.09
Dante's Inferno,PSP,2010,Action,0.12
Mystery Tales of Time Travel,DS,2010,Puzzle,0.01
Injustice: Gods Among Us,WiiU,2013,Fighting,0.09
Hisshou Pachinko*Pachi-Slot Kouryaku Series Vol. 5: CR Shinseiki Evangelion * Pachi-Slot Shinseiki Evangelion,PS2,2006,Misc,0
NASCAR Unleashed,3DS,2011,Racing,0.18
Tomb Raider: Underworld,DS,2008,Action,0.15
Death Jr.,PSP,2005,Platform,0.17
Hulk,GC,2003,Action,0.15
Boogie,PS2,2007,Misc,0.09
Arcade Shooting Gallery,Wii,2008,Shooter,0.18
Phantasy Star Universe,PS2,2006,Role-Playing,0
Gungrave,PS2,2002,Shooter,0.09
Schlag den Raab,Wii,2010,Misc,0
Transworld Surf,PS2,2002,Sports,0.09
Tenchu: Fatal Shadows,PS2,2004,Action,0.09
50 Cent: Blood on the Sand,PS3,2009,Shooter,0.1
Metro: Last Light,PC,2013,Action,0.06
Evolve,PC,2015,Shooter,0.08
FIFA 14,PSP,2013,Sports,0
Resident Evil: Revelations,WiiU,2013,Action,0.07
Namco Museum Megamix,Wii,2010,Misc,0.17
Chaotic: Shadow Warriors,Wii,2009,Action,0.18
The Legend of Spyro: A New Beginning,GC,2006,Platform,0.15
International Soccer,2600,1981,Sports,0.18
Princess Maker: Yumemiru Yosei,PS,1997,Strategy,0
3rd Super Robot Wars Z: Tengoku-Hen,PSV,2015,Action,0
Armored Core: For Answer,PS3,2008,Simulation,0.06
Big Air,PS,1999,Sports,0.1
Shining Force II,GEN,1993,Strategy,0
Taiko no Tatsujin: Wii U Version!,WiiU,2013,Misc,0
Gallop Racer,PS,1999,Sports,0
The Walking Dead: Season Two,PS3,2014,Adventure,0.09
Harry Potter and the Prisoner of Azkaban,XB,2004,Action,0.14
3rd Super Robot Wars Z Jigoku Hen,PSV,2014,Role-Playing,0
Where's Waldo? The Fantastic Journey,Wii,2009,Adventure,0.17
Sudoku Gridmaster (JP sales),DS,2006,Puzzle,0
Monsters vs. Aliens,PS2,2009,Action,0.11
College Slam,PS,1995,Sports,0.1
Street Fighter X Tekken,PSV,2012,Fighting,0.1
Nobunaga no Yabou: Souzou,PS3,2013,Strategy,0
The Legend of Heroes: Trails of Cold Steel II,PSV,2014,Role-Playing,0.02
Pro Yaky? Spirits 4,PS2,2007,Sports,0
Rock Band Track Pack Volume 2,X360,2008,Misc,0.17
Need for Speed: Shift 2 Unleashed,PC,2011,Racing,0.05
Tamagotchi Party On!,Wii,2006,Misc,0.12
Daigasso! Band Brothers,DS,2004,Misc,0
Rise of the Kasai,PS2,2005,Action,0.09
Thoroughbred Breeder,SNES,1993,Simulation,0
Momotarou Dentetsu World,DS,2010,Misc,0
Singstar: Ultimate Party,PS4,2014,Misc,0
Beyblade: Metal Fusion - Battle Fortress,Wii,2009,Action,0.15
Risen,X360,2009,Role-Playing,0.07
Nostalgia,DS,2008,Role-Playing,0.16
Dynasty Warriors Gundam,X360,2007,Action,0.15
Chibi-Robo! Park Patrol,DS,2007,Adventure,0
Jurassic: The Hunted,PS3,2009,Shooter,0.17
Farmtopia,DS,2010,Simulation,0.18
DanceDanceRevolution,PS3,2010,Simulation,0.12
Tom Clancy's Splinter Cell: Blacklist,PC,2013,Action,0.04
"Ni Hao, Kai-lan: Super Game Day",Wii,2009,Misc,0.17
One Piece: Unlimited Adventure,Wii,2007,Adventure,0.07
Shaun White Skateboarding,PS3,2010,Sports,0.11
Crash & Spyro Superpack,GBA,2005,Platform,0.13
Reel Fishing Paradise 3D,3DS,2011,Sports,0.12
Conflict: Denied Ops,PS3,2008,Shooter,0.05
Binary Domain,X360,2012,Action,0.09
Kuma-Tomo,3DS,2013,Misc,0
IL-2 Sturmovik: Birds of Prey,PSP,2009,Simulation,0.08
ThunderStrike 2,PS,1994,Simulation,0.1
Magical ZhuZhu Princess: Carriages & Castles,DS,2011,Simulation,0.13
Pro Yaky? Spirits 2012,PS3,2012,Sports,0
Super Real Mahjong P V,SAT,1995,Misc,0
Thomas the Tank Engine & Friends,GBA,2004,Adventure,0.13
Penguin no Mondai X: Tenkuu no 7 Senshi,DS,2009,Action,0
The Scorpion King: Sword of Osiris,GBA,2002,Action,0.13
Jeep Thrills,Wii,2008,Racing,0.17
Ice Age: Dawn of the Dinosaurs,PS3,2009,Action,0.13
Bubsy 3D,PS,1996,Platform,0.1
NCAA Final Four 2001,PS2,2000,Sports,0.09
Robin Hood: Defender of the Crown,PS2,2003,Strategy,0.09
Face Training,DS,2007,Misc,0
Barbie Horse Adventures: Riding Camp,Wii,2008,Sports,0.17
SD Gundam GX,SNES,1994,Strategy,0
R-Type Final,PS2,2003,Shooter,0.09
Jackie Chan Adventures: Legend of the Dark Hand,GBA,2001,Action,0.13
Bolt,PS3,2008,Adventure,0.12
Mathews Bowhunting,Wii,2010,Sports,0.18
Phantasy Star Nova,PSV,2014,Role-Playing,0
Pro Evolution Soccer 2014,3DS,2013,Action,0
Sega GT 2002,XB,2002,Racing,0.12
F1 2011,PC,2011,Racing,0
Air Conflicts: Secret Wars,PS3,2011,Simulation,0.1
Ty the Tasmanian Tiger 3: Night of the Quinkan,PS2,2005,Action,0.09
Family Feud: 2012 Edition,Wii,2011,Misc,0.17
Samurai Warriors 2: Empires,PS2,2006,Action,0
Blood Omen 2,XB,2002,Action,0.14
Earth Defense Force: Insect Armageddon,X360,2011,Shooter,0.1
Major League Baseball 2K10,PS3,2010,Sports,0.17
Saints Row IV,PC,2013,Action,0.11
J-League Pro Soccer Club o Tsukurou! 5,PS2,2007,Sports,0
Harry Potter: Quidditch World Cup,XB,2003,Sports,0.14
Dance Central: Spotlight,XOne,2014,Misc,0.15
Little Battlers eXperience W,PSP,2012,Role-Playing,0
Warriors: Legends of Troy,PS3,2011,Action,0.06
La Pucelle: Tactics,PS2,2002,Role-Playing,0.09
Arcania: Gothic 4,PC,2010,Role-Playing,0.09
NBA Ballers: Chosen One,X360,2008,Sports,0.17
Tiger Woods PGA Tour 07,XB,2006,Sports,0.13
Disney's Meet the Robinsons,Wii,2007,Action,0.17
Sword Art Online: Hollow Realization,PS4,2016,Role-Playing,0.06
Star Wars: The Clone Wars & Tetris Worlds,XB,2002,Misc,0.14
The Lord of the Rings: War in the North,PC,2011,Action,0.05
The Bee Game,DS,2007,Adventure,0.17
SBK X: Superbike World Championship,X360,2010,Racing,0.1
Rango: The Video Game,PS3,2011,Action,0.07
EverQuest Online Adventures: Frontiers,PS2,2003,Role-Playing,0.09
Godzilla (2015),PS4,2014,Action,0.11
Fairy Fencer F,PS3,2013,Role-Playing,0.05
Shadows of the Damned,X360,2011,Action,0.1
Treasures of the Deep,PS,1997,Action,0.1
Phantasy Star Online Ver. 2,DC,2001,Role-Playing,0
Cabela's Survival: Shadows of Katmai,PS3,2011,Sports,0.11
Hot Wheels: Battle Force 5,Wii,2009,Racing,0.17
Go Play: Lumberjacks,Wii,2009,Simulation,0.17
Fight Club,PS2,2004,Fighting,0.09
Samurai Warriors: State of War,PSP,2005,Action,0.07
Cabela's Survival: Shadows of Katmai,X360,2011,Sports,0.14
Dragon Blade: Wrath of Fire,Wii,2007,Action,0.17
Guilty Gear Xrd: Sign,PS3,2014,Fighting,0.1
Dance Dance Revolution: Disney Grooves,Wii,2009,Simulation,0.17
Camping Mama: Outdoor Adventures,DS,2011,Simulation,0.12
Harvest Moon: A Wonderful Life Special Edition,PS2,2004,Simulation,0.09
Sports Illustrated for Kids: Football,GBA,2003,Sports,0.13
The Munchables,Wii,2009,Action,0.17
How to Train Your Dragon 2,Wii,2014,Adventure,0.04
.hack//Quarantine Part 4: The Final Chapter,PS2,2003,Role-Playing,0.09
The Smurfs 2,DS,2013,Platform,0
Close Combat: First to Fight,XB,2005,Shooter,0.14
Indiana Jones and the Emperor's Tomb,XB,2003,Action,0.14
Buffy the Vampire Slayer: Chaos Bleeds,PS2,2003,Action,0.09
Remington Super Slam Hunting: North America,Wii,2010,Sports,0.17
Reel Fishing II,PS,2000,Sports,0.1
Battle of Giants: Dinosaurs Strike,Wii,2010,Strategy,0.14
Ty the Tasmanian Tiger,XB,2002,Platform,0.14
Imagine: Babyz Fashion,DS,2009,Simulation,0.17
Dead or Alive,SAT,1997,Fighting,0
Active Health with Carol Vorderman,DS,2009,Sports,0
Driving Emotion Type-S,PS2,2000,Racing,0.04
Heavy Fire: Afghanistan,PS3,2011,Shooter,0.17
Siren,PS2,2003,Adventure,0.09
NARC,XB,2005,Shooter,0.14
Driver: San Francisco,PC,2011,Racing,0.05
Just Dance 2017,Wii,2016,Misc,0.06
NASCAR Unleashed,Wii,2011,Racing,0.17
Super Robot Taisen J,GBA,2005,Strategy,0
Shape Up,XOne,2014,Misc,0.08
Nep League DS,DS,2007,Sports,0
Happy Cooking,DS,2006,Simulation,0.17
Ar tonelico 2: Melody of Metafalica,PS2,2007,Role-Playing,0.04
Cars: Race-O-Rama,PS3,2009,Racing,0.14
Jewel Master: Cradle of Athena,DS,2010,Puzzle,0.17
Saw II: Flesh & Blood,PS3,2010,Action,0.1
Hidden Mysteries: Vampire Secrets,DS,2010,Adventure,0.06
Casper: Friends Around the World,PS,2000,Action,0.1
Jurassic Park III: Island Attack,GBA,2001,Adventure,0.13
Jikkyou Powerful Pro Baseball 2016,PSV,2016,Sports,0
Star Trek: Legacy,X360,,Simulation,0.14
Tekken Tag Tournament 2,WiiU,2012,Fighting,0.09
GameBoy Wars,GB,1991,Strategy,0
Amplitude,PS2,2003,Misc,0.09
Disgaea DS,DS,2008,Role-Playing,0.11
Gauntlet: Seven Sorrows,XB,2005,Role-Playing,0.14
AirForce Delta Storm,XB,2001,Shooter,0.14
Metal Gear Solid V: The Phantom Pain,X360,2015,Action,0.12
Monopoly Party,XB,2002,Misc,0.14
Fear Effect 2: Retro Helix,PS,2001,Action,0.1
Chaotic: Shadow Warriors,DS,2009,Action,0.17
Ninja Gaiden 3,WiiU,2012,Action,0.14
Atelier Shallie: Alchemists of the Dusk Sea,PS3,2014,Role-Playing,0.06
Mahjong: Journey Quest for Tikal,DS,2008,Puzzle,0.15
Call of Duty: World at War,PC,2008,Shooter,0.02
CSI: Fatal Conspiracy,PS3,2010,Adventure,0.11
Chocobo no Fushigi Dungeon for WonderSwan,WS,1999,Role-Playing,0
International Superstar Soccer 2000 (JP weekly sales),N64,1999,Sports,0
Ringling Bros. and Barnum & Bailey Circus,Wii,2009,Action,0.17
Klonoa: Door to Phantomile,PS,1997,Platform,0
Vietcong: Purple Haze,PS2,2004,Shooter,0.09
Atari Anniversary Advance,GBA,2002,Misc,0.13
Summer Athletics: The Ultimate Challenge,PS2,2008,Sports,0
Hatsune Miku and Future Stars: Project Mirai,3DS,2012,Misc,0
X-Men Origins: Wolverine,PS2,2009,Action,0.13
Syndicate,X360,2012,Shooter,0.1
Zumba Fitness Rush,X360,2012,Sports,0
Call of Juarez,X360,2007,Shooter,0.14
TalkMan (Japan),PSP,2005,Misc,0
Ghostbusters: The Video Game,PSP,2009,Action,0.16
Bloody Roar: Primal Fury,GC,2002,Fighting,0.14
Mega Man Soccer,SNES,1993,Sports,0.04
MotoGP,Wii,2009,Racing,0.05
Mushroom Men: The Spore Wars,Wii,2008,Action,0.16
Saint Seiya: Soldiers' Soul,PS4,2015,Fighting,0
Brunswick Pro Bowling,PS3,2010,Sports,0.1
LEGO Harry Potter: Years 5-7,PSV,2012,Action,0.07
FIFA Soccer 07,GC,2006,Sports,0.14
Rabbids Party Collection,Wii,2010,Misc,0
Corpse Party: Blood Drive,PSV,2014,Adventure,0.08
The Last Airbender,DS,2010,Action,0.13
My Fitness Coach 2: Exercise and Nutrition,Wii,2009,Sports,0.13
Pokémon I Choose You / Squirtle Squad Game Boy Advance Video,GBA,2004,Misc,0.13
Vampire Savior: The Lord of Vampire,SAT,1998,Fighting,0
Backbreaker,X360,,Sports,0.17
UFC Personal Trainer: The Ultimate Fitness System,Wii,2011,Sports,0.11
MotoGP 14 ,PS4,2014,Racing,0.04
Shrek SuperSlam,DS,2005,Action,0.17
Alone in the Dark,Wii,2008,Adventure,0.09
Super Robot Taisen UX,3DS,2013,Role-Playing,0
Skylanders Imaginators,WiiU,2016,Platform,0.09
Six Flags Fun Park,DS,2008,Misc,0.17
Test Drive Off-Road Wide Open,XB,2001,Racing,0.15
Jeopardy!,DS,2010,Misc,0.17
Pro Yaky? Spirits 2011,PS3,2011,Sports,0
Doctor Who: Return to Earth,Wii,2010,Adventure,0
Battle Commander: Hachibushu Shura no Heihou,SNES,1991,Strategy,0
WWE All Stars,PSP,2011,Fighting,0.12
Jampack Vol. 1,PS,1996,Misc,0.1
Bad Boys: Miami Takedown,XB,2004,Shooter,0.14
Valhalla Knights 3,PSV,2013,Role-Playing,0.04
Mega Man X: Command Mission,PS2,2004,Role-Playing,0.09
Tokyo Xtreme Racer DRIFT,PS2,2003,Racing,0.09
Moon,PS,1997,Adventure,0
"The Chronicles of Narnia: The Lion, The Witch and The Wardrobe",DS,2005,Action,0.15
Cabela's Big Game Hunter 2005 Adventures,XB,2004,Sports,0.13
Re-Volt,N64,1999,Racing,0.14
Sesame Street: Elmo's Letter Adventure,N64,1999,Misc,0.14
Senran Kagura: Estival Versus,PSV,2015,Action,0.04
Might & Magic: Clash of Heroes,DS,2009,Role-Playing,0.15
GRID Autosport,PS3,2014,Racing,0.05
Gokujou Parodius,SNES,1994,Shooter,0
Half-Minute Hero,PSP,2009,Role-Playing,0.08
Gauntlet: Dark Legacy,GC,2002,Action,0.14
A.C.E.: Another Century's Episode 2,PS2,2006,Simulation,0
The Chronicles of Narnia: Prince Caspian,X360,2008,Action,0.16
Company of Heroes: Anthology,PC,2009,Strategy,0
Shadow The Hedgehog,XB,2005,Platform,0.13
Daigasso! Band Brothers P,3DS,2013,Misc,0
Batman: Vengeance,GBA,2001,Adventure,0.13
Soccer Tsuku Tokudai Gou: J-League Pro Soccer Club o Tsukurou,DC,2000,Sports,0
The Adventures of Cookie & Cream,PS2,2000,Puzzle,0.09
World of Outlaws: Sprint Cars,X360,2010,Racing,0.17
Van Helsing,XB,2007,Action,0.13
Grand Slam Tennis 2,X360,2012,Sports,0.1
Ben 10 Ultimate Alien: Cosmic Destruction,X360,2010,Platform,0.1
Pure Futbol,X360,2010,Sports,0.08
Spider-Man: Friend or Foe,PSP,2007,Action,0.16
Sing4: The Hits Edition,Wii,2011,Misc,0.17
Gun,GC,2005,Shooter,0.14
SoulCalibur Legends,Wii,2007,Action,0.16
Rio,Wii,2011,Misc,0.13
F1 Challenge,SAT,1994,Racing,0
Squeeballs Party,Wii,2009,Puzzle,0.17
Metal Gear Ac!d 2,PSP,2005,Strategy,0.11
Shadow Madness,PS,1999,Action,0.1
Aliens: Colonial Marines,PC,2013,Shooter,0.1
Tiger Woods PGA Tour 2004,GBA,2003,Sports,0.13
The Game of Life / Yahtzee / Payday,GBA,2005,Misc,0.13
FIFA Soccer 11,PC,2010,Sports,0
American Chopper 2: Full Throttle,PS2,2005,Racing,0.09
Borderlands,PC,2009,Shooter,0.01
de Blob 2,Wii,2011,Platform,0.11
Silent Hill 4: The Room,XB,2004,Action,0.14
Commandos 2: Men of Courage,PS2,2002,Strategy,0.09
Remember Me,X360,2013,Action,0.1
Brink,PC,2011,Shooter,0.06
FIFA Soccer 2002,GC,2001,Sports,0.14
Pro Evolution Soccer 2013,3DS,2012,Sports,0.05
Atari Anniversary Edition Redux,PS,2000,Misc,0.1
Lips: Party Classics,X360,2010,Misc,0.05
Toukiden: The Age of Demons,PSP,2013,Action,0
Fireblade,PS2,2002,Action,0.09
Disney's Tarzan Untamed,GC,2001,Platform,0.14
Brunswick Circuit Pro Bowling,PS,1998,Sports,0.1
Marvel Super Hero Squad: Comic Combat,Wii,2011,Action,0.14
Trinity Universe,PS3,2009,Role-Playing,0.07
Payday 2,XOne,2015,Shooter,0.09
Pirates: Hunt For Blackbeard's Booty,Wii,2008,Adventure,0.08
Cabela's Dangerous Hunts 2009,PS2,2008,Sports,0.09
Senran Kagura: Estival Versus,PS4,2015,Action,0.08
Ball Breakers,PS,2000,Action,0.1
Mobile Suit Gundam Seed Destiny: Generation of C.E.,PS2,2005,Action,0
Splatterhouse,X360,2010,Action,0.14
EyeToy: Groove,PS2,2003,Misc,0.09
You Don't Know Jack,PS3,2011,Misc,0.16
Chuck E. Cheese's Party Games,DS,2010,Misc,0.17
Twisted Metal: Small Brawl,PS,,Action,0.1
Otomedius Excellent,X360,,Shooter,0.13
Charlie and the Chocolate Factory,GC,2005,Adventure,0.14
Armored Core: Last Raven,PS2,2005,Simulation,0.05
Burnout Legends,DS,2005,Racing,0.15
Tomb Raider: Underworld,PS2,2009,Action,0.09
College Hoops 2K7,PS3,2007,Sports,0.16
Hello Kitty: Birthday Adventures,DS,2010,Adventure,0.06
All Grown Up! Express Yourself,GBA,2004,Misc,0.13
Escape The Museum,DS,2010,Adventure,0.04
K-1 World Grand Prix,PS2,2002,Sports,0.04
Kidou Senshi Gundam: Senjou no Kizuna Portable,PSP,2009,Strategy,0
Super Robot Taisen A Portable,PSP,2008,Strategy,0
Juiced,XB,2005,Racing,0.13
Naruto Shippuden: Dragon Blade Chronicles,Wii,2009,Action,0.11
Looney Tunes: Back in Action,GBA,2003,Platform,0.13
Shaun White Skateboarding,Wii,2010,Sports,0.13
DiRT Showdown,PS3,2012,Racing,0.02
Virtua Tennis,GBA,2002,Sports,0.13
Cabela's Big Game Hunter: Hunting Party,X360,2011,Sports,0.16
Tales of the Tempest,DS,2006,Role-Playing,0
SimCity Creator (JP sales),DS,2008,Simulation,0
Biohazard: Revival Selection,PS3,2011,Action,0
Sonic Riders: Zero Gravity,PS2,2008,Racing,0.09
UFC: Sudden Impact,PS2,2004,Fighting,0.09
NBA Hoopz,PS2,2001,Sports,0.09
ESPN X Games Skateboarding,GBA,2001,Sports,0.13
Nancy Drew: The Hidden Staircase,DS,2008,Adventure,0.16
Speedball 2100,PS,2000,Sports,0.1
Full Auto 2: Battlelines,PS3,2006,Racing,0.14
College Hoops 2K8,X360,2007,Sports,0.16
LEGO Island 2: The Brickster's Revenge,PS,2001,Adventure,0.1
How to Train Your Dragon,PS3,2010,Action,0.12
Backyard Basketball,GBA,2004,Sports,0.13
Madden NFL 09,XB,2008,Sports,0.13
Dynasty Warriors: Gundam 3,X360,2010,Action,0.11
Scooby-Doo! Unmasked,GBA,2005,Platform,0.13
Summon Night 4,PS2,2006,Role-Playing,0
NHL 2004,XB,2003,Sports,0.13
Pro Yaky? Spirits 5,PS2,2008,Sports,0
Back to the Future: The Game,PS4,2015,Adventure,0.1
Namco Museum: 50th Anniversary,XB,2005,Misc,0.13
Monster 4x4: Stunt Racer,Wii,2009,Racing,0.16
Velvet Assassin,X360,2009,Shooter,0.14
NFL 2K2,XB,2002,Sports,0.13
MindJack,PS3,2011,Shooter,0.07
Marvel Super Hero Squad: Comic Combat,X360,2011,Action,0.13
NBA Starting Five,PS2,,Sports,0.09
NBA Live 16,PS4,2015,Sports,0.1
WWE SmackDown vs. Raw 2009,DS,2008,Fighting,0.14
Dead or Alive Paradise,PSP,2010,Misc,0.07
Dark Souls II,PC,2014,Role-Playing,0.08
The Suffering: Ties That Bind,PS2,2005,Action,0.09
EyeToy: Kinetic,PS2,2005,Sports,0.09
Transformers: Prime,3DS,2012,Action,0.13
Fancy Nancy: Tea Party Time!,DS,2010,Adventure,0.16
Project Spark,XOne,2014,Misc,0.11
Army Men: Sarge's Heroes 2,PS2,2001,Shooter,0.09
Yakuza Zero: The Place of Oath,PS4,2015,Action,0
The Wild Thornberrys: Animal Adventures,PS,2000,Adventure,0.1
Cabela's Adventure Camp,Wii,2011,Misc,0.14
SEGA Bass Fishing Duel,PS2,2002,Sports,0.09
Teen Titans,GBA,,Action,0.13
Sports Illustrated for Kids: Baseball,GBA,2001,Sports,0.12
Mark Davis Pro Bass Challenge,PS2,2002,Sports,0.09
Rugrats: Royal Ransom,GC,2002,Platform,0.13
Winning Eleven: Pro Evolution Soccer 2007,DS,2006,Sports,0
Warriors of Might and Magic,PS2,2001,Adventure,0.09
Rapala Fishing Frenzy 2009,PS3,2008,Sports,0.16
Petz: Horseshoe Ranch,DS,2009,Adventure,0.16
Open Season,GC,2006,Platform,0.13
Ridge Racer,PSV,2011,Racing,0.03
EyePet & Friends,PS3,2011,Simulation,0.06
Street Fighter: The Movie,PS,1995,Fighting,0.1
Major League Baseball 2K9,PS3,2009,Sports,0.16
World Championship Poker,GBA,2004,Misc,0.12
Global Defence Force,PS2,2005,Shooter,0
Major League Baseball 2K6,GC,2006,Sports,0.13
WordJong Party,Wii,2008,Puzzle,0.16
SaGa 2: Hihou Densetsu - Goddess of Destiny,DS,2009,Role-Playing,0
Smash Court Tennis Pro Tournament,PS2,2002,Sports,0.08
Super Robot Taisen L,DS,2010,Strategy,0
Race Pro,X360,2009,Racing,0.06
The Grim Adventures of Billy & Mandy,GC,2006,Action,0.13
NBA Inside Drive 2004,XB,2003,Sports,0.13
The King of Fighters '97,PS,1998,Fighting,0
Time Commando,PS,1996,Action,0.1
Professional Fisherman's Tour: Northern Hemisphere,DS,2007,Sports,0.16
Kekkaishi: Karasumori Ayakashi Kidan,DS,2007,Action,0
Gretzky NHL 2005,PS2,2004,Sports,0.08
Dungeon Siege III,PC,2011,Role-Playing,0.08
The Hobbit,GC,2003,Platform,0.13
MotoGP 15,PS4,2015,Racing,0
Backyard Sports Football: Rookie Rush,DS,2010,Sports,0.16
Skate it,DS,2008,Sports,0.14
Cabela's Legendary Adventures,Wii,2008,Sports,0.16
True Crime: New York City,GC,2005,Action,0.13
Metal Arms: Glitch in the System,XB,2003,Shooter,0.13
The Idolm@ster: Shiny Festa - Honey Sound / Funky Note / Groovy Tune,PSP,2012,Action,0
Toukiden Kiwami,PS4,2015,Action,0.05
Trauma Team,Wii,,Simulation,0.14
The Secret World,PC,2012,Role-Playing,0.07
Ice Age: Dawn of the Dinosaurs,PS2,2009,Action,0.08
ESPN Final Round Golf 2002,GBA,2001,Sports,0.12
Iron Chef America: Supreme Cuisine,Wii,2008,Simulation,0.16
MDK2 Armageddon,PS2,2001,Shooter,0.08
Exhibition Volume 02,XB,2003,Misc,0.13
NHL 2K9,X360,2008,Sports,0.15
I Spy: Castle,DS,2011,Puzzle,0.16
Fight Night Round 2,GC,2005,Fighting,0.13
Backbreaker,PS3,,Sports,0.16
Disney's Atlantis: The Lost Empire,PS,2001,Platform,0.1
Power Pro Kun Pocket,GB,1999,Sports,0
The King of Fighters '97,SAT,1998,Fighting,0
Tamagotchi no Narikiri Challenge,DS,2010,Action,0
Madden NFL 17,X360,2016,Sports,0.14
Jewel Match,DS,2010,Puzzle,0.05
Space Battleship Yamato: Harukanaru Hoshi Iscandar,PS,1999,Strategy,0
Lost in Blue 3,DS,2007,Adventure,0.09
Sound Novel Evolution 1: Otogirisou Sosei-Hen,PS,1999,Adventure,0
Stormrise,PS3,2009,Strategy,0.13
Psi-Ops: The Mindgate Conspiracy,XB,2004,Shooter,0.13
X-Men: The Official Game,X360,2006,Action,0.16
SWAT: Global Strike Team,XB,2003,Shooter,0.13
Horrid Henry: Missions of Mischief,DS,2010,Adventure,0.01
Cabela's Legendary Adventures,PSP,2008,Sports,0.16
Pictionary,DS,2010,Puzzle,0.09
Hitman: HD Trilogy,X360,2013,Action,0.07
MX World Tour Featuring Jamie Little,PS2,2005,Racing,0.08
Goblin Commander: Unleash the Horde,PS2,2003,Strategy,0.08
uDraw Studio: Instant Artist,Wii,2011,Misc,0.06
Hello Kitty: Happy Party Pals,GBA,2005,Misc,0.12
Jikkyou Powerful Pro Baseball 2016,PS4,2016,Sports,0
Backyard NFL Football '09,PS2,2008,Sports,0.08
World Destruction League: Thunder Tanks,PS2,2000,Action,0.08
Tom Clancy's Ghost Recon: Future Soldier,PC,2012,Shooter,0.05
Backyard Baseball '10,PS2,2009,Sports,0.08
Resident Evil Director's Cut: Dual Shock Edition,PS,1997,Action,0
Broken Sword: Shadows of the Templars - The Director's Cut,DS,2009,Adventure,0.07
PlayStation Move Heroes,PS3,2011,Platform,0.08
The King of Fighters '95,PS,1996,Fighting,0
RoadKill,PS2,2003,Action,0.08
Hanjuku Eiyuu Tai 3D,PS2,2003,Role-Playing,0
.hack//G.U. Vol.3//Redemption,PS2,2007,Role-Playing,0
Super Robot Taisen Compact 2 Dai-1-Bu,WS,2000,Strategy,0
Looney Tunes: Back in Action,GC,2003,Platform,0.13
Marvel Super Hero Squad: The Infinity Gauntlet,PS3,2010,Action,0.12
The Chronicles of Narnia: Prince Caspian,PS3,2008,Action,0.14
Tak: The Great Juju Challenge,GBA,2005,Platform,0.12
Yu-Gi-Oh! Zexal World Duel Carnival,3DS,2013,Misc,0
SingStar Motown,PS3,2009,Misc,0
Macross Ultimate Frontier,PSP,2009,Action,0
Top Spin 2,X360,2006,Sports,0.15
Hunter: The Reckoning Redeemer,XB,2003,Action,0.13
Age of Empires III: Complete Collection,PC,2009,Strategy,0.01
Captain America: Super Soldier,X360,2011,Action,0.11
Tokyo Xtreme Racer,DC,1999,Racing,0
Fighter Maker,PS,1998,Fighting,0.05
Danganronpa 2: Goodbye Despair,PSV,2014,Misc,0.08
Thief: Deadly Shadows,XB,2004,Action,0.13
Monkey Island: Special Edition Collection,PC,2011,Adventure,0
MotoGP 10/11,PS3,2011,Racing,0.04
NBA 09: The Inside,PSP,2008,Sports,0.16
Batman Begins,GBA,2005,Action,0.12
Mercury Meltdown Revolution,Wii,2007,Action,0.16
Glover,PS,1999,Platform,0.09
Dragon Ball GT: Game Boy Advance Video Volume 1,GBA,2004,Misc,0.12
Country Dance: All Stars,X360,2012,Action,0.16
Let's TAP,Wii,2008,Misc,0.08
James Cameron's Dark Angel,PS2,,Action,0.08
Mahjong Fight Club,PSP,2004,Misc,0
Turok 3: Shadow of Oblivion,N64,2000,Shooter,0.12
Bomberman 64: The Second Attack!,N64,1999,Adventure,0.05
World Driver Championship,N64,1999,Racing,0.14
The Lord of the Rings: Aragorn's Quest,PS3,2010,Action,0.1
Spawn: Armageddon,XB,2003,Action,0.13
Project X Zone 2: Brave New World,3DS,2015,Role-Playing,0.05
Codename: Kids Next Door: Game Boy Advance Video Volume 1,GBA,2004,Misc,0.12
Pokémon Beach Blank-out Blastoise / Go West Young Meowth Game Boy Advance Video,GBA,2004,Misc,0.12
Major League Baseball 2K9,PS2,2009,Sports,0.08
Gundam Assault Survive,PSP,2010,Action,0
Bee Movie Game,X360,2007,Action,0.16
Luxor 3,Wii,2008,Puzzle,0.16
Disney TH!NK Fast: The Ultimate Trivia Showdown,PS2,2008,Misc,0.08
Jikkyou Powerful Pro Yakyuu 2013,PSP,2013,Sports,0
Fate/Stay Night [Réalta Nua],PS2,2007,Adventure,0
Disney's Home on the Range,GBA,2004,Action,0.12
The Rise of the Argonauts,X360,2008,Role-Playing,0.03
Conception II: Children of the Seven Stars,PSV,2013,Role-Playing,0.1
Deus Ex: Mankind Divided,XOne,2016,Role-Playing,0.09
Space Griffon VF-9,PS,1995,Role-Playing,0.02
Professor Heinz Wolff's Gravity,Wii,2008,Puzzle,0.04
.hack//G.U. Vol.1//Rebirth,PS2,2006,Role-Playing,0
Transformers: Dark of the Moon,Wii,2011,Action,0.09
FaceBreaker,PS3,2008,Fighting,0.13
Star Wars: Battlefront II,PC,2005,Shooter,0.02
Michael Jackson: The Experience 3D,3DS,2011,Misc,0.13
Gyakuten Saiban 3,GBA,2004,Adventure,0
Digimon Story: Cyber Sleuth,PSV,2015,Role-Playing,0
Gallop Racer 2001,PS2,2001,Sports,0.05
Hellboy: The Science of Evil,PS3,2008,Action,0.13
Nightmare Creatures II,PS,2000,Action,0.09
MotoGP 09/10,X360,2010,Racing,0.07
Bratz Kidz,Wii,2008,Misc,0.16
N3 II: Ninety-Nine Nights,X360,2010,Action,0.06
Catwoman,PS2,2004,Action,0.08
Garfield: Lasagna World Tour,PS2,2007,Action,0.08
Teenage Mutant Ninja Turtles: Game Boy Advance Video Volume 1,GBA,2004,Misc,0.12
Bomberman B-Daman,SNES,1996,Shooter,0
Monsters vs. Aliens,X360,2009,Action,0.12
Beat Down: Fists of Vengeance,PS2,2005,Action,0.04
World Destruction League: Thunder Tanks,PS,2000,Action,0.09
Terminator 3: The Redemption,PS2,2004,Shooter,0.08
Reloaded,PS,1996,Action,0.09
Sword of the Samurai,PS2,,Fighting,0
Anarchy Reigns,X360,2012,Action,0.12
SSX On Tour,GC,2005,Sports,0.13
Bladestorm: Nightmare,PS4,2015,Action,0.08
Fairytale Fights,X360,2009,Action,0.14
LEGO Marvel Super Heroes,PC,2013,Action,0.04
Hot Wheels: Beat That!,X360,2007,Racing,0.15
Ashes Cricket 2009,PS3,2009,Sports,0
James Bond 007: Everything or Nothing,GBA,2003,Shooter,0.12
Naruto Shippuden: Ultimate Ninja 5,PS2,2007,Fighting,0
Shrek Extra Large,GC,2002,Platform,0.13
Final Fantasy V,PS,1998,Role-Playing,0
World Tour Soccer 2006,PS2,2004,Sports,0.08
Gunvalkyrie,XB,2002,Shooter,0.13
Camp Rock: The Final Jam,DS,2010,Misc,0.14
NickToons: Racing,PS,2001,Racing,0.09
Jillian Michaels Fitness Ultimatum 2011,Wii,2010,Sports,0.16
VR Golf '97,PS,1996,Sports,0.09
State of Emergency,XB,2003,Action,0.13
Off-World Interceptor Extreme,PS,1995,Racing,0.09
Sumikko Gurashi: Koko ga Ochitsukundesu,3DS,2014,Action,0
Disney Golf,PS2,2002,Sports,0.07
The Naked Brothers Band: The Video Game,PS2,2008,Misc,0.08
Fuzion Frenzy 2,X360,2007,Misc,0.14
Demon Gaze,PSV,2013,Role-Playing,0.04
Clock Tower II: The Struggle Within,PS,1998,Adventure,0.02
Batman Beyond: Return of the Joker,PS,2000,Action,0.09
My French Coach,DS,2007,Misc,0.14
Backyard NFL Football '10,Wii,2009,Sports,0.16
CSI: Fatal Conspiracy,X360,2010,Adventure,0.11
Mega Man Network Transmission,GC,2003,Platform,0.13
Densetsu no Stafi 4,DS,2006,Platform,0
Shin Megami Tensei: Devil Summoner 2 - Raidou Kuzunoha vs. King Abaddon (JP sales),PS2,2008,Role-Playing,0
Fairytale Fights,PS3,2009,Action,0.11
How to Train Your Dragon 2,X360,2014,Adventure,0.05
Tokimeki Memorial: Private Collection,PS,1996,Misc,0
Magical Starsign (US sales),DS,2006,Role-Playing,0.14
RC Revenge Pro,PS2,2000,Racing,0.08
G-Force,X360,2009,Action,0.11
Surf's Up,Wii,2007,Sports,0.15
Buzz! Brain of the UK,PS3,2009,Misc,0
Backyard Wrestling: Don't Try This at Home,XB,2003,Fighting,0.13
Gauntlet: Dark Legacy,XB,2002,Action,0.13
Far East of Eden II: Manji Maru,PS2,2003,Role-Playing,0
Time and Eternity,PS3,2012,Role-Playing,0.06
Lost Kingdoms,GC,2002,Role-Playing,0.1
Brunswick Cosmic Bowling,Wii,2010,Sports,0.16
Pursuit Force: Extreme Justice,PSP,2007,Action,0.07
Disney Sing It: Family Hits,PS3,2010,Misc,0.11
Matchbox Cross Town Heroes,GBA,2002,Racing,0.12
The Cursed Crusade,PS3,2011,Action,0.07
Ridge Racer Unbounded,PS3,2012,Racing,0.05
Wolfenstein 3D,GBA,2002,Shooter,0.12
Nobunaga no Yabou: Tenshoki,SNES,1996,Strategy,0
NHL 07,PSP,2006,Sports,0.13
I'm A Celebrity: Get Me Out of Here!,Wii,2009,Misc,0
Dementium: The Ward,DS,2007,Shooter,0.15
Mobile Suit Gundam: Extreme VS Force,PSV,2015,Action,0
Dragon Quest X,3DS,2014,Role-Playing,0
Learning to Spell,DS,2010,Misc,0.16
TRON: Evolution,DS,2010,Action,0.11
Sudoku Gridmaster,DS,2006,Puzzle,0.13
NASCAR '14,X360,2014,Racing,0.15
Super Power League,SNES,1993,Sports,0
Bakugan Battle Brawlers: Defenders of the Core,PS3,2010,Action,0.14
Green Lantern: Rise of the Manhunters,PS3,2011,Action,0.09
Street Fighter Alpha 2,SNES,1996,Fighting,0
25 to Life,XB,2006,Shooter,0.12
Squeeballs Party,DS,2009,Puzzle,0.15
Naval Assault: The Killing Tide,X360,2010,Simulation,0.08
NASCAR '15,X360,2015,Sports,0.15
NCAA Basketball 09,PS3,2008,Sports,0.15
Sega Superstars,PS2,2004,Misc,0.08
MLB 11: The Show,PSP,2011,Sports,0.15
Bomberman Land,Wii,2007,Misc,0.11
Ringling Bros. and Barnum & Bailey: Circus Friends,DS,2009,Action,0.15
Midway Arcade Treasures,GC,2003,Misc,0.13
Leisure Suit Larry: Magna Cum Laude,XB,2004,Adventure,0.12
Mousetrap / Operation / Simon,GBA,2005,Misc,0.12
Pac-Man World 3,DS,2005,Platform,0.15
Shawn Johnson Gymnastics,Wii,2010,Sports,0.16
NBA 09: The Inside,PS2,2008,Sports,0.08
One Piece: Pirate Warriors 3,PSV,2015,Action,0
Jikkyou Powerful Pro Yakyuu 2014,PS3,2014,Sports,0
Resident Evil,SAT,1997,Action,0
TOEIC Test Training DS,DS,2007,Misc,0
Itoi Shigesato no Bass Tsuri No. 1,SNES,1997,Sports,0
ZhuZhu Puppies,DS,2011,Simulation,0.12
Cubivore: Survival of the Fittest,GC,2002,Adventure,0.01
7th Dragon III Code: VFD,3DS,2015,Role-Playing,0.04
FlatOut,XB,2004,Racing,0.12
Chaotic: Shadow Warriors,PS3,2009,Action,0.15
Mr. Do!'s Castle,2600,1983,Action,0.15
Death Trap,2600,1982,Action,0.15
Armor Ambush,2600,1981,Action,0.15
Parodius,SAT,1995,Shooter,0
Easy Piano,DS,2009,Misc,0.04
Blood Bowl,X360,2009,Sports,0.13
Taz Wanted,PS2,2002,Platform,0.08
Far Cry: Primal,PC,2016,Action,0.04
Sid Meier's Civilization IV,PC,2005,Strategy,0.02
Zoo Keeper,DS,2004,Puzzle,0.1
Phantasy Star Online 2,PSV,2013,Role-Playing,0
Vehicular Combat League presents Motor Mayhem,PS2,2001,Racing,0.08
Chuck E. Cheese's Party Games,Wii,2010,Misc,0.15
Pursuit Force,PSP,2005,Racing,0.14
PoPoLoCrois: Hajimari no Bouken,PS2,2002,Role-Playing,0
Star Wars: Super Bombad Racing,PS2,2001,Racing,0.08
TransFormers Animated: The Game,DS,2008,Action,0.15
Hamster Heroes,Wii,2008,Puzzle,0.16
Hot Wheels Velocity X,GBA,2002,Racing,0.12
Driver: San Francisco,Wii,2011,Racing,0.06
Alien Resurrection,PS,2000,Shooter,0.09
World Tour Soccer 2005,PS2,2004,Sports,0.08
Disney Friends,DS,2007,Simulation,0.12
ESPN College Hoops,PS2,2003,Sports,0.08
Dengeki Bunko Fighting Climax,PS3,2014,Fighting,0.05
F1 Championship Season 2000,PS2,2000,Racing,0.06
Leisure Suit Larry: Box Office Bust,X360,2009,Adventure,0.14
Pen 1 Grand Prix: Penguin no Mondai Special,DS,2009,Fighting,0
Robotech: Battlecry,GC,2002,Shooter,0.13
Zapper: One Wicked Cricket!,PS2,2002,Platform,0.08
Bomberman Land,PS,2000,Misc,0
Clash of the Titans,X360,2010,Action,0.08
Pro Evolution Soccer 2014,PSP,2013,Action,0
Paws & Claws: Pet Resort,GBA,2006,Simulation,0.12
Kya: Dark Lineage,PS2,2003,Adventure,0.08
Mirror's Edge Catalyst,XOne,2016,Platform,0.09
Curious George,GBA,2006,Action,0.12
Stronghold 3,PC,2011,Strategy,0.06
Lethal Skies II,PS2,2003,Simulation,0.08
F1 2011,3DS,2011,Racing,0.07
Kamaitachi no Yoru × 3,PS2,2006,Adventure,0
Guilty Gear Judgment,PSP,2006,Fighting,0.13
Tom and Jerry: Infurnal Escape,GBA,2003,Action,0.12
NCAA Football 09 All-Play,Wii,2008,Sports,0.15
Splatterhouse,PS3,,Action,0.13
The Legend of Heroes VII: The Trail of Zero,PSP,2010,Role-Playing,0
Doctor Lautrec and the Forgotten Knights,3DS,2011,Adventure,0.07
King's Field,PS,1995,Role-Playing,0.09
Let's Ride: Sunshine Stables,GBA,2005,Sports,0.12
World Stadium 4,PS,2000,Sports,0
Disney's American Dragon Jake Long: Attack of the Dark Dragon,DS,2006,Action,0.15
Midway Arcade Treasures 2,GC,2004,Misc,0.13
Hot Wheels World Race,GC,2003,Racing,0.13
San Goku Shi Taisen DS,DS,2007,Strategy,0
Monster Jam,Wii,2007,Racing,0.15
Kawa no Nushi Tsuri,PS,1998,Sports,0
Castlevania Judgment,Wii,2008,Fighting,0.12
Magic: The Gathering - Battlegrounds,XB,2003,Strategy,0.12
N2O: Nitrous Oxide,PS,1998,Racing,0.09
Dancing With The Stars,PS2,2007,Misc,0.08
Apache: Air Assault,X360,2010,Simulation,0.12
Aliens: Infestation,DS,2011,Action,0.09
Return to PopoloCrois: A Story of Seasons Fairytale,3DS,2015,Simulation,0.05
Angry Birds Trilogy,PS3,2012,Action,0.12
Otogirisou,SNES,1992,Adventure,0
SD Gundam G Generation 3D,3DS,2011,Role-Playing,0
Crash Tag Team Racing,GC,2005,Racing,0.12
El Shaddai: Ascension of the Metatron,X360,2011,Action,0.07
NPPL: Championship Paintball 2009,PS3,2008,Shooter,0.15
True Swing Golf,DS,2005,Sports,0.11
TimeSplitters: Future Perfect,XB,2005,Shooter,0.12
Hannah Montana: Rock Out the Show,PSP,2009,Misc,0.13
Zoo Hospital,Wii,2008,Simulation,0.14
Family Feud Decades,Wii,2010,Misc,0.15
Midway Arcade Treasures 3,PS2,2005,Misc,0.08
Goosebumps HorrorLand,Wii,2008,Adventure,0.15
Dr. Muto,PS2,2002,Platform,0.08
Thrillville: Off the Rails,X360,2007,Strategy,0.13
DS Rakubiki Jiten,DS,2005,Misc,0
SeaWorld Adventure Parks: Shamu's Deep Sea Adventure,PS2,2005,Adventure,0.08
Fatal Frame II: Crimson Butterfly,PS2,2003,Action,0.08
Murdered: Soul Suspect,XOne,2014,Action,0.08
Shadow Man: 2econd Coming,PS2,2002,Adventure,0.08
Yu-Gi-Oh! 5D's Tag Force 6,PSP,2011,Strategy,0
Dynasty Warriors 4,XB,2003,Action,0.12
Warriors Orochi 3,X360,2011,Action,0.09
Wakeboarding Unleashed Featuring Shaun Murray,PS2,2003,Sports,0.08
The Incredibles: Rise of the Underminer,GC,2005,Action,0.12
Beowulf: The Game,PS3,2007,Action,0.14
Dewy's Adventure,Wii,2007,Platform,0.14
Jikkyou Powerful Pro Yakyuu 3 '97 Haru,SNES,1997,Sports,0
Alone in the Dark: The New Nightmare,PS,,Adventure,0.09
The BIGS,PS3,2007,Sports,0.15
Fracture,PS3,2008,Shooter,0.11
Flushed Away,GC,2006,Platform,0.12
NBA Live 08,Wii,2007,Sports,0.14
Summon Night EX-Thesis: Yoake no Tsubasa,PS2,2005,Role-Playing,0
Hyperdimension Neptunia Victory,PS3,2012,Role-Playing,0.05
Pro Yaky? Spirits 3,PS2,2006,Sports,0
Silent Scope 3,PS2,2002,Shooter,0.08
NASCAR Heat 2002,GBA,2002,Racing,0.12
Marble Saga: Kororinpa,Wii,2009,Puzzle,0.09
Namco Classic Fighter Collection,PS2,2008,Fighting,0.08
International Superstar Soccer Deluxe,SNES,1995,Sports,0
Family Game Night 4: The Game Show,Wii,2011,Misc,0.12
Intellivision Lives!,PS2,2003,Misc,0.08
Robots,GC,2005,Action,0.12
WRC 2: FIA World Rally Championship,PS3,2011,Racing,0
The King of Fighters XII,PS3,2009,Fighting,0.11
Tak: Mojo Mistake,DS,2008,Action,0.15
Lego Star Wars: The Force Awakens,PS3,2016,Action,0.04
Dungeon Siege: Throne of Agony,PSP,2006,Role-Playing,0.13
Rio,DS,2011,Misc,0.12
SimEarth: The Living Planet,SNES,1991,Simulation,0
Finding Nemo: Escape to the Big Blue,DS,2006,Action,0.12
Sengoku Basara: Chronicle Heroes,PSP,2011,Action,0
Grease Dance,X360,2011,Misc,0.11
Culdcept SAGA,X360,2006,Role-Playing,0.12
The Wild Thornberrys: Chimp Chase,GBA,2001,Action,0.11
Power Stakes,PS,1997,Sports,0
World Series of Poker: Tournament of Champions 2007 Edition,X360,2006,Misc,0.15
Tom and Jerry in Fists of Furry,N64,2000,Fighting,0.13
Hydro Thunder,N64,2000,Racing,0.13
Destruction Derby 64,N64,1999,Racing,0.13
Space Invaders,N64,1999,Shooter,0.13
Starcraft 64,N64,2000,Strategy,0.13
Buck Bumble,N64,1998,Action,0.13
California Speed,N64,1999,Misc,0.13
Wonder Project J2: Koruro no Mori no Josette,N64,1996,Simulation,0
Asteroids Hyper 64,N64,1999,Shooter,0.13
The Powerpuff Girls: Chemical X-Traction,N64,2001,Action,0.13
Fighters Destiny,N64,1998,Fighting,0.13
Jikkyou Powerful Pro Yakyuu Basic-han 2001,N64,2001,Sports,0
The Crew,PC,2014,Racing,0
Ready 2 Rumble Revolution,Wii,2009,Sports,0.15
Create,PS3,2010,Action,0.11
Minna no DS Seminar: Kanpeki Kanji Ryoku,DS,2006,Misc,0
Macross Ace Frontier,PSP,2008,Simulation,0
Black & Bruised,PS2,2003,Fighting,0.08
Eragon,DS,2006,Action,0.13
TimeShift,PS3,2007,Shooter,0.14
.hack//G.U. Vol.2//Reminisce (jp sales),PS2,2006,Role-Playing,0
Rapala Pro Fishing,XB,2004,Sports,0.12
Spyro: Shadow Legacy,DS,2005,Action,0.14
Just Dance: Disney Party,X360,2012,Misc,0.13
The Sims 3: Seasons,PC,2012,Simulation,0
Our House,DS,2009,Strategy,0.15
Bakugan Battle Brawlers: Defenders of the Core,Wii,2010,Action,0.14
Guilty Gear Xrd: Sign,PS4,2014,Fighting,0.1
Sid Meier's Pirates!,Wii,2010,Strategy,0.13
Scarface: Money. Power. Respect.,PSP,2006,Strategy,0.15
Angry Birds Star Wars,XOne,2013,Strategy,0.11
Ghost in the Shell: Stand Alone Complex,PS2,2004,Adventure,0.08
Blitz: The League,X360,2006,Sports,0.15
Battle Soccer: Field no Hasha,SNES,1992,Sports,0
Yakuza Kiwami,PS4,2016,Adventure,0
NBA 2K12,PC,2011,Sports,0.09
Take A Break's: Puzzle Master,DS,2009,Puzzle,0
Ener-G: Dance Squad,DS,2008,Sports,0.15
Rudolph the Red-Nosed Reindeer,Wii,2010,Action,0.15
FlatOut 2,PS2,2006,Racing,0.08
Naruto: Ultimate Ninja Heroes 2 - The Phantom Fortress,PSP,2006,Fighting,0.14
Despicable Me: The Game,PSP,2010,Platform,0.05
FIFA Soccer 96,PS,1995,Sports,0.09
NCAA Final Four 2001,PS,2000,Sports,0.09
Heroes over Europe,PS3,2009,Simulation,0.12
J-League Jikkyou Winning Eleven 2000,PS,2000,Sports,0
Eve: The Lost One,SAT,1998,Adventure,0
TNA iMPACT!,Wii,2008,Fighting,0.14
Konami Krazy Racers,GBA,2001,Racing,0.09
BioShock The Collection,XOne,2016,Shooter,0.08
Watchmen: The End is Nigh - The Complete Experience,PS3,2009,Action,0.08
Solitaire Overload Plus,DS,2010,Misc,0.15
Saturday Night Slam Masters,SNES,1994,Fighting,0
F-Zero: GP Legend,GBA,2003,Racing,0.11
Racing Lagoon,PS,1999,Racing,0
Vegas Party,Wii,,Misc,0.15
Mr. Driller 2,GBA,2001,Puzzle,0
Klonoa,Wii,2008,Platform,0.1
Bulletstorm,PC,2011,Shooter,0.07
Putty Squad,PS4,2013,Platform,0.06
J-League Pro Soccer Club o Tsukurou! 6: Pride of J,PSP,2009,Sports,0
Burger Island,DS,2008,Action,0.15
The Walking Dead: Season One,XOne,2014,Adventure,0.08
Field Commander,PSP,2006,Strategy,0.14
Left Brain Right Brain: Use Both Hands Train Both Sides,DS,2007,Misc,0.15
Around the World in 80 Days,DS,2010,Action,0
"BCFX: The Black College Football Xperience, The Doug Williams Edition",X360,2009,Sports,0.15
Custom Robo Arena,DS,2006,Fighting,0.01
Ar Nosurge: Ode to an Unborn Star,PS3,2014,Role-Playing,0.05
Power Rangers Double Pack,GBA,2005,Action,0.11
Imagine: Ice Champions,DS,2007,Sports,0.15
Pachi-Slot Kanzen Kouryaku 3: Universal Koushiki Gaido Volume 3,PS,1998,Misc,0
FIFA Soccer 97,PS,1996,Sports,0.09
Transformer: Rise of the Dark Spark,X360,2014,Action,0.09
Shaun White Skateboarding,X360,2010,Sports,0.1
Dragon Ball: Origins 2,DS,2010,Action,0.05
Psychic Force,PS,1996,Fighting,0.01
Trigger Man,PS2,2004,Shooter,0.08
StarBlade α,PS,1995,Shooter,0
Kidou Senshi Gundam: Giren no Yabou - Axis no Kyoui,PSP,2008,Strategy,0
Wildstar,PC,2014,Role-Playing,0.08
Family Party: 30 Great Games Outdoor Fun,Wii,2009,Misc,0.14
Tiger Woods PGA Tour 2004,GC,2003,Sports,0.12
Rudolph the Red-Nosed Reindeer,DS,2010,Action,0.15
Spider-Man: Web of Shadows - Amazing Allies Edition,PSP,2008,Action,0.12
Culdcept,3DS,2012,Misc,0
Amped 3,X360,2005,Sports,0.13
MX 2002 Featuring Ricky Carmichael,GBA,2001,Racing,0.11
Innocent Life: A Futuristic Harvest Moon,PSP,2006,Simulation,0.08
Halo Triple Pack,XB,2005,Shooter,0.12
Street Racer,PS,1996,Racing,0.09
Bomberman Land Touch! 2,DS,2007,Puzzle,0.13
NBA 2K3,GC,2002,Sports,0.12
Harvest Moon: The Lost Valley,3DS,2014,Simulation,0.13
NHL 2005,XB,2004,Sports,0.12
Arcana Heart,PS2,2007,Fighting,0.06
World Soccer Winning Eleven 2010: Aoki Samurai no Chousen,PSP,2010,Sports,0
Battlestar Galactica,PS2,2003,Shooter,0.08
Time Hollow,DS,2008,Adventure,0.03
Medieval Games,Wii,2009,Action,0.14
Kingdom Hearts: Birth by Sleep - Final Mix,PSP,2011,Role-Playing,0
Tak and the Guardians of Gross,Wii,2008,Action,0.14
Yu-Gi-Oh! 5D's: Duel Transer,Wii,2010,Strategy,0.11
Jurassic Park: The Game,X360,,Action,0.15
Toriko: Gourmet Monsters!,3DS,2012,Role-Playing,0
Akiba's Trip: Undead & Undressed,PSV,2013,Action,0.04
The Incredible Hulk: The Pantheon Saga,PS,1996,Action,0.09
The Idolm@ster 2,PS3,2011,Misc,0
Monster House,DS,2006,Adventure,0.14
Dynasty Warriors 8: Xtreme Legends,PS3,2013,Action,0.02
Godzilla Unleashed,Wii,2007,Fighting,0.14
AC/DC LIVE: Rock Band Track Pack,PS2,2008,Misc,0.08
Senran Kagura: Sh?jo-tachi no Shinei,3DS,2011,Action,0
Ener-G Horse Riders,DS,2008,Sports,0.14
He-Man: Power of Grayskull,GBA,2002,Action,0.11
Sherlock Holmes vs. Jack the Ripper,X360,2009,Adventure,0.11
Sniper: Ghost Warrior,PC,2010,Shooter,0
Rondo of Swords (US sales),DS,2007,Role-Playing,0.16
Polaris SnoCross,PS,2000,Racing,0.09
Wing Commander III: Heart of the Tiger,PS,1996,Action,0.09
Imagine: Music Fest,DS,2009,Simulation,0.14
Mat Hoffman's Pro BMX 2,GBA,2002,Sports,0.11
Fist of the North Star: Ken's Rage,X360,2010,Action,0.07
Chaotic: Shadow Warriors,X360,2009,Action,0.14
Muppet RaceMania,PS,1999,Racing,0.09
Namco Museum Vol.5,PS,1996,Misc,0.02
Courier Crisis,PS,1997,Racing,0.09
Digimon Battle Spirit 2,GBA,2003,Fighting,0.11
Winning Post 3,PS,1998,Racing,0
Just Sing!,DS,2009,Misc,0.14
Driven,PS2,2001,Racing,0.08
James Noir's Hollywood Crimes,3DS,2011,Adventure,0.07
"Warhammer 40,000: Fire Warrior",PS2,2003,Shooter,0.08
All-Pro Football 2K8,PS3,2007,Sports,0.14
Lufia: Curse of the Sinistrals,DS,2010,Role-Playing,0.11
MTV Music Generator 2,PS2,2001,Misc,0.08
Mugen Souls,PS3,2012,Role-Playing,0.04
Ultimate Spider-Man,DS,2005,Action,0.14
Major League Baseball 2K13,PS3,2013,Sports,0.14
Saw II: Flesh & Blood,X360,2010,Action,0.1
Burnout 2: Point of Impact,GC,2003,Racing,0.12
Paris-Dakar Rally,PS2,2001,Racing,0.08
Bakugan Battle Brawlers: Defenders of the Core,PSP,2010,Action,0.09
MotionSports: Adrenaline,PS3,2011,Sports,0.08
Atelier Iris: Eternal Mana,PS2,2004,Role-Playing,0.08
Blinx 2: Masters of Time & Space,XB,2004,Platform,0.12
F.E.A.R. 3,PC,2011,Shooter,0.04
Chessmaster: The Art of Learning,DS,2007,Misc,0.12
My Baby 3 & Friends,DS,2010,Simulation,0.12
Tak: The Great Juju Challenge,GC,2005,Platform,0.12
Fantasia: Music Evolved,XOne,2014,Misc,0.11
Dragon Ball Z: Harukanaru Densetsu (JP sales),DS,2007,Role-Playing,0
Knockout Kings 2003,GC,2002,Sports,0.12
Bomberman,PSP,2006,Puzzle,0.14
NCAA Football 2004,GC,2003,Sports,0.12
XGIII: Extreme G Racing,GC,2001,Racing,0.12
Digimon World 4,PS2,2005,Role-Playing,0.08
Stormrise,X360,2009,Strategy,0.11
Scripps Spelling Bee,DS,2010,Simulation,0.14
Major League Baseball 2K11,Wii,2011,Sports,0.14
"Go, Diego, Go! Safari Rescue",DS,2007,Adventure,0.14
Disney's Story Studio: Disney's Mulan,PS,1999,Misc,0.09
Pressure Cooker,2600,1982,Action,0.14
Home Run,2600,,Sports,0.14
Klax,2600,1989,Puzzle,0.14
Saturn Bomberman,SAT,1996,Puzzle,0
The Godfather: Blackhand Edition,Wii,2007,Adventure,0.14
Wolfenstein: The Old Blood,XOne,2015,Action,0.07
Jikkyou Powerful Pro Yakyuu Portable,PSP,2006,Sports,0
Dragon's Lair Trilogy,Wii,2010,Adventure,0.14
Naruto: Powerful Shippuden,3DS,2012,Platform,0.08
American Chopper,XB,2004,Racing,0.11
The Adventures of Tintin: The Game,3DS,2011,Action,0.05
Dynasty Warriors 8,X360,2013,Action,0.09
Bust-A-Move Bash!,Wii,2007,Puzzle,0.13
Kingdom Under Fire: Heroes,XB,2005,Strategy,0.11
Cartoon Network Collection: Game Boy Advance Video Special Edition,GBA,2005,Misc,0.11
The Terminator: Dawn of Fate,XB,2002,Action,0.11
Infected,PSP,2005,Shooter,0.14
Doctor Who: Evacuation Earth,DS,2010,Adventure,0
Birds of Steel,X360,2012,Simulation,0.11
Cars: Race-O-Rama,X360,2009,Racing,0.14
Scooby-Doo! Unmasked,GC,2005,Platform,0.12
Theatrhythm Dragon Quest,3DS,2015,Misc,0
Streak: Hoverboard Racing,PS,1998,Racing,0.09
NBA Street Homecourt,PS3,2007,Sports,0.12
Darksiders II,PC,2012,Action,0.03
Enthusia Professional Racing,PS2,2005,Racing,0.07
DiRT 3,PC,2011,Racing,0
NCAA GameBreaker 2001,PS2,2000,Sports,0.07
Disgaea 4: A Promise Unforgotten,PSV,2014,Role-Playing,0.03
Get On Da Mic,PS2,2004,Misc,0.07
Darksiders II,WiiU,2012,Action,0.07
Gunslingers,Wii,2010,Shooter,0.07
Army Men: Sarge's War,GC,2004,Shooter,0.12
Amagami,PSP,2011,Adventure,0
Jikkyou Powerful Pro Yakyuu 2009,PS2,2009,Sports,0
Block Party,Wii,2008,Misc,0.14
Little League World Series Baseball 2009,Wii,2009,Sports,0.14
Kidou Senkan Nadesico,SAT,1997,Strategy,0
Blitz: The League II,PS3,2008,Sports,0.11
Arcade Zone,Wii,2009,Misc,0.14
Project Sylpheed: Arc of Deception,X360,2006,Shooter,0.12
Bigfoot: Collision Course,DS,2009,Racing,0.14
Frogger's Adventures: The Rescue,GC,2003,Platform,0.12
NHL 2K10,PS3,2009,Sports,0.13
Family Party: Fitness Fun,Wii,2010,Sports,0.14
The Secret Saturdays: Beasts of the 5th Sun,PS2,2009,Action,0.05
Michael Jackson: The Experience,PSP,2010,Misc,0.11
MLB Power Pros 2008,PS2,2008,Sports,0.05
Sonny with a Chance,DS,2010,Action,0.12
The Fairly Odd Parents: Clash with the Anti-World,GBA,2005,Adventure,0.11
WordJong,DS,2007,Puzzle,0.13
Tears to Tiara II: Heir of the Overlord,PS3,2013,Role-Playing,0.07
Puzzle Quest: Galactrix,DS,2009,Puzzle,0.14
The Amazing Spider-Man (Console Version),Wii,2012,Action,0.1
de Blob 2,X360,2011,Platform,0.1
Disney's The Lion King: Simba's Mighty Adventure,PS,2000,Action,0.08
Gundam Breaker 2,PSV,2014,Action,0
Major League Baseball 2K10,DS,2010,Sports,0.14
Samurai Warriors: Katana,Wii,2007,Action,0.11
NBA 09: The Inside,PS3,2008,Sports,0.14
Jikkyou Powerful Pro Yakyuu 2012,PSP,2012,Action,0
Kingdom of Paradise,PSP,2005,Role-Playing,0.14
All Japan Pro Wrestling featuring Virtua,SAT,1997,Fighting,0
Naruto Shippuden: Legends: Akatsuki Rising,PSP,2009,Fighting,0.14
Marvel Super Hero Squad: The Infinity Gauntlet,X360,2010,Action,0.12
Rudra no Hihou,SNES,1996,Role-Playing,0
Bleach: Dark Souls,DS,2007,Fighting,0.12
Hot Wheels: Battle Force 5,DS,2009,Racing,0.12
Prince of Persia: The Sands of Time,GBA,2003,Action,0.11
Zoids: Battle Legends,GC,2003,Action,0.12
Ice Age 2: The Meltdown,DS,2006,Platform,0.13
Prince of Persia: The Forgotten Sands,DS,2010,Action,0.14
World Series Baseball 2K3,XB,2003,Sports,0.11
Tokyo Xanadu,PSV,2015,Role-Playing,0
Serious Sam,XB,2002,Shooter,0.11
Bomberman,DS,2005,Puzzle,0.1
Kowloon's Gate,PS,1997,Adventure,0
Killer7,GC,2005,Action,0.12
Super Monkey Ball Adventure,GC,2006,Platform,0.12
FIFA Soccer 2002,PS,2001,Sports,0.08
Street Fighter Anniversary Collection,XB,2004,Fighting,0.11
3rd Super Robot Wars Z: Tengoku-Hen,PS3,2015,Action,0
Suzumiya Haruhi no Yakusoku,PSP,2007,Adventure,0
Shadow Ops: Red Mercury,XB,2004,Shooter,0.11
Indigo Prophecy,PS2,2005,Adventure,0.07
FIFA 06: Road to FIFA World Cup,X360,2005,Sports,0.11
World League Soccer,SNES,1991,Sports,0
NBA ShootOut 2001,PS2,2001,Sports,0.07
Final Fantasy XI: Vana'diel Collection 2008,X360,2007,Role-Playing,0.13
Farm Frenzy: Animal Country,DS,2009,Simulation,0.13
We Sing UK Hits,Wii,2011,Misc,0
Samurai Shodown Anthology,PS2,2008,Fighting,0.07
Musashi: Samurai Legend,PS2,2005,Role-Playing,0.07
Build-A-Bear Workshop: Welcome to Hugsville,DS,2010,Misc,0.14
LEGO The Hobbit,PSV,2014,Action,0.02
The Oregon Trail,Wii,2011,Simulation,0.14
Oreshika: Tainted Bloodlines,PSV,2014,Role-Playing,0
Pokémon: Johto Photo Finish: Game Boy Advance Video,GBA,2004,Misc,0.11
Adventure Time: Explore the Dungeon Because I Don't Know!,3DS,2013,Action,0.1
F1 2001,PS2,2001,Racing,0.07
Darksiders,PC,2010,Action,0.07
J-League Victory Goal,SAT,1995,Sports,0
Top Gun: Combat Zones,GC,2002,Simulation,0.12
Countdown: The Game,DS,2009,Puzzle,0
Spongebob Squarepants / Fairly Odd Parents Double Pack,GBA,2005,Action,0.11
Pro Baseball Spirits 2015,PS3,2015,Action,0
NHL 09,PS2,2008,Sports,0.07
History Civil War: Secret Missions,PS2,2008,Shooter,0.07
Fantastic Four: Rise of the Silver Surfer,PS3,2007,Action,0.12
Dark Rift,N64,1997,Fighting,0.12
Derby Stallion 64,N64,2001,Sports,0
Doraemon 3: Nobi Dai no Machi SOS!,N64,2000,Platform,0
Space Station Silicon Valley,N64,1997,Adventure,0.12
All-Star Baseball 2003,GC,2002,Sports,0.12
Burger Island,Wii,2009,Action,0.14
Cake Mania: In The Mix!,Wii,2008,Puzzle,0.14
T'ai Fu: Wrath of the Tiger,PS,1998,Action,0.08
Rocky,XB,2002,Fighting,0.11
Ford Racing 2,XB,2003,Racing,0.11
Kids Learn Math: A+ Edition,DS,2011,Misc,0.14
Rock Band: Metal Track Pack,X360,2009,Misc,0.14
Megamind: Ultimate Showdown,PS3,2010,Action,0.07
Space Invaders Extreme,DS,2008,Shooter,0.12
Tetris Attack,SNES,1995,Puzzle,0
Thor: God of Thunder,Wii,2011,Action,0.1
Petz: Dogz Talent Show,DS,2009,Simulation,0.14
BloodRayne 2,XB,2004,Shooter,0.11
Jaws Unleashed,XB,2006,Action,0.11
Pro Yaky? Spirits 6,PS3,2009,Sports,0
Star Trek: Voyager Elite Force,PS2,2001,Shooter,0.07
X-Men: The Official Game,GC,2006,Action,0.12
The Sims Medieval: Pirates and Nobles,PC,2011,Simulation,0.05
Warriors Orochi 3,PS4,2014,Action,0.04
Brain Boost: Gamma Wave,DS,2005,Puzzle,0.14
Chessmaster II,PS,1998,Strategy,0.08
All-Star Baseball 2003,GBA,2002,Sports,0.11
Major League Baseball 2K12,Wii,2012,Sports,0.14
Scooby-Doo! Mystery Mayhem,XB,2004,Action,0.11
Winning Post 4,PS,1999,Sports,0
Castlevania: Lords of Shadow - Mirror of Fate,3DS,2013,Action,0.04
187: Ride or Die,PS2,2005,Racing,0.07
Dishonored,XOne,2015,Action,0.09
Curious George,GC,2006,Action,0.11
Strawberry Shortcake: Game Boy Advance Video Volume 1,GBA,2004,Misc,0.11
Battleborn,XOne,2016,Shooter,0.1
eJay Clubworld,PS2,,Misc,0.07
Geist,GC,2005,Adventure,0.11
The King of Fighters XIV,PS4,2016,Fighting,0.07
Cardinal Syn,PS,1998,Fighting,0.08
Sword Art Online: Hollow Realization,PSV,2016,Role-Playing,0
The Incredibles: Rise of the Underminer,DS,2005,Action,0.13
Deadly Premonition,PS3,2010,Action,0.08
Street Fighter Alpha 3,GBA,2002,Fighting,0.11
Mobile Suit Gundam Side Story III: Sabakareshi Mono,SAT,1997,Shooter,0
Super Street Fighter II,GEN,1993,Fighting,0
Deponia,PC,2012,Adventure,0
Metal Gear Solid: Peace Walker HD Edition,PS3,2011,Action,0
Battle Stadium D.O.N,PS2,2006,Fighting,0
Ridge Racer DS,DS,2004,Racing,0.14
High Velocity Bowling,PS3,2010,Sports,0.13
LEGO Harry Potter Collection,PS4,2016,Action,0.01
The Quest Trio,DS,2008,Puzzle,0.13
No.1 Muscle Ranking - Kinniku Banzuke Vol. 2: Aratanarugenkai Enochousen!,PS,2000,Sports,0
Brain Boost: Beta Wave,DS,2005,Puzzle,0.14
Power Pro Kun Pocket 9,DS,2006,Sports,0
Shenmue II,DC,2001,Adventure,0
Armored Core: For Answer,X360,2008,Simulation,0.06
Sumikko Gurashi: Omise Hajimerundesu,3DS,2015,Action,0
Major League Baseball 2K8,PS2,2008,Sports,0.07
Capcom Classics Collection,XB,2005,Misc,0.11
Fugitive Hunter: War on Terror,PS2,2003,Shooter,0.07
The Incredible Hulk: Ultimate Destruction,GC,2005,Action,0.11
Candace Kane's Candy Factory,Wii,2008,Action,0.14
Prince of Persia: The Two Thrones,GC,2005,Action,0.11
Blazing Angels 2: Secret Missions of WWII,PS3,2007,Simulation,0.1
Ore no Imouto ga Konna ni Kawaii wake ga Nai Portable,PSP,2011,Adventure,0
Pac-Man World 3,XB,2005,Platform,0.11
SNK Arcade Classics Vol. 1,PSP,2008,Misc,0.13
Phantasy Star Online Episode I & II,XB,2003,Role-Playing,0.11
All-Star Baseball 2005,XB,,Sports,0.11
The Legend of Heroes: Trails of Cold Steel II,PS3,2014,Role-Playing,0.02
Sam & Max: Season One,Wii,2008,Adventure,0.13
Backyard Sports: Sandlot Sluggers,Wii,2010,Sports,0.14
Batman Begins,GC,2005,Action,0.11
Yakuza: Ishin,PS4,2014,Action,0
Nancy Drew: The White Wolf of Icicle Creek,Wii,2008,Adventure,0.14
Toy Story Racer,PS,2001,Racing,0.08
Disney's Donald Duck: Goin' Quackers,PS,2000,Platform,0.08
Mobile Suit Gundam: Perfect One Year War,PS,1997,Strategy,0
Galerians,PS,1999,Adventure,0.08
Ys: The Oath in Felghana,PSP,2010,Role-Playing,0.09
Crash: Twinsanity,XB,2004,Platform,0.11
We Dance,Wii,2011,Misc,0
Space Camp,DS,2009,Action,0.14
DrumMania,PS2,2000,Simulation,0
Hoppechan: Tsukutte! Asonde! Punipuni Town!!,3DS,2013,Action,0
Yu-Gi-Oh! Nightmare Troubadour (US sales),DS,2005,Action,0.15
SpongeBob's Truth or Square,DS,2009,Action,0.07
Tamagotchi no Narikiri Channel,DS,2009,Role-Playing,0
Arena Football,XB,2006,Sports,0.11
Power Pro Kun Pocket 1+2,GBA,2004,Sports,0
Medal of Honor: Infiltrator,GBA,2003,Shooter,0.11
Skylanders: SuperChargers,Wii,2015,Action,0.02
Blazing Dragons,PS,1996,Adventure,0.08
Lego Star Wars: The Force Awakens,WiiU,2016,Action,0.06
Victorious: Hollywood Arts Debut,DS,2011,Misc,0.13
The Wizard of Oz: Beyond The Yellow Brick Road,DS,2008,Role-Playing,0.13
Baseball Blast!,Wii,2009,Sports,0.14
Super Monkey Ball Deluxe,XB,2005,Misc,0.11
Shin Megami Tensei: Devil Summoner - Soul Hackers,PS,1999,Role-Playing,0
Shin Chan: ¡Aventuras de Cine!,DS,2008,Platform,0
Jurassic: The Hunted,Wii,2009,Shooter,0.14
The Cursed Crusade,X360,2011,Action,0.08
Charm Girls Club: Pajama Party,Wii,2009,Misc,0.14
SpongeBob's Boating Bash,DS,2010,Misc,0.13
Tamagotchi Collection,DS,2011,Misc,0
Earth Defense Force 2025,X360,2013,Shooter,0.06
NHL 2K10,X360,2009,Sports,0.11
White Knight Chronicles: Origins,PSP,2011,Role-Playing,0
Trivial Pursuit: Bet You Know It,Wii,2011,Misc,0.09
Turbo Prop Racing,PS,1997,Racing,0.08
Barbie Superpack: Secret Agent / Groovy Games,GBA,2005,Misc,0.1
Tom Clancy's Ghost Recon,GC,2003,Shooter,0.11
Pac-Man Party 3D,3DS,2011,Misc,0.09
Dance Dance Revolution (North America),PS,2001,Simulation,0.08
Darkstalkers Chronicle: The Chaos Tower,PSP,2004,Fighting,0.13
WWE '13,Wii,2012,Action,0.11
Mad Dash Racing,XB,2001,Racing,0.11
Bakugan Battle Brawlers: Defenders of the Core,X360,2010,Action,0.11
Rayman Origins,3DS,2012,Platform,0.06
Summon Night 5,PSP,2013,Role-Playing,0
MotoGP 2: Ultimate Racing Technology,PS2,2001,Racing,0.07
Black * Rock Shooter: The Game,PSP,2011,Role-Playing,0
BMX XXX,PS2,2002,Sports,0.07
Dragon Ball Z: Idainaru Dragon Ball Densetsu,SAT,1995,Fighting,0
Sonic Advance & Sonic Pinball Party Combo Pack,GBA,2005,Misc,0.1
Boktai: The Sun is in Your Hand,GBA,2003,Role-Playing,0.1
Making History: The Great War,Wii,2010,Strategy,0
Guilty Gear X2 #Reload,XB,2004,Fighting,0.11
Wizardry VII: Gadeia no Houshu,PS,1995,Role-Playing,0
ReCore,XOne,2016,Action,0.08
Soldier of Fortune: Payback,PS3,2007,Shooter,0.12
F1 2012,PC,2012,Racing,0.01
Elf: The Movie,GBA,2004,Action,0.1
MLB SlugFest 20-03,GC,2002,Sports,0.11
Tiger Woods PGA Tour,DS,2004,Sports,0.13
Tamagotchi no Appare! Niji Venture,DS,2007,Role-Playing,0
Ultimate Board Game Collection,Wii,2007,Misc,0.13
Grabbed by the Ghoulies,XB,2003,Action,0.11
Cars: Mater-National Championship,X360,2007,Racing,0.13
Shadow Hearts: From The New World,PS2,2005,Role-Playing,0.07
Rayman Raving Rabbids,DS,2007,Misc,0.13
Terraria,PC,2011,Action,0
Derby Stallion Gold,3DS,2014,Sports,0
CSI: 3 Dimensions of Murder,PS2,2007,Adventure,0.07
Barbarian,PS2,2002,Fighting,0.07
Tennis no Oji-Sama: Aim at The Victory!,GBA,2002,Sports,0
L.A. Rush,XB,2005,Racing,0.11
Rubik's World,Wii,2008,Puzzle,0.12
Record of Agarest War 2,PS3,2010,Role-Playing,0.09
QuickSpot,DS,2006,Misc,0.01
"Lunar 2: Eternal Blue(sales, but wrong system)",GEN,1994,Role-Playing,0
Pipe Dreams 3D,PS,2001,Puzzle,0.08
Skylanders Giants,3DS,2012,Action,0.12
Spider-Man: Friend or Foe,Wii,2007,Action,0.13
Fox Sports Golf '99,PS,1997,Sports,0.08
Power Rangers: Super Legends,PS2,2007,Action,0.07
Jurassic: The Hunted,PS2,2009,Shooter,0.07
Sakura Wars GB,GB,2000,Adventure,0
Shining Force CD,SCD,1994,Strategy,0
Fatal Frame,PS2,2001,Action,0.07
Rayman 3,GBA,2003,Platform,0.1
The Fifth Element,PS,1998,Action,0.08
BlazBlue: Chrono Phantasma Extend,PS4,2015,Action,0.07
Okaeri! Chibi-Robo! Happy Richie Oosouji,DS,2009,Adventure,0
Wild ARMs 4,PS2,2005,Role-Playing,0.07
Ratatouille,GC,2007,Action,0.11
G.I. Joe: The Rise of Cobra,PS2,2009,Action,0.11
Casper: Spirit Dimensions,PS2,2001,Platform,0.07
Super Robot Taisen OG Saga: Endless Frontier (JP sales),DS,2008,Role-Playing,0
Sengoku Musou 3 Empires,PS3,2011,Action,0
Thunder Truck Rally,PS,1997,Racing,0.08
Klonoa: Empire of Dreams,GBA,2001,Platform,0.1
SafeCracker: The Ultimate Puzzle Adventure,DS,2009,Puzzle,0.07
Geometry Wars: Galaxies,DS,2007,Shooter,0.13
Famista Returns,3DS,2015,Sports,0
Syndicate,PS3,2012,Shooter,0.07
Adrenalin Misfits,X360,2010,Racing,0.12
Karaoke Revolution Glee: Volume 3,X360,2011,Misc,0.13
Cave Story 3D,3DS,2011,Platform,0.09
Iron & Blood,PS,1996,Fighting,0.08
Mega Man Powered Up,PSP,2006,Platform,0.12
Balloon Pop,DS,2009,Puzzle,0.13
Class of Heroes,PSP,2008,Role-Playing,0.06
Second Sight,PS2,2004,Adventure,0.07
Heroes of Mana,DS,2007,Strategy,0.07
Alien: Isolation,PC,2014,Shooter,0
G.I. Joe: The Rise of Cobra,PSP,2009,Action,0.11
Just Cause 3,PC,2015,Action,0.03
Monster House,PS2,2006,Adventure,0.07
Phantom Brave,PS2,2004,Role-Playing,0.07
Thor: God of Thunder,X360,2011,Action,0.09
Championship Motocross 2001 featuring Ricky Carmichael,PS,2001,Racing,0.08
Kenka Banchou 5: Otoko no Housoku,PSP,2011,Action,0
Bejeweled 3,PS3,,Puzzle,0.13
Doshin the Giant,GC,2002,Simulation,0
Star Ocean: Blue Sphere,GB,2001,Role-Playing,0
Shrek 2 and Shark Tale 2-in-1 Pack,GBA,2005,Misc,0.1
Mojo!,PS2,2003,Puzzle,0.07
Kamen Rider Ryuki,PS,2002,Action,0
Front Mission Alternative,PS,1997,Strategy,0
World Championship Poker: Howard Lederer - All In,PSP,2006,Misc,0.13
FIFA Soccer 2005,GC,2004,Sports,0.11
Harvest Moon: Hero of Leaf Valley,PSP,2009,Simulation,0.07
Diner Dash: Flo on the Go,DS,2009,Puzzle,0.13
Hexyz Force,PSP,2009,Role-Playing,0.07
Power Stone,DC,1998,Fighting,0
Jonny Moseley Mad Trix,PS2,2001,Sports,0.07
Uta no * Prince-Sama: Repeat,PSP,2011,Adventure,0
Senran Kagura Burst: Guren no Sh?jo-tachi,3DS,2012,Action,0
MTV Music Generator 3: This Is the Remix,PS2,2004,Misc,0.07
Cake Mania 3,DS,2009,Simulation,0.13
Zetta Hero Project: Unlosing Ranger vs. Darkdeath Evilman,PSP,2010,Role-Playing,0.07
Gundam Breaker 2,PS3,2014,Action,0
.hack//Link,PSP,2010,Role-Playing,0
Terminator 3: Rise of the Machines,XB,2003,Action,0.11
SSX On Tour,XB,2005,Sports,0.11
NCAA College Basketball 2K3,XB,2002,Sports,0.11
Victorious Boxers: Revolution,Wii,2007,Fighting,0.07
Farming Simulator 2013,PS3,2013,Simulation,0
The Legend of Heroes II: Prophecy of the Moonlight Witch,PSP,2004,Role-Playing,0.03
Doom,GBA,2001,Shooter,0.1
Hidden Mysteries: Salem Secrets - Witch Trials of 1692,DS,2010,Puzzle,0.09
Mary-Kate and Ashley: Winners Circle,PS,2001,Action,0.08
Jewel Quest Solitaire,DS,2009,Puzzle,0
PaRappa The Rapper 2,PS2,2001,Misc,0.07
OutRun 2,XB,2004,Racing,0.11
Okami,PS3,2012,Action,0
Marvel vs. Capcom 2: New Age of Heroes,DC,2000,Fighting,0
Super Dodgeball Brawlers,DS,2008,Sports,0.13
NFL Head Coach 09,PS3,2008,Sports,0.13
Hitman: Blood Money,XB,2006,Action,0.11
Soukaigi,PS,1998,Role-Playing,0
PANGYA: Fantasy Golf,PSP,2009,Sports,0.09
Fast Food Panic,DS,2010,Simulation,0.13
Pipe Mania,PS2,2008,Puzzle,0.07
Xevious 3D/G+,PS,1997,Shooter,0.01
Metal Gear Solid V: Ground Zeroes,X360,2014,Action,0.07
Gretzky NHL 06,PSP,2005,Sports,0.13
Shonen Jump's Shaman King: Master of Spirits,GBA,2004,Role-Playing,0.1
Kid Adventures: Sky Captain,Wii,2010,Action,0.09
NFL Blitz 20-03,XB,2002,Sports,0.11
PaRappa The Rapper,PSP,2006,Misc,0.11
Pirates: The Legend of Black Kat,PS2,2002,Adventure,0.07
Fur Fighters: Viggo's Revenge,PS2,2001,Action,0.07
Thor: God of Thunder,PS3,2011,Action,0.07
Krull,2600,1982,Action,0.13
The Walking Dead: Season One,PSV,2013,Adventure,0.1
Yu-Gi-Oh! Monster Capture GB,GB,2000,Role-Playing,0
Zapper: One Wicked Cricket!,GBA,2002,Platform,0.1
Skylanders Imaginators,PS4,2016,Platform,0.04
"NewU Fitness First Mind Body, Yoga & Pilates Workout",Wii,2010,Sports,0.12
The Da Vinci Code,PS2,2006,Action,0.07
Scooby-Doo! Night of 100 Frights,XB,2003,Platform,0.11
Naruto Shippuden: Ninja Destiny 3,DS,2006,Fighting,0
Ford Racing Off Road,PSP,2008,Racing,0.05
Chicken Shoot,DS,2007,Action,0.13
Dead to Rights,GC,2002,Shooter,0.11
Scarface: The World is Yours,Wii,2007,Action,0.12
Top Spin 4,Wii,2011,Sports,0.04
Sphinx and the Cursed Mummy,GC,2003,Action,0.11
Disney's Planes,Wii,2013,Simulation,0.07
MX vs. ATV Reflex,DS,2009,Racing,0.13
Hero's Saga Laevatein Tactics,DS,2008,Role-Playing,0.13
Cabela's Outdoor Adventures (2009),PS2,2009,Sports,0.07
Cranium Kabookii,Wii,2007,Misc,0.13
T.R.A.G. - Tactical Rescue Assault Group: Mission of Mercy,PS,1998,Adventure,0.08
Active Life Explorer,Wii,2010,Sports,0.13
XCOM 2,PS4,2016,Strategy,0.04
Naruto RPG 2: Chidori vs Rasengan,DS,2005,Role-Playing,0
Our House Party!,Wii,,Simulation,0.13
Pro Evolution Soccer 2015,XOne,2014,Sports,0.03
Project V6,PS,1998,Strategy,0
Destruction Derby Raw,PS,2000,Racing,0.08
Risen 2: Dark Waters,X360,2012,Role-Playing,0.05
World Tour Soccer 2003,PS2,2002,Sports,0.07
Akiba's Trip,PSP,2011,Adventure,0
Arctic Tale,DS,2007,Adventure,0.13
Bravo Air Race,PS,1997,Racing,0.08
Onimusha Essentials,PS2,2008,Action,0.07
Gundam: The Battle Master,PS,1997,Fighting,0
Ben 10 Galactic Racing,3DS,2011,Racing,0.07
ArmA II,PC,2009,Shooter,0
WWE 2K17,PS3,2016,Sports,0.05
Spyro: A Hero's Tail,XB,2004,Platform,0.11
¡Shin Chan Flipa en colores!,DS,2007,Platform,0
Cities: Skylines,PC,2015,Simulation,0
Drawn to Life Collection,DS,2010,Misc,0.13
Eternal Poison,PS2,2008,Role-Playing,0.07
Gretzky NHL 06,PS2,2005,Sports,0.07
Gungrave: Overdose,PS2,2004,Shooter,0.07
Metal Slug Anthology,Wii,2006,Shooter,0.12
Kidou Senshi Gundam: Shin Gihren no Yabou,PSP,2011,Strategy,0
The Orange Box,PC,2007,Shooter,0
Shovel Knight,3DS,2015,Platform,0.08
Pro Evolution Soccer 2015,X360,2014,Sports,0.05
NBA ShootOut 2002,PS,2001,Sports,0.08
The Granstream Saga,PS,1997,Role-Playing,0.08
Power Gig: Rise of the SixString,PS3,2010,Misc,0.13
Mr. Driller: Drill Spirits,DS,2004,Puzzle,0.08
Bio FREAKS,N64,1998,Action,0.11
Bassmasters 2000,N64,1999,Sports,0.11
WCW Backstage Assault,N64,,Action,0.11
Micro Machines 64 Turbo,N64,1999,Racing,0.11
Baldur's Gate: Dark Alliance,GC,2002,Role-Playing,0.11
"Holy Invasion of Privacy, Badman! What Did I Do to Deserve This?",PSP,2007,Role-Playing,0
Eternal Eyes,PS,1999,Role-Playing,0.08
The Walking Dead: Season Two,XOne,2014,Adventure,0.08
Dream Pinball 3D,Wii,2008,Misc,0.1
Fate/Unlimited Codes,PS2,2008,Fighting,0
Star Wars: Knights of the Old Republic,PC,2003,Role-Playing,0.01
The Operative: No One Lives Forever,PS2,2002,Shooter,0.07
Gallop & Ride!,Wii,2008,Sports,0.13
Epidemic,PS,1995,Shooter,0.02
Monster House,GC,2006,Adventure,0.11
Backyard Sports: Sandlot Sluggers,DS,2010,Sports,0.13
Dead or Alive 2,DC,2000,Fighting,0
Buck Fever,Wii,2009,Sports,0.13
Monster Hunter Diary: Poka Poka Airou Village DX,3DS,2015,Action,0
Cabela's African Safari,X360,2006,Sports,0.13
NCAA Basketball Final Four 97,PS,1997,Sports,0.08
Ecco the Dolphin: Defender of the Future,PS2,2002,Adventure,0.07
Atari's Greatest Hits: Volume 1,DS,2010,Misc,0.13
The Bombing Islands,PS,1997,Platform,0.08
Yogi Bear: The Video Game,DS,2010,Action,0.1
Earth Defense Force 2: Invaders from Planet Space,PSP,2011,Action,0
Just Cause,X360,2006,Action,0.1
Hot Wheels: Beat That!,Wii,2007,Racing,0.13
X-Blades,X360,2009,Action,0.1
Odin Sphere: Leifthrasir,PSV,2016,Role-Playing,0.02
Homefront: The Revolution,XOne,2016,Shooter,0.06
Gyakuten Saiban 2,GBA,2002,Action,0
Godzilla: Save the Earth,XB,2004,Fighting,0.1
Micro Machines,PS2,2002,Racing,0.07
TRINITY: Souls of Zill O'll,PS3,2010,Role-Playing,0.06
Detective Barbie: The Mystery Cruise,PS,1999,Adventure,0.08
Jim Henson's the Muppets: On With the Show!,GBA,2003,Action,0.1
Desire,SAT,1997,Adventure,0
Asphalt: Urban GT 2,DS,2006,Racing,0.09
Pro Yaky? Spirits 2014,PS3,2014,Sports,0
Virtua Tennis 4,Wii,2011,Sports,0.05
Tim Burton's The Nightmare Before Christmas: The Pumpkin King,GBA,2005,Platform,0.1
Frank Thomas Big Hurt Baseball,PS,1996,Sports,0.08
Power Pro Kun Pocket 8,DS,2005,Sports,0
Enclave,XB,2002,Adventure,0.11
Sid Meier's Pirates!,XB,2005,Strategy,0.11
Wild ARMs XF,PSP,2007,Role-Playing,0.07
Bottom of the 9th,PS,1996,Sports,0.08
7 Days to Die,PS4,2016,Action,0.04
Rayman Legends,PSV,2014,Platform,0.01
Dino Crisis 3,XB,2003,Action,0.08
NFL Blitz 20-03,GC,2002,Sports,0.11
The King of Fighters '94 (CD),NG,1993,Fighting,0
Horse Life Adventures,Wii,2008,Simulation,0.12
College Hoops 2K8,PS3,2007,Sports,0.13
Risen,PC,2009,Role-Playing,0
Barbie Explorer,PS,2001,Platform,0.08
Disney's Chicken Little,XB,2005,Platform,0.1
Transformers: Devastation,XOne,2015,Action,0.09
The Darkness II,PC,2012,Shooter,0.1
Age of Empires: Collector's Edition,PC,2000,Strategy,0.02
Agile Warrior F-111X,PS,1995,Simulation,0.08
Jikkyou Powerful Pro Yakyuu Wii,Wii,2007,Sports,0
Eragon,X360,2006,Action,0.12
Dynasty Warriors 7: Empires,PS3,2012,Action,0
Super Puzzle Fighter II Turbo,PS,1996,Puzzle,0.08
Star Wars: Jedi Power Battles,GBA,2002,Action,0.1
Scene It? Bright Lights! Big Screen!,Wii,2009,Misc,0.13
Ultimate Muscle - The Kinnikuman Legacy: Legends vs New Generation,GC,2002,Fighting,0.04
Bejeweled 3,X360,,Puzzle,0.13
Space Venus starring Morning Musume,PS2,2001,Misc,0
To Heart,PS,1999,Adventure,0
Let's Cheer,X360,2011,Misc,0.12
RockMan & Forte,SNES,1998,Platform,0
Doukyuusei,TG16,1995,Adventure,0
Dead Island Definitive Collection,PS4,2016,Action,0.03
Dragon Age: Origins - Ultimate Edition,PC,2010,Role-Playing,0
MySims Collection,Wii,2010,Misc,0.13
Master Jin Jin's IQ Challenge,DS,2006,Misc,0.13
Blazing Angels 2: Secret Missions of WWII,X360,2007,Simulation,0.11
The History Channel: Civil War - A Nation Divided,X360,2006,Shooter,0.13
Rayman Arena,GC,2002,Racing,0.11
FIFA 06 Soccer,GC,2005,Sports,0.11
DmC: Devil May Cry,XOne,2015,Action,0.08
How to Train Your Dragon,X360,2010,Action,0.11
Farming Simulator 2012,3DS,2012,Action,0
4x4 EVO 2,GC,2002,Racing,0.11
Pro Yakyuu Netsu Star 2006,PS2,2006,Sports,0
Battlefield: Hardline,PC,2015,Shooter,0
Cyber Sled,PS,1995,Action,0
Puyo Puyo!! 20th Anniversary,DS,2011,Puzzle,0
Shining Soul,GBA,2002,Role-Playing,0.03
Brothers: A Tale of Two Sons,PS4,2015,Adventure,0.03
Monster Lab,DS,2008,Role-Playing,0.12
In the Hunt,PS,1995,Shooter,0.03
Daytona USA Championship Circuit Edition,SAT,1995,Racing,0
Marvel vs. Capcom 2: New Age of Heroes,XB,2002,Fighting,0.09
SNK vs. Capcom: The Match of the Millennium,PS2,2006,Fighting,0
Dead Rising 2,PC,2010,Action,0.1
Paws & Claws: Pet Vet 2,DS,2007,Simulation,0.13
Ape Escape Academy (jp sales),PSP,2004,Misc,0
Fear Factor: Unleashed,GBA,2004,Action,0.1
Hard Rock Casino,PSP,2007,Misc,0.12
Robots,DS,2005,Action,0.12
Houshinengi,PS,1998,Strategy,0
7th Dragon,DS,2009,Role-Playing,0
Bust-A-Move Deluxe,PSP,2006,Puzzle,0.13
Murdered: Soul Suspect,PS3,2014,Action,0.05
Pet Pals: Animal Doctor,Wii,2008,Simulation,0.13
LEGO Island Xtreme Stunts,GBA,2002,Racing,0.1
Shining Resonance,PS3,2014,Role-Playing,0
Heroes over Europe,X360,2009,Simulation,0.1
Alvin and the Chipmunks,DS,2007,Misc,0.12
Create,X360,2010,Action,0.1
World Soccer Winning Eleven 9 Bonus Pack,PS2,2006,Sports,0
UEFA Euro 2004: Portugal,PS2,2004,Sports,0.07
Happy Feet,Wii,2006,Action,0.12
Hot Wheels: World Race,GBA,2003,Racing,0.1
Major League Baseball 2K8,Wii,2008,Sports,0.13
Lips: I Love The 80s,X360,2010,Misc,0
NBA Jam,XB,2003,Sports,0.1
World Tour Soccer 2002,PS2,2001,Sports,0.07
NBA Ballers: Chosen One,PS3,2008,Sports,0.12
Nicktoons: MLB,Wii,2011,Sports,0.13
NCIS,X360,2011,Adventure,0.1
Travel Games For Dummies,DS,2008,Misc,0.12
Interactive Sampler Disc 6,PS,1997,Misc,0.08
Shinobido 2: Tales of the Ninja,PSV,2011,Action,0.04
Apex,XB,2003,Racing,0.1
Kamen Rider Battle: Ganbaride,DS,2010,Strategy,0
Persona 4: Arena Ultimax,PS3,2014,Fighting,0
Tomb Raider: The Prophecy,GBA,2002,Action,0.1
Vampire Night,PS2,2001,Shooter,0.07
Valhalla Knights: Eldar Saga,Wii,2009,Role-Playing,0.1
Guilty Gear,PS,1998,Fighting,0.03
Rio,PS3,2011,Misc,0.04
Scene It? Bright Lights! Big Screen!,X360,2009,Misc,0.12
World Championship Poker 2: Featuring Howard Lederer,PSP,2005,Misc,0.12
BIT.TRIP SAGA,3DS,2011,Misc,0.09
Mary-Kate and Ashley: Crush Course,PS,2001,Action,0.08
NHL Breakaway 98,PS,1996,Sports,0.08
Where the Wild Things Are,DS,2009,Platform,0.12
Metal Slug 7,DS,2008,Shooter,0.12
Call of Duty: Infinite Warfare,PC,2016,Shooter,0.04
Disney's Cinderella: Magical Dreams,GBA,,Platform,0.1
MotoGP '06,X360,2006,Racing,0.11
Tiger Woods PGA Tour 2005,GC,2004,Sports,0.1
G.I. Joe: The Rise of Cobra,DS,2009,Action,0.11
Spider-Man: Edge of Time,DS,2011,Action,0.12
Gourmet Chef: Cook Your Way to Fame,DS,2008,Misc,0.13
Fashion Studio: Paris Collection,DS,2009,Misc,0.13
Salt Lake 2002,PS2,2002,Sports,0.07
ESPN MLB Baseball,XB,2004,Sports,0.1
Gladius,XB,2003,Strategy,0.1
Legends of Wrestling,XB,2002,Fighting,0.1
Queen's Gate: Spiral Chaos,PSP,2011,Role-Playing,0
Nayuta no Kiseki,PSP,2012,Action,0
Magnetica,DS,2006,Puzzle,0.08
Red Orchestra 2: Heroes of Stalingrad,PC,2011,Shooter,0.04
Spy Hunter 2,XB,2003,Racing,0.1
Open Season,DS,2006,Platform,0.12
Avatar: The Last Airbender - The Burning Earth,X360,2007,Action,0.11
LEGO The Lord of the Rings,DS,2012,Action,0
Backyard Soccer,PS,2001,Sports,0.07
Imagine: Fashion Stylist,DS,2010,Simulation,0.13
Final Fantasy XI: Rise of the Zilart,PS2,2003,Role-Playing,0
Your Shape: Fitness Evolved 2013,WiiU,2012,Action,0.06
Monster Jam,DS,2007,Racing,0.12
James Bond 007: Nightfire,GBA,2003,Shooter,0.1
Let's Play Ballerina,DS,2010,Sports,0.13
Nobunaga no Yabou: Tendou,PS3,2010,Strategy,0
Back At The Barnyard: Slop Bucket Games,DS,2008,Sports,0.12
Medalot 7,3DS,2012,Action,0
Bio FREAKS,PS,1998,Action,0.07
Little League World Series Baseball 2009,DS,2009,Sports,0.12
Castlevania Chronicles,PS,2001,Platform,0.07
Suzumiya Haruhi no Tomadoi,PS2,2008,Adventure,0
International Cricket 2010,X360,2010,Sports,0
GoldenEye 007 (2010),DS,2010,Action,0.1
Bratz,GBA,2002,Platform,0.1
Pinball Hall of Fame: The Gottlieb Collection,Wii,2006,Misc,0.12
King Arthur,PS2,2004,Action,0.07
FIFA Street 2,PSP,2006,Sports,0.07
Hisshou Pachinko*Pachi-Slot Kouryaku Series Vol. 1: CR Shinseiki Evangelion,PS2,2005,Misc,0
The Guy Game,PS2,2004,Misc,0.07
Rurouni Kenshin: Enjou! Kyoto Rinne,PS2,2006,Action,0
Blade II,XB,2002,Action,0.1
Rogue Warrior,PS3,2009,Shooter,0.11
Suikoden: Tsumugareshi Hyakunen no Toki,PSP,2012,Role-Playing,0
Baseball Advance,GBA,2002,Sports,0.1
Nicktoons: MLB,X360,2011,Sports,0.12
Shonen Jump's One Piece: Grand Battle,PS2,2005,Fighting,0.07
Learn Math,DS,2009,Puzzle,0.12
Nitrobike,Wii,2008,Racing,0.11
Cruise Ship Vacation Games,Wii,2009,Puzzle,0.12
Pro Yaky? Spirits 6,PS2,2009,Sports,0
Paperboy / Rampage,GBA,2005,Misc,0.1
Shiren the Wanderer 4 - God's Eye and the Demon's Navel,DS,2010,Role-Playing,0
Vampire Moon: The Mystery of the Hidden Sun,DS,2010,Adventure,0.12
Sentou Kokka Air Land Battle,PS,1995,Strategy,0
Quick Yoga Training,DS,2008,Misc,0.12
Attack on Titan (KOEI),PSV,2016,Action,0
NTRA Breeders' Cup World Thoroughbred Championships,PS2,2005,Simulation,0.07
Hulk Hogan's Main Event,X360,2011,Fighting,0.1
Tak 2: The Staff of Dreams,XB,2004,Platform,0.1
Destroy All Humans! Big Willy Unleashed,Wii,2008,Action,0.12
Retro Atari Classics,DS,2005,Misc,0.12
Imagine: Fashion Designer,3DS,2011,Simulation,0.1
Need for Speed Underground 2,DS,2005,Racing,0.11
My Spanish Coach,PSP,2008,Misc,0.12
Ys: The Ark of Napishtim,PS2,2005,Role-Playing,0.07
Dragon Quest Heroes II: Twin Kings and the Prophecy's End,PS3,2016,Action,0
Dragon Age Origins: Awakening,PC,2010,Role-Playing,0.01
Azure Dreams,PS,1997,Role-Playing,0.07
Divinity II: The Dragon Knight Saga,X360,2010,Role-Playing,0.11
SingStar Latino,PS2,2007,Misc,0.07
Kung Fu Panda 2,Wii,2011,Action,0.07
NHL 2K8,X360,2007,Sports,0.11
Pro Baseball Spirits 2015,PSV,2015,Action,0
Haunted House,Wii,2010,Action,0.12
Top Spin 3,DS,2008,Action,0.11
Syberia,DS,2008,Action,0.1
Kurt Warner's Arena Football Unleashed,PS,2000,Sports,0.07
Puzzle Kingdoms,DS,2009,Puzzle,0.12
Hyperdimension Neptunia,PSV,2013,Role-Playing,0.05
Life is Strange,XOne,2016,Adventure,0.09
Suite PreCure: Melody Collection,DS,2011,Misc,0
NHL 2K9,PS2,2008,Sports,0.07
Shin Megami Tensei: Devil Summoner 2 - Raidou Kuzunoha vs. King Abaddon,PS2,2008,Role-Playing,0.07
Rogue Ops,XB,2003,Action,0.1
NBA Hoopz,PS,2001,Sports,0.07
Transworld Surf,XB,,Sports,0.1
History Civil War: Secret Missions,X360,2008,Shooter,0.12
MLB 11: The Show,PS2,2011,Sports,0.06
Castrol Honda Superbike Racing,PS,1998,Racing,0.07
X-Blades,PS3,2009,Action,0.07
Teenage Mutant Ninja Turtles: Danger of the Ooze,3DS,2014,Adventure,0.08
Army Men: Green Rogue,PS2,2001,Action,0.06
Chessmaster,XB,2004,Misc,0.1
Brain Assist,DS,2007,Misc,0.12
Freddi Fish: ABC under the sea,DS,2008,Misc,0.12
Adventures to Go!,PSP,2008,Role-Playing,0.11
Monster Rancher DS,DS,2008,Role-Playing,0.08
Peter Jackson's King Kong: The Official Game of the Movie,DS,2005,Action,0.12
Superman: The Man of Steel,XB,2002,Action,0.1
Kororinpa: Marble Mania,Wii,2006,Puzzle,0.08
Ken to Mahou to Gakuen Mono. 3,PSP,2010,Role-Playing,0
The Flintstones: Bedrock Bowling,PS,2000,Sports,0.07
NHL 2003,GC,2002,Sports,0.1
Chicken Run,PS,2000,Adventure,0.07
Injustice: Gods Among Us,PSV,2013,Fighting,0.09
Fatal Inertia,X360,2007,Racing,0.12
Over the Hedge: Hammy Goes Nuts!,DS,2006,Platform,0.12
Phantom Brave: We Meet Again,Wii,2009,Role-Playing,0.12
NHL 2K9,PS3,2008,Sports,0.11
Shining Force III,SAT,1997,Strategy,0
Jikkyou Powerful Pro Yakyuu 2011 Ketteiban,PSP,2011,Sports,0
Tales of the Heroes: Twin Brave,PSP,2012,Role-Playing,0
WWE Survivor Series,GBA,2004,Fighting,0.09
Kouchuu Ouja Mushi King: Greatest Champion e no Michi DS 2,DS,2006,Action,0
Kung-Fu: High Impact,X360,2011,Action,0.08
Euro Truck Simulator 2,PC,2012,Action,0
Bakugan: Battle Trainer,DS,2010,Action,0.12
Super Robot Wars BX,3DS,2015,Action,0
Tomb Raider: Legend,XB,2006,Action,0.1
Nagano Winter Olympics '98,PS,1997,Sports,0.07
I Spy: Universe,DS,2010,Puzzle,0.12
Ninjatown,DS,2008,Strategy,0.12
Warcraft III: Reign of Chaos,PC,2002,Strategy,0.03
Winning Post 5,PS2,2001,Sports,0
Frogger Beyond,GC,2002,Platform,0.1
Lord of the Rings: Tactics,PSP,2005,Strategy,0.11
RPG Maker II,PS2,2002,Role-Playing,0.06
The Oregon Trail,3DS,2011,Simulation,0.12
Alone in the Dark: Inferno,PS3,2008,Adventure,0.09
TRON: Evolution,PSP,2010,Action,0.1
Gravity Rush Remastered,PS4,2015,Action,0.02
Destruction Derby Arenas,PS2,2004,Racing,0.06
Dengeki Bunko Fighting Climax,PSV,2014,Fighting,0.04
MLB Power Pros 2008,Wii,2008,Sports,0.11
Littlest Pet Shop: Spring,DS,2009,Simulation,0.12
The Unholy War,PS,1998,Strategy,0.07
Cabela's Dangerous Hunts 2009,X360,2008,Sports,0.12
Rumble Roses XX,X360,2006,Fighting,0.07
Total War: WARHAMMER,PC,2016,Strategy,0
Wantame Music Channel: Doko Demo Style,DS,2007,Misc,0
Disney's Winnie the Pooh's Rumbly Tumbly Adventure,GBA,2005,Platform,0.09
Shaman King: Power of Spirit,PS2,2004,Adventure,0.06
Anno 1701: Dawn of Discovery,DS,2007,Simulation,0.07
Soccer Tsuku DS: World Challenge 2010,DS,2010,Sports,0
The BIGS 2,PS3,2009,Sports,0.12
LEGO Legends of Chima: Laval's Journey,PSV,2013,Adventure,0.01
DreamWorks Super Star Kartz,Wii,2011,Racing,0.08
Contra III: The Alien Wars,SNES,1992,Shooter,0
The Amazing Race,Wii,2010,Misc,0.12
Dead to Rights: Reckoning,PSP,2005,Shooter,0.12
Slime MoriMori Dragon Quest 3: Taikaizoku to Shippo Dan,3DS,2011,Role-Playing,0
NBA 08,PS3,2007,Sports,0.12
Hasbro Family Fun Pack,XOne,2015,Misc,0.1
Amagami,PS2,2009,Adventure,0
No Fear Downhill Mountain Biking,PS,1998,Sports,0.07
NCIS,Wii,2011,Adventure,0.08
The IdolM@ster: One for All,PS3,2014,Misc,0
Fire ProWrestling,GBA,2001,Fighting,0.09
Eternal Poison (JP sales),PS2,2008,Role-Playing,0
Mission: Impossible - Operation Surma,XB,2003,Platform,0.1
Legendary,PS3,2008,Shooter,0.08
Chuck E. Cheese's Game Room,DS,2010,Misc,0.12
MX 2002 Featuring Ricky Carmichael,XB,2001,Racing,0.1
Romance of the Three Kingdoms IV: Wall of Fire,PS,1995,Strategy,0.05
Illusion of Gaia,SNES,1993,Role-Playing,0
Batman: Arkham Knight,PC,2015,Action,0.09
Disney's Kim Possible: Kimmunicator,DS,2005,Platform,0.11
Mega Man Anniversary Collection,XB,2005,Platform,0.1
Sally's Salon,DS,2008,Simulation,0.12
Disruptor,PS,1995,Shooter,0.07
Pro Evolution Soccer 2017,PS3,2016,Sports,0.01
Zoobles! Spring to Life!,DS,2011,Misc,0.1
Diablo II,PC,2000,Role-Playing,0.01
Shrek Smash n' Crash Racing,GC,2006,Racing,0.1
F1 2011,PSV,2011,Racing,0.03
Drakengard 2,PS2,2005,Role-Playing,0.06
Ben 10 Galactic Racing,DS,2011,Racing,0.09
Grand Knights History,PSP,2011,Role-Playing,0
Scene It? Bright Lights! Big Screen!,PS3,2009,Misc,0.1
Harvest Moon DS (jp sales),DS,2005,Simulation,0
Castlevania: Legacy of Darkness,N64,1999,Platform,0.06
Sin and Punishment,N64,2000,Shooter,0
NBA Jam 2000,N64,1999,Sports,0.12
Sonic Riders,XB,2006,Racing,0.1
Shrek Super Party,XB,2002,Misc,0.1
Venetica,X360,2010,Role-Playing,0.09
Rally Fusion: Race of Champions,PS2,2002,Racing,0.06
The House of the Dead,SAT,1997,Shooter,0
Transformers: Prime,WiiU,2012,Action,0.09
Persona 4: Arena,X360,2012,Fighting,0.08
Street Fighter IV,PC,,Fighting,0.07
Cabela's Alaskan Adventure,X360,2006,Sports,0.12
RealSports Volleyball,2600,1981,Sports,0.12
Heroes of the Pacific,XB,2005,Simulation,0.1
RollerCoaster Tycoon,XB,2003,Strategy,0.1
NightCaster,XB,2002,Action,0.1
FIFA World Cup Germany 2006,GC,2006,Sports,0.1
Space Camp,Wii,2009,Action,0.12
Hitman 2: Silent Assassin,GC,2003,Action,0.1
Lovely Lisa and Friends,DS,2010,Simulation,0.12
Digimon Racing,GBA,2004,Racing,0.09
All Star Cheer Squad 2,Wii,2009,Sports,0.12
Ape Escape 3,PS2,2005,Platform,0.06
"Crouching Tiger, Hidden Dragon",PS2,2003,Action,0.06
Final Fantasy XIV: Heavensward,PS4,2015,Action,0
Last Bronx,SAT,1996,Fighting,0
Secret Agent Clank,PSP,2008,Platform,0.04
Barbie and the Three Musketeers,DS,2009,Adventure,0.12
Science Papa,Wii,2009,Misc,0.11
Momotaro Douchuuki,SAT,1997,Misc,0
Iridion II,GBA,2003,Shooter,0.09
Whiplash,PS2,2003,Racing,0.06
007: Quantum of Solace,DS,2008,Action,0.11
Family Fortunes,Wii,2009,Misc,0
Borderlands: Double Game Add-On Pack,X360,2010,Shooter,0.1
Farming Simulator 2011,PC,2010,Simulation,0
Watch Dogs,WiiU,2014,Action,0.07
BlazBlue: Continuum Shift II,PSP,2011,Fighting,0.03
Summon Night: Twin Age,DS,2007,Role-Playing,0.07
Spider-Man: Battle for New York,DS,2006,Platform,0.12
Pop'n Music Portable,PSP,2010,Misc,0
Nintendo Puzzle Collection,GC,,Puzzle,0
Destroy All Humans! Path of the Furon,X360,2008,Action,0.08
Army Men: Soldiers of Misfortune,Wii,2008,Shooter,0.12
Game Party: Champions,WiiU,2012,Action,0.09
Otogi: Myth of Demons,XB,2002,Action,0.08
Margot's Word Brain,Wii,2008,Puzzle,0.12
Peppa Pig: Fun and Games,Wii,2010,Misc,0
Dreamworks 2-in-1 Party Pack,DS,2010,Misc,0.12
Alter Echo,PS2,2003,Shooter,0.06
Walt Disney Pictures Presents: The Wild,GBA,2006,Platform,0.09
Green Lantern: Rise of the Manhunters,3DS,2011,Action,0.09
Puzzle de Harvest Moon,DS,2007,Puzzle,0.12
Metal Max 3,DS,2010,Role-Playing,0
Rock Band Track Pack Volume 1,PS2,2008,Misc,0.06
Puyo Puyo!! 20th Anniversary,3DS,2011,Puzzle,0
My Baby: First Steps,Wii,2009,Simulation,0.12
Namco Soccer Prime Goal,PS,1995,Sports,0
NBA 08,PS2,2007,Sports,0.06
Monster Hunter Frontier Online,X360,2010,Role-Playing,0
Shin Megami Tensei: Digital Devil Saga,PS2,2004,Role-Playing,0.06
Deception IV: Blood Ties,PSV,2014,Action,0.02
Rango: The Video Game,X360,2011,Action,0.06
Assassination Classroom: Grand Siege on Kuro-sensei,3DS,2015,Action,0
Megamind: The Blue Defender,PSP,2010,Adventure,0.08
Puppies 3D,3DS,2011,Misc,0.08
Cars 2,PSP,2011,Racing,0.1
The Stronghold Collection,PC,2009,Strategy,0.03
Jissen Pachi-Slot Hisshouhou! Aladdin II Evolution,PS2,2005,Misc,0
Mystic Ark,SNES,1995,Role-Playing,0
One Piece: Unlimited World Red,PSV,2014,Action,0.03
The Price is Right 2010 Edition,DS,2009,Misc,0.12
Cabela's Dangerous Hunts 2009,PS3,2008,Sports,0.12
Ty the Tasmanian Tiger 2: Bush Rescue,GBA,2004,Platform,0.09
Teenage Mutant Ninja Turtles 2: Battle Nexus,XB,2004,Action,0.1
Tom Clancy's Splinter Cell: Double Agent,Wii,2006,Action,0.1
LEGO Racers 2,PS2,2001,Racing,0.06
Eat Lead: The Return of Matt Hazard,PS3,2009,Shooter,0.09
Yu-Gi-Oh! Nightmare Troubadour (JP sales),DS,2005,Action,0
Backyard Baseball,GC,2003,Sports,0.1
Star Wars: Lethal Alliance,PSP,2006,Action,0.11
Naruto Shippuden: Kizuna Drive,PSP,2010,Action,0.04
Under Night In-Birth,PS3,2014,Fighting,0.06
Sega GT,DC,2000,Racing,0
Steel Battalion: Heavy Armor,X360,2012,Misc,0.08
Green Lantern: Rise of the Manhunters,X360,2011,Action,0.07
Legends of Wrestling,GC,2002,Fighting,0.1
Fit in Six,PS3,2011,Sports,0.12
Gunstar Heroes,GEN,1992,Shooter,0
All-Star Baseball 2004,XB,2003,Sports,0.1
Tamagotchi no Pichi Pichi Omisecchi,DS,2010,Action,0
Shining Wind,PS2,2007,Role-Playing,0
Rock Band Track Pack Volume 2,PS3,2008,Misc,0.11
Dokapon Kingdom,Wii,2008,Role-Playing,0.12
Onechanbara: Bikini Samurai Squad,X360,2006,Action,0.11
Portal Runner,PS2,2001,Platform,0.06
Pokémon: For Ho-Oh the Bells Toll!: Game Boy Advance Video,GBA,2004,Misc,0.09
Warriors Orochi 2,PS2,2008,Action,0.06
Hyperdevotion Noire: Goddess Black Heart,PSV,2014,Role-Playing,0.04
Disney's Winnie the Pooh's Rumbly Tumbly Adventure,PS2,2005,Platform,0.06
Assault: Retribution,PS,1998,Action,0.07
Sengoku Basara 3 Utage,Wii,2011,Action,0
Spartan: Total Warrior,XB,2005,Action,0.1
City Crisis,PS2,2001,Simulation,0.06
Zapper: One Wicked Cricket!,GC,2002,Platform,0.1
Smart Boy's Gameroom,DS,2007,Misc,0.12
Victorious: Time to Shine,X360,2011,Action,0.12
Star Wars: Clone Wars,XB,2003,Shooter,0.1
High Rollers Casino,XB,2004,Misc,0.1
Advent Rising,XB,2005,Action,0.1
Surf Riders,PS,1999,Sports,0.07
Torino 2006,PS2,2006,Sports,0.06
Nobunaga no Yabou: Ranseiki,PS2,2002,Strategy,0
Derby Stallion Advance,GBA,2002,Sports,0
The X-Factor,PS3,2010,Misc,0
Monopoly Party,GC,2002,Misc,0.1
Snood,GBA,2001,Puzzle,0.09
TOCA Race Driver 2: Ultimate Racing Simulator,XB,2004,Racing,0.09
Monster Jam: Urban Assault,PS2,2008,Racing,0.06
DT Racer,PS2,2005,Racing,0.06
Soccer Tsuku: Pro Soccer Club o Tsukurou!,PS3,2013,Sports,0
World Cup Golf: Professional Edition,PS,1995,Sports,0.07
NBA 2K13,WiiU,2012,Sports,0.07
Black Dawn,PS,1996,Simulation,0.07
428: Fuusa Sareta Shibuya de,Wii,2008,Adventure,0
7 Wonders of the Ancient World,DS,2007,Puzzle,0.1
Kelly Slater's Pro Surfer,GBA,2002,Sports,0.09
Top Shot Arcade,Wii,2011,Shooter,0.12
Warriors of Might and Magic,PS,2001,Adventure,0.07
Twister Mania,X360,2011,Misc,0.1
Drome Racers,PS2,2002,Racing,0.06
Gungnir: Mayari no Gunshin to Eiyuu Sensou,PSP,2011,Role-Playing,0.07
X-Men: Next Dimension,GC,2002,Fighting,0.1
Dynasty Warriors 5 Empires,X360,2006,Action,0.11
Fuse (Insomniac),X360,2013,Shooter,0.09
WipeOut 3 The Game,WiiU,2012,Action,0.11
7th Dragon 2020-II,PSP,2013,Role-Playing,0
Doukyuusei 2,SAT,1997,Role-Playing,0
Aikatsu! 365 Idol Days,3DS,2014,Adventure,0
SkullMonkeys,PS,1998,Platform,0.07
Burnout,XB,2002,Racing,0.09
Baroque,PS2,2007,Role-Playing,0.05
SBK 2011: FIM Superbike World Championship,PS3,2011,Racing,0.01
Jurassic: The Hunted,X360,2009,Shooter,0.12
Dynasty Warriors: Gundam Reborn,PSV,2013,Action,0
Little Battlers eXperience: Wars,3DS,2013,Strategy,0
DreamWorks Super Star Kartz,DS,2011,Racing,0.08
Hour of Victory,X360,2007,Shooter,0.1
Indianapolis 500 Legends,Wii,2007,Racing,0.12
NBA Ballers: Phenom,XB,2006,Sports,0.09
Shimano Xtreme Fishing,Wii,2009,Sports,0.12
Crash Tag Team Racing,XB,2005,Racing,0.09
Freedom Fighters,GC,2003,Shooter,0.1
Yu-Gi-Oh! GX: Tag Force,PSP,2006,Strategy,0.09
NBA 2K17,PS3,2016,Sports,0.06
Mega Man X Collection,GC,2006,Misc,0.1
Left Brain Right Brain 2,DS,2008,Misc,0.12
Detana TwinBee Yahho! Deluxe Pack,SAT,1995,Shooter,0
Last Ranker,PSP,2010,Role-Playing,0
Quantum Redshift,XB,2002,Racing,0.09
The History Channel: Great Battles - Medieval,X360,2010,Strategy,0.08
Smash Court Tennis Pro Tournament 2,PS2,2004,Sports,0.06
Brothers in Arms: Double Time,Wii,2008,Shooter,0.11
Legends of Wrestling II,XB,2002,Fighting,0.09
Power Pro Kun Pocket 13,DS,2010,Sports,0
Armed and Dangerous,XB,2003,Shooter,0.09
Football Manager 2012,PSP,2011,Sports,0
Project CARS,PC,2015,Racing,0
Teenage Mutant Ninja Turtles: Arcade Attack,DS,2009,Action,0.12
World Soccer Winning Eleven 2002,PS,2002,Sports,0
Actua Tennis,PS,1997,Sports,0.07
Monster Truck Madness,GBA,2003,Racing,0.09
Resident Evil,PS3,2006,Action,0
Sonic Jam,SAT,1997,Platform,0
Puella Magi Madoka Magica Portable,PSP,2012,Role-Playing,0
Peter Jacobsen's Golden Tee Golf,PS,2000,Sports,0.07
Space Bust-A-Move,DS,2008,Puzzle,0.1
Avatar: The Last Airbender - Into the Inferno,DS,2008,Adventure,0.11
Deadpool,XOne,2015,Action,0.09
Disney's Atlantis: The Lost Empire,GBA,2001,Platform,0.09
Nippon Daihyou Team no Kantoku ni Narou! Sekaihatsu Soccer RPG,SAT,1998,Sports,0
Just Cause 2,PC,2010,Action,0
Crush3D,3DS,2012,Platform,0.07
LEGO Marvel's Avengers,PSV,2016,Action,0.02
High Velocity: Mountain Racing Challenge,SAT,1995,Racing,0
NeverDead,PS3,2012,Shooter,0.06
Capcom vs. SNK 2: Millionaire Fighting 2001,DC,2001,Fighting,0
Criticom,PS,1996,Fighting,0.07
Mega Man X: Command Mission,GC,2004,Role-Playing,0.1
Charm Girls Club: My Fashion Mall,DS,,Simulation,0.12
SCORE International Baja 1000: The Official Game,X360,2008,Racing,0.11
Deepak Chopra's Leela,Wii,2011,Misc,0.1
Need for Speed: ProStreet,DS,2007,Racing,0.11
DiRT Rally,XOne,2016,Racing,0.04
NHL 2K7,PS3,2006,Sports,0.11
Go Play: Circus Star,Wii,2009,Action,0.12
Worms 3D,PS2,2003,Strategy,0.06
Gladiator Begins,PSP,2010,Action,0.05
Clock Tower: The First Fear,PS,1997,Adventure,0
Sleeping Dogs,PC,2012,Action,0.06
Kidou Senshi Gundam Seed Battle Destiny,PSV,2012,Action,0
Diner Dash: Sizzle & Serve,PSP,2007,Puzzle,0.11
Impossible Mission,DS,2007,Platform,0.11
"Kilari: Na-san, Mon Meilleur Ami",DS,2006,Simulation,0
Strikers 1945,PS,1998,Shooter,0.07
Ochaken no Heya DS,DS,2006,Simulation,0
Fire ProWrestling S: 6Men Scramble,SAT,1996,Fighting,0
Galidor: Defenders of the Outer Dimension,GBA,2002,Action,0.09
Pryzm Chapter One: The Dark Unicorn,PS2,2002,Adventure,0.06
Gundam Battle Royale,PSP,2006,Action,0
F1 2016 (Codemasters),XOne,2016,Racing,0.03
Eat Lead: The Return of Matt Hazard,X360,2009,Shooter,0.1
Karaoke Revolution,X360,2009,Misc,0.12
Zen-Nippon Pro Wrestling: Ouja no Kon,PS,1999,Fighting,0
NASCAR 2005: Chase for the Cup,GC,2004,Racing,0.1
Are You Smarter than a 5th Grader? Game Time,X360,2009,Puzzle,0.12
"Hisshou Pachinko*Pachi-Slot Kouryaku Series Vol. 12: CR Shinseiki Evangelion - Shito, Futatabi",PS2,2008,Misc,0
Guilty Gear X,PS2,2001,Fighting,0.06
Obscure: The Aftermath,Wii,2008,Action,0.11
One Piece: Pirate Warriors 2,PSV,2013,Action,0
Gotouchi Tetsudou: Gotouchi Chara to Nihon Zenkoku no Tabi,3DS,2014,Misc,0
NHL 2002,GBA,2002,Sports,0.09
Mugen no Frontier: Super Robot Taisen OG Saga EXCEED,DS,2010,Role-Playing,0
Etrian Odyssey V,3DS,2016,Role-Playing,0
Disney's PK: Out of the Shadows,PS2,2002,Platform,0.06
Wild Earth: African Safari,Wii,2008,Simulation,0.1
Echo Night,PS,1998,Adventure,0.03
Wild ARMs 5 (jp sales),PS2,2006,Role-Playing,0
Record of Agarest War Zero,PS3,,Strategy,0.09
Colony Wars III: Red Sun,PS,2000,Simulation,0.07
Magic: The Gathering - Battlemage,PS,1997,Strategy,0.07
Rocksmith,PC,,Misc,0.06
Backyard Baseball '09,DS,2008,Sports,0.11
James Bond 007: Legends,WiiU,2012,Shooter,0.06
Conception II: Children of the Seven Stars,3DS,2013,Role-Playing,0.09
The King of Fighters '94,NG,1994,Fighting,0
DS Yamamura Misa Suspense: Maiko Kogiku - Kisha Katherine - Sougiya Isa Akashi - Koto ni Maru Hana Sanrin: Kyoto Satujin Jinken File,DS,2008,Adventure,0
All Kamen Rider: Rider Generation,DS,2011,Action,0
The King of Fighters '98 Ultimate Match,PS2,2008,Fighting,0.04
Reader Rabbit Kindergarten,Wii,2010,Misc,0.12
Puzzle Quest: Challenge of the Warlords,PS2,2007,Puzzle,0.06
Chessmaster: The Art of Learning,PSP,2008,Misc,0.11
Guardian's Crusade,PS,1998,Role-Playing,0.07
MotoGP 3 - Official Game of MotoGP,PS2,2003,Racing,0.06
Lego Star Wars: The Force Awakens,3DS,2016,Action,0.04
Makai Kingdom: Chronicles of the Sacred Tome,PS2,2005,Role-Playing,0.06
Lemony Snicket's A Series of Unfortunate Events,XB,2004,Platform,0.09
Gundam Breaker 3,PSV,2016,Action,0
Neopets Petpet Adventures: The Wand of Wishing,PSP,2006,Adventure,0.11
The Ant Bully,GC,2006,Platform,0.09
M&M's Kart Racing,DS,2008,Racing,0.11
Bomberman Party Edition,PS,1998,Puzzle,0.07
Ice Age: Dawn of the Dinosaurs,X360,2009,Action,0.09
SingStar Vol. 3,PS3,2008,Misc,0
Star Trek: Conquest,Wii,2007,Strategy,0.11
My Fitness Coach: Club,PS3,2011,Sports,0
Major League Baseball 2K8 Fantasy All-Stars,DS,2008,Sports,0.11
Eyeshield 21: Max Devil Power,DS,2006,Role-Playing,0
Summon Night 3,PSP,2012,Role-Playing,0
O.D.T.: Escape... Or Die Trying,PS,1997,Adventure,0.07
Madden NFL 06,DS,2005,Sports,0.11
Rango: The Video Game,Wii,2011,Action,0.07
Break 'Em All,DS,2005,Puzzle,0.11
Super Robot Wars OG Saga: Masou Kishin II - Revelation of Evil God,PSP,,Strategy,0
Mobile Suit Gundam Seed: Rengou vs. Z.A.F.T. Portable,PSP,2007,Shooter,0
San Goku Shi V,SAT,1996,Strategy,0
Red Faction II,XB,2003,Shooter,0.09
Go! Sudoku,PSP,2005,Puzzle,0.11
Daikaijyuu Monogatari II,SNES,1996,Role-Playing,0
Rock Band Track Pack Volume 2,PS2,2008,Misc,0.06
Voodoo Vince,XB,2003,Platform,0.09
Disney Sing It: Party Hits,PS3,2010,Misc,0.1
Gundam Memories: Tatakai no Kioku,PSP,2011,Action,0
Everybody Dance,PS3,2011,Misc,0.11
Kaijuu Busters,DS,2009,Action,0
Blackwater,X360,2011,Shooter,0.09
Tom Clancy's Ghost Recon,Wii,2010,Shooter,0.1
Ferrari Challenge Trofeo Pirelli,PS2,2008,Racing,0.06
Moshi Monsters: Katsuma Unleashed,DS,2013,Action,0
Virtua Fighter CG Portrait Series Vol.4: Pai Chan,SAT,1995,Misc,0
Chase: Hollywood Stunt Driver,XB,2002,Racing,0.09
Mobile Suit Gundam Side Story: Missing Link,PS3,2014,Action,0
Thor: God of Thunder,DS,2011,Action,0.08
The X Files: Resist or Serve,PS2,2004,Adventure,0.06
Touch My Katamari ,PSV,2011,Puzzle,0.07
PixelJunk Monsters Deluxe,PSP,2010,Strategy,0.11
Saru! Get You! Million Monkeys,PS2,,Platform,0
Legend of the Guardians: The Owls of Ga'Hoole,DS,2010,Action,0.11
Ben 10 Galactic Racing,Wii,2011,Racing,0.08
Curious George,PS2,2006,Action,0.06
Killer is Dead,X360,2013,Action,0.08
Don Bradman Cricket 14,PS4,2015,Sports,0.01
Megamind: Ultimate Showdown,X360,2010,Action,0.07
Zathura,PS2,2005,Adventure,0.06
Medarot DS: Kabuto / Kuwagata Ver.,DS,2010,Role-Playing,0
Atelier Sophie: The Alchemist of the Mysterious Book,PS4,2015,Role-Playing,0.03
Mytran Wars,PSP,2009,Strategy,0.08
Making History: The Great War,PSP,2010,Strategy,0
NCIS,PS3,2011,Adventure,0.07
Undead Knights,PSP,2009,Action,0.05
Ninja Reflex,Wii,2008,Action,0.11
Cel Damage,XB,2001,Racing,0.09
Lovely Lisa,DS,2007,Simulation,0.11
Dance Paradise,X360,2010,Misc,0.1
SSX 3,GBA,2003,Sports,0.09
Sword Art Online: Hollow Fragment,PS4,2015,Role-Playing,0
Supremacy MMA,PS3,2011,Fighting,0.07
Yamakawa Shuppansha Kanshuu: Shousetsu Nihonshi B,DS,2007,Misc,0
The God of War Trilogy,PS3,2010,Action,0
Lunar: Dragon Song,DS,2005,Role-Playing,0.11
Breakdown,XB,2004,Adventure,0.09
Rush,PSP,2006,Racing,0.11
Ecco the Dolphin,GEN,1992,Adventure,0
Solitaire & Mahjong,Wii,2009,Puzzle,0.11
Venetica,PS3,2010,Role-Playing,0.07
Looney Tunes: Sheep Raider,PS,2001,Platform,0.07
Horse Life,DS,2007,Simulation,0.09
Geometry Wars: Galaxies,Wii,2007,Shooter,0.11
Robinson: The Journey,PS4,2016,Action,0.06
Conduit 2,Wii,2011,Shooter,0.07
Harvest Moon 2 GBC,GB,1999,Simulation,0
Zenses: Rainforest,DS,2008,Puzzle,0.1
Backyard Baseball '10,DS,2009,Sports,0.11
Rise of the Tomb Raider,PC,2016,Adventure,0
The Lord of the Rings: Aragorn's Quest,PSP,2010,Action,0.07
X2: Wolverine's Revenge,GC,2003,Platform,0.09
Cabela's Dangerous Hunts 2011,DS,2010,Sports,0.11
Hatsune Miku: Project Diva X,PSV,2016,Misc,0.01
Deadliest Catch: Sea of Chaos,Wii,2010,Sports,0.11
McDROID,Wii,2011,Strategy,0
Destiny: The Collection,XOne,2016,Shooter,0.05
Lego Star Wars: The Force Awakens,X360,2016,Action,0.05
Gallop Racer 2000,PS,2000,Sports,0
Showdown: Legends of Wrestling,XB,2004,Fighting,0.09
Godzilla Unleashed: Double Smash,DS,2007,Action,0.11
My Farm Around the World,DS,2008,Simulation,0.11
Macross Triangle Frontier,PSP,2011,Action,0
SpongeBob's Surf & Skate Roadtrip,DS,2011,Action,0.1
Farming Simulator 17,XOne,2016,Simulation,0.04
Dishonored 2,PC,2016,Action,0.04
NASCAR Unleashed,X360,2011,Racing,0.11
The Smurfs 2,X360,2013,Platform,0.03
Street Hoops,GC,,Sports,0.09
Backyard Sports Football: Rookie Rush,Wii,2010,Sports,0.11
Transformers: War for Cybertron -- Decepticons,DS,2010,Action,0.11
Rocket: Robot on Wheels,N64,1999,Platform,0.1
Densha De Go! 64,N64,1999,Simulation,0
NFL QB Club 2001,N64,2000,Sports,0.11
Earthworm Jim 3D,N64,1999,Platform,0.1
NPPL: Championship Paintball 2009,X360,2008,Shooter,0.1
Shin Megami Tensei: Devil Survivor 2,3DS,2015,Role-Playing,0
Atelier Annie: Alchemists of Sera Island,DS,2009,Role-Playing,0.08
WRC: FIA World Rally Championship,X360,,Racing,0
PBR: Out of the Chute,Wii,2008,Sports,0.11
WWE SmackDown vs Raw 2008,DS,2007,Fighting,0.11
Godzilla: Destroy All Monsters Melee,XB,,Fighting,0.09
College Hoops 2K6,X360,2006,Sports,0.11
Sega Soccer Slam,PS2,2002,Sports,0.06
Dragon Quest Builders: Revive Alefgard,PS3,2016,Role-Playing,0
Dora the Explorer: Dora Saves the Mermaids,PS2,2008,Platform,0.06
2 Games in 1 Double Pack: Hot Wheels Velocity X / Hot Wheels World Race,GBA,2005,Racing,0.09
DiRT 2,DS,2009,Racing,0.06
Mahou Shoujo Lyrical Nanoha A's Portable: The Gears of Destiny,PSP,2011,Fighting,0
Dodge Racing: Charger vs Challenger,Wii,2009,Racing,0.11
Fate/Extra CCC,PSP,2013,Action,0
Greg Hastings Paintball 2,Wii,2010,Shooter,0.11
Fat Princess: Fistful of Cake,PSP,2010,Action,0.08
MTV Sports: Pure Ride,PS,2000,Sports,0.07
Burning Road,PS,1996,Racing,0.07
Sonic Adventure 2,DC,2001,Platform,0
IndyCar Series,PS2,2003,Racing,0.06
Slayers,SNES,1994,Role-Playing,0
Super Robot Wars OG Saga: Masou Kishin - The Lord of Elemental,DS,2010,Strategy,0
Space Chimps,PS2,2008,Platform,0.06
Backyard Sports Football: Rookie Rush,X360,2010,Sports,0.11
Crash Superpack: Crash Bandicoot 2: N-Tranced / Crash Nitro Kart,GBA,2005,Misc,0.09
Famicom Mini: TwinBee,GBA,2004,Shooter,0
Tony Hawk's Pro Skater 5,XOne,2015,Sports,0.09
Gladiator: Sword of Vengeance,PS2,2003,Action,0.06
Rodea the Sky Soldier,WiiU,2015,Action,0.08
The Daring Game for Girls,DS,,Adventure,0.11
Yakuza Kiwami,PS3,2016,Adventure,0
DreamWorks Super Star Kartz,3DS,2011,Racing,0.08
Pinball Hall of Fame: The Williams Collection,X360,2009,Misc,0.11
Ultimate Card Games,GBA,2003,Misc,0.09
Jikkyou Powerful Pro Yakyuu 8 Ketteiban,PS2,2001,Sports,0
NBA 2K17,X360,2016,Sports,0.09
Academy of Champions: Soccer,Wii,2009,Sports,0.09
Overlord: Raising Hell,PS3,2008,Action,0.07
Wallace & Gromit: Curse of the Were-Rabbit,PS2,2005,Adventure,0.06
Power Gig: Rise of the SixString,X360,2010,Misc,0.11
Mountain Sports,Wii,2009,Sports,0.11
Puzzle Kingdoms,Wii,2009,Puzzle,0.11
Skylanders: SuperChargers,3DS,2015,Action,0.05
Monster Jam: Path of Destruction,X360,2010,Racing,0.11
The Bible Game,GBA,2005,Misc,0.09
NFL Head Coach,XB,2006,Sports,0.09
Just Dance: Disney Party,Wii,2012,Misc,0.01
Medarot 4: Kabuto / Kuwagata Version,GB,2001,Role-Playing,0
Deca Sports Extreme,3DS,2011,Sports,0.08
Kidz Sports: Crazy Golf,Wii,2008,Sports,0.11
Major League Baseball 2K6,PSP,,Sports,0.11
Mahou Shoujo Lyrical Nanoha A's Portable: The Battle of Aces,PSP,2010,Shooter,0
Deepak Chopra's Leela,X360,2011,Misc,0.07
"Ed, Edd n Eddy: The Mis-Edventures",GBA,2005,Platform,0.08
Onimusha: Blade Warriors,PS2,2003,Fighting,0.06
One Piece: Super Grand Battle! X,3DS,2014,Fighting,0
Disney's Extreme Skate Adventure,GC,2003,Sports,0.09
Akuji the Heartless,PS,1998,Platform,0.07
NBA 2K2,GC,2002,Sports,0.09
Akiba's Trip: Undead & Undressed,PS4,2014,Action,0.08
Psychonauts,XB,2005,Platform,0.09
Tales of Berseria,PS3,2016,Role-Playing,0
Jeremy McGrath Supercross World,GC,2002,Racing,0.09
Uta no * Prince-Sama: All Star,PSP,2013,Action,0
HardBall 5,PS,1996,Sports,0.07
Airborne Troops: Countdown to D-Day,PS2,2005,Shooter,0.06
MLB Inside Pitch 2003,XB,2003,Sports,0.09
Jikkyou Powerful Pro Yakyuu 2014,PSV,2014,Sports,0
Skate City Heroes,Wii,2008,Sports,0.11
The Sky Crawlers: Innocent Aces,Wii,2008,Simulation,0.08
Battle Arena Toshinden Remix,SAT,1994,Fighting,0
nail'd,PS3,2010,Racing,0.08
Legends of Wrestling II,GC,2002,Fighting,0.09
Lost Magic,DS,2006,Role-Playing,0.09
A.C.E.: Another Century's Episode Portable,PSP,2011,Simulation,0
Jaws: Ultimate Predator,3DS,2011,Action,0.11
Marvel Avengers: Battle for Earth,WiiU,2012,Action,0.06
Jikkyou Powerful Pro Yakyuu 9,GC,2002,Sports,0
Rock Band: Metal Track Pack,PS3,2009,Misc,0.11
Alice: Madness Returns,PC,2011,Adventure,0
Barbie as The Island Princess,PS2,2007,Adventure,0.06
Crime Killer,PS,1998,Racing,0.07
Petz Puppyz & Kittenz,DS,2011,Misc,0.11
Backyard Wrestling 2: There Goes the Neighborhood,XB,2004,Fighting,0.09
Raiden IV,X360,2008,Shooter,0.1
MX vs. ATV Untamed,DS,2007,Racing,0.11
Tom Clancy's Splinter Cell: Blacklist,WiiU,2013,Action,0.04
SD Gundam G Generation-F.I.F,PS,2001,Strategy,0
Bishoujo Senshi Sailormoon S: Juugai Rantou!? Shuyaku Soudatsusen,SNES,1994,Fighting,0
Rubik's World,DS,2008,Puzzle,0.1
Zenses: Ocean,DS,2008,Puzzle,0.1
Phantasy Star Universe,X360,2006,Role-Playing,0.09
Peggle: Dual Shot,DS,2009,Puzzle,0.11
NPPL: Championship Paintball 2009,Wii,2008,Shooter,0.11
Spider-Man: Edge of Time,3DS,2011,Action,0.08
Cruis'n,Wii,2007,Racing,0.1
Samurai Warriors 4-II,PS4,2015,Action,0.03
Harukanaru Augusta 2: Masters,SNES,1993,Sports,0
Castlevania: Curse of Darkness,XB,2005,Action,0.09
SimAnimals Africa,Wii,2009,Simulation,0.1
Love Live! School Idol Paradise,PSV,2014,Misc,0
Lost Planet 3,X360,2013,Shooter,0.07
Battles of Prince of Persia,DS,2005,Strategy,0.1
The Clique: Diss and Make Up,DS,2009,Adventure,0.11
Mobil 1 Rally Championship,PS,2000,Racing,0.07
USA Today Crossword Challenge,DS,2008,Puzzle,0.11
King of Colosseum (Red): Shin Nippon x Zen Nippon x Pancrase Disc,PS2,2002,Fighting,0
Turok: Evolution,GBA,2002,Shooter,0.08
Charm Girls Club: My Perfect Prom,DS,2009,Simulation,0.11
Marvel Trading Card Game,DS,2007,Misc,0.11
Rugrats: Totally Angelica,PS,2001,Adventure,0.06
Nightshade,PS2,2003,Action,0.06
Brunswick Pro Bowling,3DS,2011,Sports,0.11
CSI: Crime Scene Investigation,XB,2004,Adventure,0.09
Wipeout 2,PS3,2011,Misc,0.11
LEGO Batman 2: DC Super Heroes,WiiU,2013,Action,0.04
Ultimate Puzzle Games: Sudoku Edition,DS,2007,Puzzle,0.11
Buffy the Vampire Slayer: Chaos Bleeds,XB,2003,Action,0.09
Onechanbara: Bikini Zombie Slayers,Wii,2008,Action,0.11
Hanagumi Taisen Columns,SAT,1997,Puzzle,0
Tropico 5,PC,2014,Simulation,0.02
Tales of Destiny 2,PSP,2007,Role-Playing,0
Teenage Mutant Ninja Turtles 3: Mutant Nightmare,GC,2005,Action,0.09
Reality Fighters,PSV,2012,Fighting,0.05
Petz Fantasy: Moonlight Magic,DS,2010,Simulation,0.11
The Price is Right: Decades,Wii,2011,Misc,0.11
Power Pro Kun Pocket 14,DS,2011,Sports,0
Dragon Ball: Origins,DS,2008,Action,0.08
Jikkyou Powerful Pro Baseball 2016,PS3,2016,Sports,0
FIFA 17,PC,2016,Sports,0
After Hours Athletes,PS3,2011,Sports,0
UN Squadron,SNES,1991,Shooter,0
Tecmo Super Bowl,PS,1996,Sports,0.06
Disney Princess: Enchanting Storybooks,DS,2011,Misc,0.07
Dora the Explorer: Journey to the Purple Planet,GC,2005,Adventure,0.09
Lunar 2: Eternal Blue,SAT,1998,Role-Playing,0
NHL Powerplay '96,PS,1996,Sports,0.06
Thousand Arms,PS,1998,Role-Playing,0.06
Arctic Thunder,XB,2001,Racing,0.09
Barnyard,GC,2006,Action,0.09
2 in 1 Combo Pack: Sonic Heroes / Super Monkey Ball Deluxe,X360,2013,Misc,0.09
Stolen Song,PS,1998,Adventure,0
Armored Core: Verdict Day,PS3,2013,Simulation,0
Yattaman DS: BikkuriDokkiri Daisakusen da Koron,DS,2008,Action,0
Madden NFL 17,PS3,2016,Sports,0.07
Harvey Birdman: Attorney at Law,PS2,2008,Adventure,0.06
My Chinese Coach,DS,2008,Misc,0.1
Lost in Shadow,Wii,2010,Platform,0.09
DEATH NOTE: Kira Game,DS,2007,Adventure,0
Legend of the Guardians: The Owls of Ga'Hoole,Wii,2010,Action,0.1
Sengoku Cyber: Fujimaru Jigokuhen,PS,1995,Strategy,0
Hisshou Pachinko*Pachi-Slot Kouryaku Series Vol.10: CR Shinseiki Evangelion: Kiseki no Kachi,PS2,2007,Misc,0
ASH: Archaic Sealed Heat,DS,2007,Role-Playing,0
DreamWorks Super Star Kartz,PS3,2011,Racing,0.06
Dorabase 2: Nettou Ultra Stadium,DS,2009,Sports,0
Where the Wild Things Are,Wii,2009,Platform,0.11
Center Ring Boxing,SAT,1994,Fighting,0
NHL 2K3,XB,2002,Sports,0.09
Die Hard: Vendetta,GC,2002,Shooter,0.09
F1 2002,PS2,2002,Racing,0.05
Every Extend Extra,PSP,2006,Shooter,0.1
FIFA Soccer,PSP,2005,Sports,0.11
Cabela's North American Adventures,PS3,2010,Sports,0.11
Darkspore,PC,2011,Role-Playing,0.07
Self-Defense Training Camp,X360,2011,Sports,0.08
Sphinx and the Cursed Mummy,XB,2003,Action,0.09
Midnight Mysteries: The Edgar Allan Poe Conspiracy,DS,2010,Adventure,0.08
Dynasty Warriors 8: Xtreme Legends,PSV,2013,Action,0.03
GT Advance 2: Rally Racing,GBA,2001,Racing,0.08
Yakuza,PS3,2012,Action,0
Karaoke Revolution Presents American Idol Encore 2,PS3,2008,Misc,0.11
Deception IV: Blood Ties,PS3,2014,Action,0.03
DOA 2: Dead or Alive 2 Hardcore,PS2,2000,Fighting,0
Tenchu: Shadow Assassins,PSP,2009,Action,0.03
Fuse (Insomniac),PS3,2013,Shooter,0.06
Cabela's Deer Hunt 2005 Season,XB,2004,Sports,0.09
SplashDown,XB,2002,Racing,0.09
18 Wheels of Steel: Extreme Trucker 2,PC,2011,Racing,0.08
Nobunaga no Yabou: Tenshoki,SAT,1995,Strategy,0
F1 Racing Championship,PS,2000,Racing,0.06
Dead Man's Hand,XB,2004,Shooter,0.09
Smash Cars,PS2,2003,Racing,0.06
NASCAR 07,PS2,2006,Racing,0.06
Merv Griffin's Crosswords,Wii,2008,Puzzle,0.11
Tecmo Bowl: Kickoff,DS,2008,Sports,0.11
Lost Horizon,PC,2010,Adventure,0
SingStar Latino,PS3,2009,Misc,0.11
NFL Tour,PS3,2008,Sports,0.1
Minute to Win It,DS,2010,Misc,0.11
Rugby 15,PS4,2015,Sports,0.04
Jikkyou Powerful Pro Yakyuu 12 Ketteiban,PS2,2005,Sports,0
Melty Blood: Act Cadenza,PS2,2006,Fighting,0
Dokapon Kingdom,PS2,2007,Role-Playing,0.05
ToeJam & Earl III: Mission to Earth,XB,2002,Action,0.09
Puzzle Quest 2,DS,2010,Puzzle,0.1
Phantasy Star Collection,GBA,2002,Role-Playing,0.08
Doukoku Shoshite...,SAT,1998,Adventure,0
LEGO Knights' Kingdom,GBA,2004,Action,0.08
Final Fantasy III,PSP,2012,Role-Playing,0
Taiko Drum Master: Tokumori!,WiiU,2014,Misc,0
Disney Art Academy,3DS,2016,Action,0.02
A Witch's Tale,DS,2009,Role-Playing,0.08
MySims SkyHeroes,PS3,2010,Action,0.08
Persona 5,PS3,2016,Role-Playing,0
Hyperdimension Neptunia U: Action Unleashed,PSV,2014,Action,0.03
Retro Game Challenge,DS,2007,Action,0
NBA Jam 2002,GBA,2002,Sports,0.08
Yogi Bear: The Video Game,Wii,2010,Action,0.06
Shining Force NEO,PS2,2005,Role-Playing,0.06
Pocket Soccer League: Calciobit,3DS,2012,Sports,0
Army Men: Sarge's War,XB,2004,Shooter,0.09
Primal Rage,PS,1994,Fighting,0.06
FIFA Street 2,GC,2006,Sports,0.09
Heart Catch PreCure! Oshare Collection,DS,2010,Action,0
Fantastic Four: Rise of the Silver Surfer,X360,2007,Action,0.1
Monster Madness: Battle for Suburbia,X360,2007,Shooter,0.1
Taito Legends,PS2,2005,Misc,0.06
Mechanic Master,DS,2008,Puzzle,0.1
Tom Clancy's EndWar,PSP,2008,Strategy,0.1
Tom Clancy's Rainbow Six: Rogue Spear,GBA,2002,Shooter,0.08
Pac 'n Roll,DS,2005,Platform,0.09
Animal Genius,DS,2007,Puzzle,0.1
BoomBots,PS,1999,Fighting,0.06
NFL Head Coach 09,X360,2008,Sports,0.11
Star Trek: Conquest,PS2,,Strategy,0.06
Blood Drive,X360,2010,Racing,0.09
World Championship Rugby,PS2,2004,Sports,0.06
The Price is Right: Decades,X360,2011,Misc,0.11
Phantom Dust,XB,2004,Action,0.08
Vacation Isle: Beach Party,Wii,2010,Misc,0.08
The Walking Dead: Survival Instinct,WiiU,2013,Shooter,0.08
Shinseiki Evangelion: Koutetsu no Girlfriend,PS,1998,Adventure,0
Shin Sangoku Musou: Multi Raid 2,PSP,2010,Action,0
Growlanser Generations,PS2,2003,Role-Playing,0.06
Puyo Puyo Tetris,3DS,2014,Puzzle,0
Mega Man Battle Chip Challenge,GBA,2003,Misc,0.08
Fatal Frame: Maiden of Black Water,WiiU,2014,Action,0
Prince of Persia: Rival Swords,PSP,2007,Action,0.08
Samurai Warriors 4-II,PS3,2015,Action,0
Tom Clancy's Splinter Cell Trilogy,PS3,2011,Action,0
The Lord of the Rings: Aragorn's Quest,DS,2010,Action,0.09
Cold Winter,PS2,2005,Shooter,0.06
Ring of Red,PS2,2000,Strategy,0.06
International Track & Field 2000,PS,1999,Sports,0.06
Stubbs the Zombie in Rebel Without a Pulse,XB,2005,Action,0.08
Batman: Dark Tomorrow,XB,2003,Action,0.08
Girl Time,DS,2009,Simulation,0.11
Ping Pals,DS,2004,Misc,0.1
MLB 13: The Show,PSV,2013,Sports,0.1
Mystery P.I. - Portrait of a Thief,DS,2008,Adventure,0.1
18 Wheeler: American Pro Trucker,GC,2002,Racing,0.09
Naruto Ultimate Collection,PS2,2008,Misc,0.06
The King of Fighters '99,PS,2000,Fighting,0
Super Run For Money Tousouchuu Atsumare! Saikyou no Tousou Monotachi,3DS,2015,Action,0
Mass Destruction,PS,1997,Shooter,0.06
Shinseiki Evangelion: Koutetsu no Girlfriend,SAT,1998,Adventure,0
Split/Second,PSP,2010,Racing,0.08
Warhammer: Battle March,X360,2008,Strategy,0.09
Batman: Rise of Sin Tzu,XB,2003,Action,0.08
The King of Fighters XII,X360,2009,Fighting,0.09
Super Swing Golf Season 2,Wii,2007,Sports,0.08
Garfield's Fun Fest,DS,2008,Platform,0.07
Queen's Blade: Spiral Chaos,PSP,2009,Role-Playing,0
Desktop Tower Defense,DS,2009,Strategy,0.1
Jikkyou Powerful Pro Yakyuu '95,PS,1994,Sports,0
Spy vs Spy,XB,2005,Action,0.08
Coraline,PS2,2009,Action,0.06
Sega Touring Car Championship,SAT,1996,Racing,0
Cold Fear,PS2,2005,Action,0.06
Zangeki no Reginleiv,Wii,2010,Action,0
Zubo,DS,2008,Misc,0.08
Daito Giken Koushiki Pachi-Slot Simulator: Hihouden,PS2,2006,Misc,0
My SAT Coach with The Princeton Review,DS,2008,Misc,0.1
NHL Hitz 20-03,XB,2002,Sports,0.08
Murakumo: Renegade Mech Pursuit,XB,2002,Shooter,0.04
The Hardy Boys: Treasure on the Tracks,DS,2009,Adventure,0.1
Gun Metal,XB,2002,Shooter,0.08
Funky Barn,3DS,2012,Simulation,0.07
Transformer: Rise of the Dark Spark,PS3,2014,Action,0.04
Cory in the House,DS,2007,Action,0.1
Pro Yaky? Spirits 5,PS3,2008,Sports,0
BloodRayne,GC,2002,Shooter,0.09
MotoGP 14 ,PS3,2014,Racing,0.05
Metal Slug 4 & 5,PS2,2005,Shooter,0.05
ECW Anarchy Rulz,PS,1999,Fighting,0.06
InuYasha: A Feudal Fairy Tale,PS,2002,Fighting,0
Where the Wild Things Are,X360,2009,Platform,0.1
Toukiden 2,PSV,2016,Action,0
TMNT,PSP,2007,Action,0.1
J-League Winning Eleven 9: Asia Championship,PS2,2005,Sports,0
Sabrina The Teenage Witch: Potion Commotion,GBA,2002,Action,0.08
Happy Feet Two,3DS,2011,Action,0.08
Transformer: Rise of the Dark Spark,XOne,2014,Action,0.07
Pocket Pets,DS,2007,Simulation,0.1
Pac-Man Pinball Advance,GBA,2005,Misc,0.08
Yu Yu Hakusho: Tournament Tactics,GBA,2004,Strategy,0.08
Home Run King,GC,2002,Sports,0.09
To Heart 2: Dungeon Travelers,PSP,2011,Adventure,0
WWE All Stars,PS2,2011,Fighting,0.05
MLB Power Pros,PS2,2007,Sports,0
Dementium II,DS,2010,Shooter,0.09
Virtua Fighter CG Portrait Series Vol.1: Sarah Bryant,SAT,1995,Misc,0
GoldenEye: Rogue Agent,DS,2005,Shooter,0.1
Kousoku Card Battle: Card Hero,DS,2007,Strategy,0
BlazBlue: Calamity Trigger Portable,PSP,2010,Fighting,0.07
AirForce Delta Strike,PS2,2004,Simulation,0.05
Tokimeki Memorial: Girl's Side 2nd Season,DS,2008,Adventure,0
Disney's Peter Pan: Return to Never Land,GBA,2002,Platform,0.08
Pimp My Ride,Wii,2008,Racing,0.1
The Fairly Odd Parents: Breakin Da Rules,XB,2003,Platform,0.08
Capcom vs. SNK 2 EO,GC,2002,Fighting,0.09
Hot Wheels Velocity X,GC,2002,Racing,0.09
Open Season,X360,2006,Platform,0.1
Akiba's Trip: Undead & Undressed,PS3,2013,Action,0.05
de Blob 2,DS,2011,Platform,0.08
Call of Juarez: The Cartel,PC,2011,Shooter,0.05
Fabulous Finds,DS,2009,Puzzle,0.1
Let's Play Garden,DS,2010,Simulation,0.1
EA Replay,PSP,2006,Action,0.1
Contra Advance: The Alien Wars EX,GBA,2002,Shooter,0.08
Jake Hunter Detective Story: Memories of the Past,DS,2007,Adventure,0.06
Escape The Museum,Wii,2009,Adventure,0.1
LEGO Ninjago: Shadow of Ronin,PSV,2015,Action,0.01
Space Chimps,X360,2008,Platform,0.1
FIFA Soccer 06,PSP,2005,Sports,0.1
JASF: Jane's Advanced Strike Fighters,PS3,2011,Simulation,0.07
The History Channel: Battle for the Pacific,Wii,2007,Shooter,0.1
Army Men: RTS,PS2,2002,Strategy,0.05
Mobile Suit Gundam: MS Sensen 0079,Wii,2007,Simulation,0
Digimon Story: Cyber Sleuth,PS4,2016,Role-Playing,0
Cloudy With a Chance of Meatballs,Wii,2009,Platform,0.1
The Settlers,DS,2007,Action,0.1
Stronghold,PC,2001,Strategy,0
NCIS 3D,3DS,2011,Adventure,0.06
Shin Kamaitachi no Yoru: 11 Hitome no Suspect,PS3,2011,Adventure,0
Ridge Racer Unbounded,X360,2012,Racing,0.05
Family Game Night 4: The Game Show,PS3,2011,Misc,0.08
Mortal Kombat: Deception,GC,2005,Fighting,0.09
ESPN NHL Hockey,XB,2003,Sports,0.08
Monster Lab,PS2,2008,Role-Playing,0.05
Yard Sale Hidden Treasures: Sunnyville,DS,2010,Puzzle,0.1
John Daly's ProStroke Golf,PS3,2010,Sports,0.09
XXX,GBA,2002,Action,0.08
Maximum Force,PS,1997,Shooter,0.06
Get Up and Dance,Wii,2011,Misc,0.06
Truth or Lies,X360,2010,Misc,0.07
Worms Forts: Under Siege,PS2,2004,Strategy,0.05
Guitar Rock Tour,DS,2007,Misc,0.1
Puzzler World 2,DS,2010,Puzzle,0.02
Project: Snowblind,XB,2005,Action,0.08
Astro Boy: The Video Game,PS2,2009,Action,0.05
Gabrielle's Ghostly Groove 3D,3DS,2011,Adventure,0.08
Surf's Up,PSP,2007,Sports,0.02
Brave Story: New Traveler (US sales),PSP,2006,Role-Playing,0.11
Cake Mania,DS,2007,Puzzle,0.09
Disney's Extreme Skate Adventure,XB,2003,Sports,0.08
Tales of Phantasia (PS1 & PSP Versions),PSP,2006,Role-Playing,0
Kouchuu Ouja Mushi King: Super Collection,DS,2007,Action,0
The Adventures of Jimmy Neutron Boy Genius: Jet Fusion,GC,2003,Action,0.09
Nickelodeon Dance,X360,2011,Misc,0.08
Pac-Man World 2,GBA,2005,Action,0.08
Odama,GC,2006,Misc,0.07
PriPara Mezase! Idol Grand Prix No.1!,3DS,2015,Misc,0
Karaoke Revolution Presents American Idol Encore,X360,2008,Misc,0.1
Mobile Light Force 2,PS2,2002,Shooter,0.05
Naval Ops: Warship Gunner,PS2,2003,Simulation,0.05
Soma Bringer,DS,2008,Role-Playing,0
Paws & Claws Pet Vet: Australian Adventures,DS,2009,Simulation,0.1
Shin Sangoku Musou 6 Special,PSP,2011,Action,0
Go! Sudoku (JP sales),PSP,2005,Puzzle,0
Bionicle Heroes,GC,2006,Shooter,0.08
The King of Fighters 2000/2001,PS2,2003,Fighting,0.05
Valkyrie Drive: Bhikkhuni,PSV,2015,Action,0
Top Gear Rally 2,N64,1999,Racing,0.09
Chopper Attack,N64,1997,Action,0.09
Vigilante 8: 2nd Offense,N64,2000,Racing,0.09
Fighting Force 64,N64,1999,Action,0.09
Lunacy,SAT,1996,Adventure,0
Snowboard Kids 2,N64,1999,Sports,0.09
Batman & Robin,PS,1998,Action,0.06
Tonic Trouble,N64,1999,Platform,0.09
Nuclear Strike 64,N64,1999,Simulation,0.09
Chameleon Twist,N64,1997,Platform,0.09
DualPenSports,3DS,2011,Sports,0.05
Grease,DS,2010,Misc,0.1
The King of Fighters Collection: The Orochi Saga,Wii,2008,Fighting,0.1
The Spiderwick Chronicles,X360,2008,Action,0.09
Bodycount,PS3,2011,Shooter,0.05
Street Fighter Collection,SAT,1996,Fighting,0
Ninja Assault,PS2,2002,Shooter,0.05
Samurai Warriors 4,PSV,2014,Action,0
Winter Stars,Wii,2011,Sports,0.05
Hasbro Family Game Night Fun Pack,Wii,2011,Misc,0.1
Planet 51,PS3,2009,Action,0.07
GunGriffon Blaze,PS2,2000,Simulation,0.05
Frontier Gate,PSP,2011,Role-Playing,0
Higurashi no Naku Koro ni Matsuri,PS2,2007,Adventure,0
Army Men: Soldiers of Misfortune,DS,2008,Shooter,0.1
Top Angler: Real Bass Fishing,PS2,2002,Sports,0.05
Eragon,PSP,2006,Action,0.1
Breakout,PS,1999,Puzzle,0.06
AKB48+Me,3DS,2012,Action,0
Alias,PS2,2004,Action,0.05
Sakura Taisen Hanagumi Tsuushin,SAT,1997,Misc,0
Famicom Mini: Famicom Tantei Club - Kieta Koukeisha Zenkouhen,GBA,2004,Adventure,0
Calling,Wii,2009,Adventure,0.06
Yomawari,PSV,2015,Adventure,0.02
Night at the Museum: Battle of the Smithsonian,X360,2009,Action,0.07
Pinball Hall of Fame: The Williams Collection,PSP,2008,Misc,0.09
Spyborgs,Wii,2009,Action,0.09
ESA Game Pack,PS3,2010,Misc,0.1
Outlaw Golf: Nine Holes of Christmas,XB,2002,Sports,0.08
Invizimals: The Lost Tribes,PSP,2011,Action,0
NHL Rivals 2004,XB,2003,Sports,0.08
Bodycount,X360,2011,Shooter,0.07
X-Men: Next Dimension,XB,2002,Fighting,0.08
Tyco RC: Assault with a Battery,PS,1999,Racing,0.06
Felony 11-79,PS,1997,Racing,0.06
Machinarium,PC,2009,Adventure,0
Avatar: The Last Airbender,PSP,2006,Adventure,0.1
Death Jr.: Root of Evil,Wii,2008,Platform,0.1
Classic Road,SNES,1993,Sports,0
Panzer Dragoon Saga,SAT,1997,Role-Playing,0
Michael Phelps: Push the Limit,X360,2011,Sports,0.09
Nicktoons: Unite!,DS,2006,Adventure,0.1
Lost in Blue,DS,2005,Adventure,0.07
Wasteland 2,PS4,2015,Role-Playing,0.08
Smash Court Tennis 3,X360,2007,Sports,0.08
Batman: Return to Arkham,XOne,2016,Action,0.05
The Scorpion King: Rise of the Akkadian,GC,2002,Action,0.08
Shining Ark,PSP,2013,Role-Playing,0
Transformers: Beast Wars Transmetals,PS,2000,Fighting,0.06
GiFTPiA,GC,,Role-Playing,0
My Little Sister Can't Be This Cute Portable,PSP,2012,Action,0
Backyard NFL Football '10,X360,2009,Sports,0.1
Constantine,PS2,2005,Action,0.05
Charlie and the Chocolate Factory,XB,2005,Adventure,0.08
Dynasty Tactics 2,PS2,2003,Strategy,0.05
Real World Golf,PS2,2005,Sports,0.05
Winter Heat,SAT,1996,Sports,0
Ty the Tasmanian Tiger 2: Bush Rescue,XB,2004,Platform,0.08
Hole in the Wall: Deluxe Edition,X360,2011,Misc,0.1
Defender,GC,2002,Misc,0.08
Blazblue: Continuum Shift Extend,PSV,2011,Fighting,0.03
4 Game Fun Pack: Monopoly / Boggle / Yahtzee / Battleship,DS,2005,Misc,0.1
Mushroom Men: Rise of the Fungi,DS,2008,Action,0.1
The Polar Express,GC,2004,Adventure,0.08
BMX XXX,XB,2002,Sports,0.08
ATV: Quad Frenzy,DS,2005,Racing,0.1
Touch Detective 2 1/2,DS,2007,Adventure,0.09
Animal Planet: Vet Life,DS,2009,Simulation,0.1
Frogger: Helmet Chaos,PSP,2005,Platform,0.1
Picross 3D 2,3DS,2015,Puzzle,0
Pimp My Ride,X360,2006,Racing,0.1
Lady Sia,GBA,2001,Platform,0.08
Rock Band: Metal Track Pack,PS2,2009,Misc,0.05
Robotech: Invasion,PS2,2004,Shooter,0.05
Vacation Sports,Wii,2009,Sports,0.09
PDC World Championship Darts: Pro Tour,Wii,2010,Sports,0
Hollywood Squares,Wii,2010,Misc,0.1
Dr. Seuss' The Cat in the Hat,XB,2003,Misc,0.08
Irozuki Tingle no Koi no Balloon Trip,DS,2009,Adventure,0
Silly Bandz: Play The Craze,DS,2010,Puzzle,0.1
RIGS: Mechanized Combat League,PS4,2016,Action,0.03
Final Fantasy I & II,NES,1994,Role-Playing,0
Starsky & Hutch,GC,2003,Racing,0.08
Hellboy: The Science of Evil,X360,2008,Action,0.1
Langrisser IV,SAT,1997,Strategy,0
ATV Quad Kings,DS,2010,Racing,0.1
FoxKids.com Micro Maniacs Racing,PS,2000,Racing,0.06
Hexen: Beyond Heretic,PS,1997,Shooter,0.06
NBA Live 16,XOne,2015,Sports,0.09
Arcade Party Pak,PS,1999,Misc,0.06
Deus Ex: Human Revolution,WiiU,2013,Shooter,0.05
Sonic Generations,PC,2011,Platform,0.02
Kotoba no Puzzle: Mojipittan Daijiten,PSP,2004,Puzzle,0
Yamaha Supercross,DS,2009,Racing,0.1
Hitman Trilogy,PS2,2007,Action,0.05
Dragon Quest & Final Fantasy in Itadaki Street Portable,PSP,2006,Misc,0
Astro Boy: The Video Game,Wii,2009,Action,0.1
Railroad Tycoon II,PS,1999,Strategy,0.06
The Cheetah Girls: Pop Star Sensations,DS,2007,Misc,0.1
Kirarin * Revolution: Kira Kira Idol Audition,DS,2006,Simulation,0
Rock Band: Metal Track Pack,Wii,2009,Misc,0.1
Ranma 1/2: Akanekodan Teki Hihou,SNES,1993,Role-Playing,0
Grand Theft Auto: San Andreas,X360,2008,Action,0.08
The Penguins of Madagascar: Dr. Blowhole Returns - Again!,X360,2011,Action,0.07
Planet 51,X360,2009,Action,0.07
The BIGS,PSP,2007,Sports,0.1
[Prototype 2],PC,2012,Action,0.07
Zombie Army Trilogy,XOne,2015,Shooter,0.05
Happy Feet Two,PS3,,Action,0.09
Victory Zone,PS,1995,Misc,0
Cabela's North American Adventures,X360,2010,Sports,0.1
Rengoku: The Tower of Purgatory,PSP,2005,Action,0.1
Cabela's Adventure Camp,PS3,2011,Misc,0.06
Goal Storm '97,PS,1996,Sports,0.01
Paws & Claws: Pet Resort,Wii,2009,Simulation,0.1
Bust-A-Move DS,DS,2005,Puzzle,0.08
Dynasty Warriors Advance,GBA,2005,Action,0.08
God Eater 2: Rage Burst,PS4,2015,Role-Playing,0
Pachi-Slot Aruze Oukoku 3,PS,2000,Misc,0
Tournament Pool,Wii,2009,Sports,0.1
Rock Band Track Pack: Classic Rock,PS3,2009,Misc,0.1
Aqua Aqua,PS2,2000,Puzzle,0.05
BlazBlue: Continuum Shift II,3DS,2011,Fighting,0.05
Cats & Dogs: The Revenge of Kitty Galore,DS,2010,Action,0.1
Mega Man Zero 4,GBA,2005,Platform,0.08
NASCAR '14,PS3,2014,Racing,0.09
Where the Wild Things Are,PS3,2009,Platform,0.09
Black Bass with Blue Marlin,PS,1999,Sports,0.06
DJ Max Fever,PSP,2009,Misc,0.09
Mega Man Battle Network 5: Double Team DS (JP sales),DS,2005,Role-Playing,0
Shrek: Forever After,X360,2010,Platform,0.1
My Boyfriend,DS,2008,Simulation,0.1
Utawarerumono: Chiriyukusha e no Komoriuta,PS2,2006,Adventure,0
Dawn of Discovery,DS,2009,Simulation,0.07
Pro Evolution Soccer 2016,XOne,2015,Sports,0.04
Hyper Formation Soccer,PS,1995,Sports,0
Tiger Woods PGA Tour 06,GC,2005,Sports,0.08
Jupiter Strike,PS,1994,Shooter,0.06
Totally Spies! Totally Party,Wii,2008,Misc,0.09
Sudokuro,DS,2007,Puzzle,0.1
ArmA III,PC,2013,Shooter,0
Saigo no Yakusoku no Monogatari,PSP,2011,Role-Playing,0
Metal Gear Solid Integral,PS,1999,Adventure,0
Tetris Evolution,X360,2007,Puzzle,0.08
Green Lantern: Rise of the Manhunters,DS,2011,Action,0.07
FIFA World Cup Germany 2006,PSP,2006,Sports,0.1
Fit in Six,Wii,2011,Sports,0.1
Reign of Fire,GC,2002,Shooter,0.08
Naruto Shippuden: Naruto vs. Sasuke,DS,2008,Action,0.07
MLB 14: The Show,PSV,2014,Sports,0.08
Rogue Warrior,X360,2009,Shooter,0.09
Sniper Elite,Wii,2010,Shooter,0.07
Tales of the World: Reve Unitia,3DS,2014,Role-Playing,0
Sakura Wars,DC,2000,Adventure,0
Jampack Volume 14 (RP-T),PS2,2006,Misc,0.05
Pro Yakyuu Team o Tsukurou! 2,DS,2009,Sports,0
Mace Griffin: Bounty Hunter,XB,2003,Shooter,0.08
Naruto Shippuden 3D: The New Era,3DS,2011,Action,0
Woody Woodpecker Racing,PS,1999,Racing,0.06
Martian Gothic: Unification,PS,2001,Adventure,0.06
Final Fantasy XII International Zodiac Job System,PS2,2007,Role-Playing,0
Fight Club,XB,2004,Fighting,0.08
WWE 2K17,X360,2016,Sports,0.05
Carnage Heart,PS,1995,Strategy,0.01
Tom Clancy's Splinter Cell: Conviction,PC,2010,Action,0
"Grand Theft Auto: Mission Pack #1, London 1969",PS,1998,Adventure,0.06
Kamen Rider: Climax Heroes,PS2,2009,Fighting,0
Robotics;Notes,PS3,2012,Adventure,0
Disney Channel Collection Vol. 1,GBA,2004,Misc,0.08
Total Immersion Racing,PS2,2002,Racing,0.05
The Hardy Boys: The Hidden Theft,Wii,2009,Adventure,0.07
Virtual Hydlide,SAT,1995,Role-Playing,0
Rango: The Video Game,DS,2011,Action,0.07
Warriors Orochi 3,PSP,2012,Action,0
Space Invaders,GBA,2002,Shooter,0.08
FlatOut: Ultimate Carnage,X360,2007,Racing,0.07
Viewtiful Joe: Double Trouble!,DS,2005,Action,0.08
Digimon Digital Card Battle,PS,1999,Strategy,0.06
Petz Fashion: Dogz & Catz,DS,2009,Simulation,0.1
Dragon Ball Z: Battle of Z,PSV,2014,Fighting,0
Kuroko's Basketball: Miracle Game,PSP,2012,Sports,0
Aquapazza: Aquaplus Dream Match,PS3,2012,Fighting,0.05
Jikkyou Powerful Pro Yakyuu 13 Ketteiban,PS2,2006,Sports,0
Stronghold Kingdoms,PC,2011,Strategy,0
Yuusha no Kuse ni Namaikida Or 3D,PSP,2010,Strategy,0
Lucha Libre AAA: Heroes del Ring,PS3,2010,Fighting,0.1
Dead to Rights II,XB,2005,Shooter,0.08
Hysteria Hospital: Emergency Ward,DS,2009,Action,0.1
Project: Horned Owl,PS,1995,Shooter,0.03
Mobile Suit Gundam Age: Universe Accel / Cosmic Drive,PSP,2012,Action,0
Pac-Man and the Ghostly Adventures 2,X360,2014,Adventure,0.05
Trauma Center: Under the Knife 2,DS,2008,Simulation,0.1
Dragon Ball Z Super Gokuden: Kakusei-Hen,SNES,1995,Role-Playing,0
Busou Shinki: Battle Masters Mk. 2,PSP,2011,Action,0
Skylanders Imaginators,PS3,2016,Platform,0.02
Cabela's Dangerous Hunts 2,XB,2005,Sports,0.08
Fate/Extella: The Umbral Star,PS4,2016,Action,0
Fairy Tail: Portable Guild,PSP,2010,Fighting,0
Big League Sports: Summer,DS,2009,Sports,0.09
SimCity 2000,GBA,2003,Simulation,0.08
Brunswick Circuit Pro Bowling 2,PS,2000,Sports,0.06
D,PS,1995,Adventure,0
Rock Revolution,DS,2008,Misc,0.1
X-Men: The Official Game,DS,2006,Action,0.1
"Sakura Wars: So Long, My Love",Wii,2010,Role-Playing,0.05
Ennichi no Tatsujin,Wii,2006,Misc,0
Mind Zero,PSV,2013,Role-Playing,0.05
Rocky Balboa,PSP,2007,Sports,0.01
Wizardry VI: Bane of the Cosmic Forge,SNES,1995,Role-Playing,0
Power Pocket Koushien,DS,2005,Sports,0
Pro Yaky? Spirits 2010,PS2,2010,Sports,0
Taiko no Tatsujin: V Version,PSV,2015,Action,0
Gravity Games Bike: Street Vert Dirt,PS2,2002,Sports,0.05
Top Spin,PS2,2005,Sports,0.05
Derby Stallion P,PSP,2006,Sports,0
Family Feud: 2012 Edition,X360,2011,Misc,0.1
Kamen Rider: Battride War II,PS3,2014,Action,0
Kenka Bancho Bros: Tokyo Battle Royale,PSP,2012,Action,0
UFC: Tapout 2,XB,2003,Fighting,0.08
Kirarin * Revolution: Tsukutte Misechao! Kime * Kira Stage,DS,2007,Simulation,0
The Book of Unwritten Tales,PC,2009,Adventure,0
My First Dollhouse,DS,2010,Misc,0.1
Dreamer Series: Top Model,DS,2009,Simulation,0.1
Science Papa,DS,2009,Misc,0.09
The Godfather: Mob Wars,PSP,2006,Action,0.09
American Girl: Julie Finds a Way,DS,2007,Adventure,0.1
Taiko no Tatsujin: Don Don! Mystery Adventure,3DS,2016,Action,0
Jikkyou Powerful Pro Yakyuu 10,GC,2003,Sports,0
Ski-Doo Snowmobile Challenge,PS3,2009,Racing,0.1
Vexx,XB,2003,Platform,0.08
F1 Career Challenge,PS2,2003,Racing,0.05
Pariah,XB,2005,Action,0.08
Cabela's Outdoor Adventures,XB,2005,Sports,0.08
Fatal Frame 2: Wii Edition,Wii,2012,Action,0
Metal Slug 3,XB,2004,Shooter,0.08
World Series of Poker: Tournament of Champions 2007 Edition,PSP,2006,Misc,0.1
Motocross Mania 3,PS2,2004,Racing,0.05
Sacred 3,PS3,2014,Role-Playing,0.03
Yoostar2,PS3,2011,Misc,0.04
Pro Yakyuu Famista DS 2009,DS,2009,Sports,0
Winning Eleven: Pro Evolution Soccer 2007,X360,2006,Sports,0.09
Banjo-Pilot,GBA,2005,Racing,0.07
Gallop Racer 2006,PS2,2005,Sports,0.02
Wasteland 2,PC,2015,Role-Playing,0.03
The First Templar,X360,2011,Action,0.06
Patapon 2,PSP,2008,Misc,0
Digimon Story: Lost Evolution,DS,2010,Role-Playing,0
Frogger: Ancient Shadow,PS2,2005,Platform,0.05
Princess Debut,DS,2008,Misc,0.1
Pro Evolution Soccer 2014,PC,2013,Action,0
Despicable Me: The Game,PS2,2010,Platform,0.05
Metal Arms: Glitch in the System,GC,2003,Shooter,0.08
Etrian Odyssey II: Heroes of Lagaard,3DS,2014,Role-Playing,0
The Bachelor: The Videogame,Wii,2010,Misc,0.1
Tom Clancy's Splinter Cell: Chaos Theory,GC,2005,Action,0.08
Escape From Monkey Island,PS2,2001,Adventure,0.05
Disney's Chicken Little: Ace In Action,Wii,,Shooter,0.09
The Lord of the Rings: Conquest,DS,2009,Action,0.09
Imagine: Soccer Captain,DS,2009,Sports,0.1
Mickey's Speedway USA (weekly JP sales),N64,2000,Racing,0
Brain Quest: Grades 5 & 6,DS,2008,Misc,0.1
Who Wants to Be a Millionaire: 3rd Edition,Wii,2010,Misc,0.1
Boku no Natsuyasumi Portable: Mushi Mushi Hakase to Teppen-yama no Himitsu!!,PSP,2006,Adventure,0
The Penguins of Madagascar: Dr. Blowhole Returns - Again!,DS,2011,Action,0.06
Power Rangers: Super Legends,DS,2007,Action,0.08
Macross 30: Ginga o Tsunagu Utagoe,PS3,2013,Shooter,0
Kidou Senshi Gundam UC,PS3,2012,Action,0
Gretzky NHL,PSP,2005,Sports,0.1
Corvette Evolution GT,DS,2008,Racing,0.1
Momotarou Dentetsu 16,Wii,2007,Misc,0
Dropship: United Peace Force,PS2,2002,Simulation,0.05
Road Rash: Jailbreak,GBA,2003,Racing,0.07
Syberia,XB,2003,Action,0.08
Thrillville: Off the Rails,PSP,2007,Strategy,0.09
Cloudy With a Chance of Meatballs,PS3,2009,Platform,0.09
G1 Jockey 3,PS2,2002,Sports,0.02
Family Fun Football,Wii,2009,Sports,0.1
Atsumare! Power Pro Kun no DS Koushien,DS,,Sports,0
Exit DS,DS,2008,Puzzle,0.09
Revolution X,PS,1995,Shooter,0.06
Little Battlers eXperience W,3DS,2013,Role-Playing,0
Riviera: The Promised Land,GBA,2004,Role-Playing,0.07
Blades of Time,X360,2012,Action,0.07
Yggdra Union: We'll Never Fight Alone,PSP,2008,Role-Playing,0.05
Top Gun: Combat Zones,GBA,2004,Simulation,0.07
Dungeon Travelers 2: The Royal Library & The Monster Seal,PSV,2014,Role-Playing,0.03
"Sesame Street: Ready, Set, Grover!",Wii,2011,Misc,0.1
Brooktown High: Senior Year,PSP,2007,Simulation,0.09
Bujingai: The Forsaken City,PS2,2003,Fighting,0.05
Doko Demo Issho,PSP,2004,Misc,0
Universe at War: Earth Assault,X360,2008,Action,0.09
Barbie in The 12 Dancing Princesses,DS,2007,Adventure,0.09
Gem Quest: 4 Elements,DS,2011,Puzzle,0.05
Beyond Good & Evil,XB,2003,Adventure,0.08
Death By Degrees,PS2,2005,Action,0.05
Just In Time Translations,DS,2009,Misc,0.1
Gouketuji Ichizoku 2: Chottodake Saikyou Densetsu,PS,1995,Fighting,0
Vandal Hearts II,PS,1999,Strategy,0.06
Samurai Warriors Chronicles 2nd,3DS,2012,Action,0
Rome: Total War,PC,2004,Strategy,0
Toaru Majutsu no Index,PSP,2011,Adventure,0
Doom 3,PC,2004,Shooter,0.05
WireWay,DS,2009,Adventure,0.1
Astro Boy: The Video Game,DS,2009,Action,0.09
Uta no Prince-Sama: Music,PSP,2011,Misc,0
UNO / Skip-Bo / UNO Freefall,DS,2006,Misc,0.1
Ride,XOne,2015,Racing,0.04
Culdcept DS,DS,2008,Strategy,0
NASCAR The Game: Inside Line,X360,2012,Racing,0.09
How to Train Your Dragon 2,PS3,2014,Adventure,0.03
JU-ON: The Grudge,Wii,2009,Action,0.07
Yu-Gi-Oh! 5D's Wheelie Breakers,Wii,2009,Racing,0.09
Colin McRae Rally 04,XB,2004,Racing,0.08
The King of Fighters: Dream Match 1999,DC,1999,Fighting,0
Monster Jam: Maximum Destruction,GBA,2002,Racing,0.07
FIFA Street,XB,2005,Sports,0.08
Weiss Schwarz Portable,PSP,2011,Strategy,0
Dora's Big Birthday Adventure,Wii,2010,Misc,0.09
The Sims 4: City Living,PC,2016,Simulation,0.02
Kirarin * Revolution: Mezase! Idol Queen,DS,2007,Simulation,0
Dungeons & Dragons Tactics,PSP,2007,Strategy,0.09
X-Men: Children of the Atom,PS,1998,Fighting,0.06
Hot Wheels: Stunt Track Challenge,XB,2004,Racing,0.08
America's Next Top Model,DS,2008,Action,0.1
Blitz: The League II,X360,2008,Sports,0.08
Math Blaster in the Prime Adventure,DS,2009,Misc,0.09
Blue Stinger,DC,1999,Adventure,0
Shellshock,PS,1995,Action,0.06
Miami Law,DS,2009,Adventure,0.09
Hot Wheels Ultimate Racing,PSP,2007,Action,0.09
Capcom vs. SNK 2 EO,XB,2003,Fighting,0.08
Inazuma Eleven GO Strikers 2013,Wii,2012,Role-Playing,0
Metal Gear Solid HD Edition,PS3,2011,Action,0
Hunter: The Reckoning,GC,2002,Action,0.08
Daito Giken Koushiki Pachi-Slot Simulator: Hihouden - Ossu! Banchou - Yoshimune DS,DS,2007,Misc,0
PictoImage,DS,2007,Puzzle,0.09
Urban Chaos,PS,1999,Action,0.06
Alvin and the Chipmunks: Chipwrecked,DS,2011,Misc,0.06
Creeper World 3: Arc Eternal,Wii,2009,Strategy,0
DS Kageyama Method: Dennou Hanpuku - Tadashii Kanji Kakitori-Kun,DS,2007,Misc,0
PDC World Championship Darts: Pro Tour,PS3,2010,Sports,0
Heavy Fire: Afghanistan,Wii,2011,Shooter,0.09
Freaky Flyers,PS2,2003,Racing,0.05
Baten Kaitos Origins,GC,2006,Role-Playing,0.06
E·O·E: Eve of Extinction,PS2,2002,Fighting,0.04
Football Manager 2014,PSV,2013,Sports,0
Dark Summit,XB,2001,Sports,0.08
Penguin no Mondai: The World,DS,2010,Adventure,0
Flushed Away,DS,2006,Platform,0.09
NHL 2004,GC,2003,Sports,0.08
Hakuouki Portable,PSP,2009,Adventure,0
Surf's Up,X360,2007,Sports,0.09
Monkey Island: Special Edition Collection,PS3,2011,Adventure,0
Cabela's Adventure Camp,X360,2011,Misc,0.07
X-Men: The Official Game,XB,2006,Action,0.08
RLH: Run Like Hell,PS2,2002,Shooter,0.05
Digimon Adventure,PSP,2013,Role-Playing,0
Backyard Baseball '10,Wii,2009,Sports,0.09
Scribblenauts Unmasked: A DC Comics Adventure,WiiU,2013,Puzzle,0.09
The Ant Bully,PS2,2006,Platform,0.05
Conflict: Global Terror,XB,2005,Shooter,0.08
Minority Report: Everybody Runs,GC,2002,Action,0.08
Monster Rancher EVO,PS2,2005,Role-Playing,0.02
Football Director DS,DS,2008,Sports,0
Project Hacker: Kakusei,DS,2006,Action,0
SimAnimals Africa,DS,2009,Simulation,0.08
Karaoke Revolution,PS3,2009,Misc,0.07
Terraria,PSV,2013,Action,0
Guitar Hero: Van Halen,PS2,2009,Misc,0.05
The Whispered World,PC,2009,Adventure,0
Olympic Summer Games: Atlanta 1996,PS,1996,Sports,0.06
Disney's The Haunted Mansion,GC,2003,Platform,0.08
Tatsunoko vs. Capcom: Cross Generation of Heroes,Wii,2008,Fighting,0
Alvin and the Chipmunks: Chipwrecked,X360,2011,Misc,0.09
Water Sports,Wii,2009,Action,0.05
Agatha Christie: The ABC Murders,DS,2009,Adventure,0.08
KORG DS-10 Synthesizer Plus,DS,2009,Misc,0.07
Darius Gaiden,SAT,1995,Shooter,0
Help Wanted: 50 Wacky Jobs,Wii,2008,Simulation,0.06
All Kamen Rider: Rider Generation 2,DS,2012,Action,0
Beach Spikers: Virtua Beach Volleyball,GC,2002,Sports,0.08
Draglade,DS,2007,Fighting,0.09
Scribblenauts Unmasked: A DC Comics Adventure,3DS,2013,Puzzle,0.09
Fallout 3 Game Add-On Pack: The Pitt and Operation: Anchorage,X360,2009,Role-Playing,0.09
You Don't Know Jack: Mock 2,PS,2000,Misc,0.06
3D Tank Warfare Simulator Panzer Front,PS,1999,Simulation,0.06
Jade Cocoon 2,PS2,2001,Role-Playing,0.05
Lord of Apocalypse,PSV,2011,Role-Playing,0
Igor: The Game,Wii,2008,Adventure,0.09
Kabushiki Baibai Trainer: Kabutore!,DS,2006,Simulation,0
Dancing on Ice,Wii,2010,Sports,0
Mana Khemia: Student Alliance,PSP,2008,Role-Playing,0.06
The Destiny of Zorro,Wii,2009,Action,0.09
Sword & Sorcery,SAT,1996,Role-Playing,0
Van Helsing,GBA,2004,Action,0.07
Bee Movie Game,PS2,2007,Action,0.05
Resident Evil: Revelations 2,PSV,2015,Action,0
Record of Agarest War Zero,X360,2010,Strategy,0.09
HOP,DS,2011,Platform,0.08
USA Today Puzzle Craze,DS,2009,Puzzle,0.09
Machi-Ing Maker 3 x Tousouchuu,PSP,2010,Simulation,0
Truth or Lies,Wii,2010,Misc,0.04
Kelly Slater's Pro Surfer,XB,2002,Sports,0.08
My Healthy Cooking Coach,DS,,Simulation,0.09
SNK vs. Capcom: SVC Chaos,XB,2004,Fighting,0.08
NFL Tour,X360,2008,Sports,0.09
Master of the Monster Lair,DS,2007,Role-Playing,0.09
Harry Potter and the Deathly Hallows - Part 1,PC,2010,Action,0.08
Sudoku Mania,DS,2006,Puzzle,0.09
Codename: Kids Next Door: Operation V.I.D.E.O.G.A.M.E.,PS2,2005,Platform,0.05
Choujikuu Yousai Macross: Ai Oboete Imasu ka,SAT,1997,Shooter,0
Resident Evil: Revelations 2,XOne,2015,Action,0.07
Thief (2014),PC,2014,Action,0
Vanishing Point,PS,2001,Racing,0.06
Dragonseeds,PS,1998,Action,0.03
The Bard's Tale,XB,2004,Role-Playing,0.08
Nodame Cantabile,DS,2007,Misc,0
The History Channel: Civil War - Secret Missions,PS3,2008,Shooter,0.09
Alien Hominid,PS2,2004,Shooter,0.05
World Snooker Championship 2007,PS3,2007,Sports,0
L'Aigle de Guerre,GBA,2001,Strategy,0
Earth Defense Force 2025.1: The Shadow of New Despair,PS4,2015,Action,0
Lode Runner 3-D,N64,1998,Action,0.08
Indy Racing 2000,N64,2000,Racing,0.08
GT64 Championship Edition,N64,1998,Racing,0.08
Milo's Astro Lanes,N64,1998,Sports,0.08
Jeopardy!,N64,1998,Misc,0.08
Disney's Donald Duck: Goin' Quackers,N64,2000,Platform,0.08
Aidyn Chronicles: The First Mage,N64,2001,Role-Playing,0.08
Virtual Pool 64,N64,1998,Sports,0.08
Flying Dragon,N64,1997,Fighting,0.08
International Superstar Soccer 64 (weekly JP sales),N64,1997,Sports,0
Gekido,PS,1999,Fighting,0.06
Myst,DS,2007,Adventure,0.09
Sword Art Online: Lost Song,PS3,2015,Role-Playing,0
Disney's The Jungle Book,GBA,2002,Platform,0.07
Puss in Boots,DS,2011,Action,0.08
Tom Clancy's Ghost Recon: Predator,PSP,2010,Shooter,0.07
Murdered: Soul Suspect,X360,2014,Action,0.06
Army Men World War: Team Assault,PS,2001,Action,0.06
Deca Sports DS,DS,2009,Sports,0.07
nail'd,X360,2010,Racing,0.08
Tom Clancy's Splinter Cell,GBA,2003,Action,0.07
Bullet Witch,X360,2006,Shooter,0.07
Spider-Man: Web of Shadows,DS,2008,Action,0.09
Pinball Hall of Fame: The Williams Collection,3DS,2011,Misc,0.09
Rolling Stone: Drum King,Wii,2009,Misc,0.09
NBA Ballers: Rebound,PSP,2006,Sports,0.09
Marvel vs. Capcom: Clash of Super Heroes,DC,1999,Fighting,0
Silent Scope Complete,XB,2004,Shooter,0.07
King's Field: The Ancient City,PS2,2001,Role-Playing,0.05
LEGO Rock Raiders,PS,1999,Strategy,0.06
Ghost in the Shell,PS,1997,Simulation,0.06
Leisure Suit Larry: Box Office Bust,PS3,2009,Adventure,0.06
Attack of the Movies 3D,Wii,2010,Shooter,0.09
Monkey Mischief! Party Time,Wii,2008,Misc,0.09
Evil Dead: Fistfull of Boomstick,XB,2003,Action,0.07
Tom Clancy's Classic Trilogy,XB,2004,Shooter,0.07
Harvest Moon DS Cute (jp sales),DS,2005,Simulation,0
Little League World Series Baseball 2010,X360,2010,Sports,0.09
Indigo Prophecy,XB,2005,Adventure,0.07
Bleach: Dark Souls (JP sales),DS,2007,Fighting,0
Kiku! Kaku! Kotoba o Fuyasu! Hajimete no Eigo Training,DS,2007,Misc,0
Generator Rex: Agent of Providence,3DS,2011,Action,0.07
Over the Hedge,XB,2006,Platform,0.07
Cabela's North American Adventures,PSP,2010,Sports,0.09
World Series of Poker 2008: Battle for the Bracelets,PS3,2007,Misc,0.08
Sneakers,XB,2002,Puzzle,0.07
Crime Crackers,PS,1994,Role-Playing,0
NHL 2K6,X360,2005,Sports,0.09
SCORE International Baja 1000: The Official Game,Wii,2008,Racing,0.09
Micro Machines V3,PS,1997,Racing,0.06
X-Men: Destiny,Wii,2011,Action,0.07
College Hoops 2K6,XB,2005,Sports,0.07
Contact,DS,2006,Role-Playing,0.07
"Warhammer 40,000: Dawn of War II - Chaos Rising",PC,2010,Strategy,0.08
"Sakura Wars 2: Kimi, Shinitamou koto Nakare",DC,2000,Adventure,0
Happy Feet Two,DS,,Action,0.08
Idol Janshi Suchie-Pai Remix,SAT,1995,Misc,0
NBA 2K16,PC,2015,Sports,0.03
Exhibition Volume 03,XB,2003,Misc,0.07
Fate/hollow ataraxia,PSV,2014,Adventure,0
Marvel Super Hero Squad: The Infinity Gauntlet,3DS,2011,Action,0.07
Harvey Birdman: Attorney at Law,PSP,2008,Adventure,0.09
Zero4 Champ RR-Z,SNES,1995,Racing,0
Initial D: Street Stage,PSP,2006,Racing,0
Tales of Innocence R,PSV,2012,Role-Playing,0
Harry Potter and the Deathly Hallows - Part 2,PC,2011,Action,0.05
Nicktoons: MLB,DS,2011,Sports,0.09
Tom Clancy's HAWX 2,Wii,2010,Action,0.06
Predator: Concrete Jungle,XB,2005,Action,0.07
Lucky * Star: Ryouou Gakuen Outousai,PS2,2008,Adventure,0
Start the Party! Save the World,PS3,2011,Misc,0
Opoona,Wii,2007,Role-Playing,0.08
Big League Sports,Wii,2008,Sports,0.09
Naruto Shippuden: Gekito Ninja Taisen! EX,Wii,2007,Fighting,0
Universal Studios Theme Parks Adventure,GC,2001,Misc,0.08
Nihon Keizai Shinbunsha Kanshuu: Shiranai Mamade wa Son o Suru Mono ya Okane no Shikumi DS,DS,2009,Misc,0
Steins;Gate,PSV,2013,Adventure,0.04
Piglet's Big Game,PS2,2003,Platform,0.05
Real Bout Garou Densetsu,SAT,1996,Fighting,0
"Prinny 2: Dawn of Operation Panties, Dood!",PSP,2010,Platform,0.05
Project FIFA World Cup,PS2,2002,Sports,0
Rocky: Legends,XB,2004,Action,0.07
The BIGS 2,PSP,2009,Sports,0.09
Lord of Apocalypse,PSP,2011,Role-Playing,0
Dora & Kai-Lan's Pet Shelter,DS,2011,Strategy,0.08
Famicom Mini: Famicom Tantei Club Part II - Ushiro ni Tatsu Shoujo Zenkouhen,GBA,2004,Adventure,0
Nancy Drew: The Model Mysteries,DS,2010,Puzzle,0.09
Higurashi no Nakukoru ni Kizuna: Dai-Ni-Kan - Sou,DS,2008,Adventure,0
Cate West: The Vanishing Files,DS,2008,Adventure,0.08
Star Trek: Shattered Universe,PS2,2004,Simulation,0.05
Fifi and the Flowertots,DS,2009,Misc,0
The Land Before Time: Great Valley Racing Adventure,PS,2001,Racing,0.05
System Flaw,DS,2009,Shooter,0.09
Ultra Street Fighter IV,PS4,2015,Fighting,0
EVE: Valkyrie,PS4,2016,Shooter,0.03
Dragon Ball: Evolution,PSP,2009,Fighting,0.09
The Walking Dead: Season Two,X360,2014,Adventure,0.04
The Crew: Wild Run,PS4,2015,Action,0
Pajama Sam: Don't Fear The Dark,Wii,2008,Adventure,0.09
The Walking Dead: Season Two,PSV,2014,Adventure,0.07
MTX Mototrax,XB,2004,Racing,0.07
Blast Chamber,PS,1996,Shooter,0.05
Championship Pony,DS,2008,Simulation,0.09
NASCAR Unleashed,PS3,2011,Racing,0.09
Code:Realize - Sousei no Himegimi,PSV,2014,Adventure,0.05
Natural Doctrine,PS4,2014,Role-Playing,0.05
NeverDead,X360,2012,Shooter,0.06
EyeToy: Operation Spy,PS2,2005,Action,0.05
MotoGP 07,PS2,2007,Racing,0.05
Blades of Time,PS3,2012,Action,0.04
Disney Sing It! High School Musical 3: Senior Year,X360,2009,Misc,0.09
Thor: God of Thunder,3DS,2011,Action,0.06
Option Tuning Car Battle,PS,1998,Racing,0
Ridge Racer 2,PSP,2006,Racing,0
Pro Evolution Soccer 2016,X360,2015,Sports,0.04
Derby Jockey 2,SNES,1995,Sports,0
Cubic Ninja,3DS,2011,Platform,0.05
Famicom Mini: Mappy,GBA,2004,Platform,0
Ben 10 Galactic Racing,X360,2011,Racing,0.07
Reign of Fire,XB,2002,Shooter,0.07
Descent Maximum,PS,1997,Shooter,0.05
F1 2014,PC,2014,Racing,0
King of Clubs: Mini Golf,Wii,2008,Sports,0.09
Harvest Moon: Frantic Farming,DS,2009,Puzzle,0.08
Angry Birds Star Wars,WiiU,2013,Strategy,0.05
Petz Hamsterz Superstarz,DS,2009,Simulation,0.09
Blue Dragon: Awakened Shadow,DS,2009,Role-Playing,0.06
Star Wars: Lethal Alliance,DS,2006,Action,0.08
Shining Force EXA,PS2,2007,Role-Playing,0
Virtual Pro Wrestling,PS,1996,Fighting,0
Rapala Pro Bass Fishing 2010,DS,2010,Sports,0.09
Shadow Tower,PS,1998,Role-Playing,0.01
Digimon World DS,DS,2006,Role-Playing,0.09
Luminous Arc 2 (JP sales),DS,,Role-Playing,0
CSI: Hard Evidence,X360,2007,Adventure,0.07
MySims SkyHeroes,X360,2010,Action,0.09
Ford Racing 3,DS,2005,Racing,0.09
Ice Age 2: The Meltdown,XB,2006,Platform,0.07
Guilty Gear Isuka,PS2,2004,Fighting,0.05
The Secret Saturdays: Beasts of the 5th Sun,Wii,2009,Action,0.09
Horse Life Adventures,DS,2008,Simulation,0.08
The Idolmaster: Platinum Stars,PS4,2016,Simulation,0
Jikkyou Powerful Pro Yakyuu 2013,PSV,2013,Sports,0
Tornado Outbreak,Wii,2009,Action,0.09
Shadow Master,PS,1997,Adventure,0.05
Global Touring Challenge: Africa,PS2,2001,Racing,0.05
Shovel Knight,WiiU,2015,Platform,0.05
Makai Shin Trillion,PSV,2014,Role-Playing,0.02
Tokimeki Memorial: Taisen Pazurudama,PS,1996,Puzzle,0
Digimon World: Next Order,PSV,2016,Action,0
Who Wants to Be A Millionaire?,X360,2011,Misc,0.09
The Secret Saturdays: Beasts of the 5th Sun,PSP,2009,Action,0.08
Operation Abyss: New Tokyo Legacy,PSV,2014,Role-Playing,0.02
Skylanders: Spyro's Adventure,PC,2011,Action,0.05
Man vs. Wild,X360,2011,Action,0.09
Ciel Nosurge: Ushinawareta Hoshi e Sasagu Uta,PSV,2012,Adventure,0
Watchmen: The End is Nigh Part 1 & 2,X360,2009,Action,0.09
MotoGP 2,XB,2003,Racing,0.07
Pro Yakyuu Famista DS,DS,2007,Sports,0
Happy Feet Two,X360,,Action,0.08
iCarly 2: iJoin The Click!,Wii,2010,Adventure,0.08
Ultimate Muscle - The Kinnikuman Legacy: The Path of the Superhero,GBA,2002,Fighting,0.05
Gundam Breaker 3,PS4,2016,Action,0
Etrian Odyssey 2 Untold: Knight of Fafnir,3DS,2014,Role-Playing,0.07
Paws & Claws: Pet Vet,Wii,2009,Simulation,0.09
Dora's Cooking Club,DS,2010,Misc,0.08
Heatseeker,Wii,2007,Action,0.08
Ar tonelico: Melody of Elemia,PS2,2006,Role-Playing,0
Sol Trigger,PSP,2012,Role-Playing,0
Castlevania Double Pack,GBA,2006,Platform,0.07
Ballistic: Ecks vs. Sever,GBA,2002,Shooter,0.07
Samurai Warriors 4: Empires,PS4,2015,Action,0.02
Jikkyou Powerful Pro Yakyuu 11,GC,2004,Sports,0
Ninja Reflex,DS,2008,Action,0.09
Steel Battalion,XB,2002,Simulation,0.05
Street Fighter Collection,PS,1997,Fighting,0
Alvin and the Chipmunks: The Squeakquel,Wii,2009,Misc,0.09
Digimon Story: Super Xros Wars Blue/Red,DS,2011,Role-Playing,0
Power Stone Collection,PSP,2006,Action,0.08
Cartoon Network: Punch Time Explosion,3DS,2011,Fighting,0.07
Tennis no Oji-Sama: Motto Gakuensai no Ouji-Sama - More Sweet Edition,DS,2010,Sports,0
Bejeweled Twist,DS,2010,Puzzle,0
"Blast Works: Build, Trade, Destroy",Wii,2008,Shooter,0.09
MX SuperFly featuring Ricky Carmichael,XB,2002,Racing,0.07
Gokuhou!! Mecha Mote Iinchou: MM Town de Miracle Change!,DS,2009,Simulation,0
SNK vs. Capcom Card Fighters DS,DS,2006,Strategy,0.09
Kuroko's Basketball: Miracle Game,3DS,2014,Sports,0
Medieval II: Total War,PC,2006,Strategy,0
Lego Star Wars: The Force Awakens,PSV,2016,Action,0.01
Darkest of Days,X360,2009,Shooter,0.09
Skylanders Imaginators,XOne,2016,Platform,0.05
Minority Report: Everybody Runs,XB,2002,Action,0.07
NASCAR,PSP,2006,Racing,0.09
The Voice,WiiU,2014,Action,0.08
One Piece: Burning Blood,PSV,2016,Fighting,0
Shox,PS2,2002,Racing,0.05
Rio,X360,2011,Misc,0.05
Gundam Breaker,PSV,2013,Action,0
Unou no Tatsujin: Soukai! Machigai Museum 2,DS,2007,Misc,0
Kiniro no Corda 3,PSP,2010,Adventure,0
Playboy: The Mansion,XB,2005,Simulation,0.07
Neo Atlas,PS,1998,Strategy,0
Disney's Aladdin in Nasira's Revenge,PS,2000,Action,0.05
SeaWorld Adventure Parks: Shamu's Deep Sea Adventure,GC,2005,Adventure,0.07
Squinkies 2: Adventure Mall Surprize!,DS,2011,Platform,0.09
Winning Post 6,PS2,2003,Sports,0
Egg Monster Hero,DS,,Role-Playing,0
Whacked!,XB,2002,Misc,0.07
Barnyard,PS2,2006,Action,0.05
Ultimate Marvel vs. Capcom 3,PS3,2011,Fighting,0
MindJack,X360,2011,Shooter,0.07
Pac-Man World 3,GC,2005,Platform,0.07
thinkSMART,DS,2010,Misc,0.09
National Geographic Challenge!,Wii,2011,Misc,0.07
Rocky,GC,2002,Fighting,0.07
Glory Days 2,DS,2007,Strategy,0.08
Just Dance 2017,WiiU,2016,Misc,0.03
Brain Age: Concentration Training,3DS,2012,Puzzle,0.09
Crash 'N' Burn,XB,2004,Racing,0.07
NFL Blitz 20-02,XB,2002,Sports,0.07
NatGeo Challenge! Wild Life,PS3,2010,Misc,0.05
Metal Fight Beyblade,DS,2009,Action,0
Robots,XB,2005,Action,0.07
Kung Fu Panda 2,PS3,2011,Action,0.04
Pac-Man and the Ghostly Adventures 2,PS3,2014,Adventure,0.05
Hakuoki: Demon of the Fleeting Blossom,PSP,2009,Adventure,0.08
Field & Stream: Total Outdoorsman Challenge,X360,2010,Sports,0.09
Speed Kings,PS2,2003,Racing,0.05
Dungeons,PC,2011,Strategy,0.07
Little League World Series Baseball 2008,Wii,2008,Sports,0.09
Winter Stars,X360,2011,Sports,0.05
Disney Planes Fire & Rescue,3DS,2014,Action,0.01
Langrisser V: The End of Legend,SAT,1998,Strategy,0
PhotoKano,PSP,2012,Adventure,0
Ouchi Mainichi Tamagotchi,3DS,2012,Action,0
Bladestorm: The Hundred Years' War,X360,2007,Action,0.08
Fresh PreCure! Asobi Collection,DS,2009,Action,0
Super Robot Wars OG: The Moon Dwellers,PS4,2016,Misc,0
Populous: The Beginning,PS,1998,Strategy,0.05
Chess,PS,2001,Strategy,0.05
Rosco McQueen: Firefighter Extreme,PS,1997,Action,0.05
Terranigma,SNES,1995,Role-Playing,0
Burnout Paradise: The Ultimate Box,PC,2009,Racing,0
Johnny Bravo in The Hukka-Mega-Mighty-Ultra-Extreme Date-O-Rama,DS,2009,Action,0.09
Girls und Panzer: I Will Master Tankery,PSV,2014,Action,0
Forever Kingdom,PS2,2001,Role-Playing,0.02
Blitz: Overtime,PSP,2006,Sports,0.09
Altered Beast: Guardian of the Realms,GBA,2002,Action,0.07
Populous DS,DS,2008,Strategy,0.07
The Legend of Heroes: A Tear of Vermillion,PSP,2005,Role-Playing,0.08
Young Justice: Legacy,PS3,2013,Action,0.06
Ys VIII: Lacrimosa of Dana,PSV,2016,Role-Playing,0
Raven Squad: Operation Hidden Dagger,X360,2009,Shooter,0.08
Age of Empires II: The Age of Kings,PC,1999,Strategy,0.01
Family Party: 30 Great Games,Wii,2008,Misc,0.08
Shining Tears,PS2,2004,Role-Playing,0.05
Devil May Cry 4,PS4,2015,Action,0.01
MotoGP,XB,2002,Racing,0.07
Scaler,PS2,2004,Platform,0.05
Halo 2,PC,2007,Shooter,0.01
X-COM: UFO Defense,PS,1995,Strategy,0.05
Gradius V,PS2,2004,Shooter,0.05
Adventure Time: Finn & Jake Investigations,PS4,2015,Action,0.03
Medal of Honor: Vanguard,Wii,2007,Shooter,0.06
World Cup '98 France: Road to Win,SAT,1998,Sports,0
Pro Evolution Soccer 2013,Wii,2012,Sports,0
MLB SlugFest 20-04,XB,2003,Sports,0.07
Barbie and the Magic of Pegasus,GBA,2005,Action,0.07
Beaterator,PSP,2009,Misc,0.06
Big League Sports: Summer,Wii,2009,Sports,0.09
SD Gundam G Generation DS,DS,2005,Role-Playing,0
Retro Game Challenge (US sales),DS,2007,Action,0.09
Wordmaster,DS,2008,Strategy,0.09
Arcania: Gothic 4,X360,2010,Role-Playing,0.04
Bleach: Heat the Soul,PSP,2005,Fighting,0
MegaTagmension Blanc + Neptune VS Zombies,PSV,2015,Action,0.02
SingStar Guitar,PS3,2010,Misc,0
Psychonauts,PS2,2005,Platform,0.05
Code Lyoko: Quest for Infinity,Wii,2007,Action,0.07
World Stadium 5,PS,2001,Sports,0
The Smurfs 2,Wii,2013,Platform,0
Angry Birds: Rio,PC,2011,Puzzle,0
Championship Foosball,Wii,2008,Sports,0.09
Backyard Sports: Sandlot Sluggers,X360,2010,Sports,0.09
ESPN NBA 2Night,PS2,2000,Sports,0.05
Uta no Prince-Sama: Debut,PSP,2012,Adventure,0
Ford Mustang: The Legend Lives,XB,2005,Racing,0.07
Freekstyle,GC,2002,Racing,0.07
Galactic Taz Ball,DS,2010,Platform,0.09
Virtua Fighter CG Portrait Series Vol.3: Akira Yuki,SAT,1995,Misc,0
PAC-MAN and the Ghostly Adventures,3DS,2013,Platform,0.05
Digimon Rumble Arena 2,PS2,2004,Fighting,0.05
Dora the Explorer: Dora Saves the Crystal Kingdom,PS2,2009,Misc,0.05
Shockwave Assault,PS,1995,Simulation,0.05
Teenage Mutant Ninja Turtles: Mutants in Manhattan,PS4,2016,Action,0.05
Ribbit King,PS2,2003,Sports,0.05
Minecraft: Story Mode,PC,2015,Adventure,0.02
Alien Hominid,GC,2004,Shooter,0.07
World Championship Poker 2: Featuring Howard Lederer,XB,2005,Misc,0.07
Rygar: The Battle of Argus,Wii,2008,Action,0.09
Pro Yakyuu Greatest Nine 98,SAT,1998,Sports,0
Snood 2: On Vacation,DS,2005,Puzzle,0.09
Learn Chess,DS,2009,Misc,0.09
Ninja Gaiden Black,XB,2005,Action,0.07
Bogey: Dead 6,PS,1996,Simulation,0.05
Scooby-Doo! Who's Watching Who?,DS,2006,Adventure,0.08
Touch Detective,DS,2006,Adventure,0.06
Hakuouki: Zuisouroku Portable,PSP,2010,Adventure,0
Imagine: Reporter,DS,2010,Simulation,0.08
Puyo Pop Fever (JP sales),DS,2004,Puzzle,0
Dragon Ball Kai: Ultimate Butouden,DS,2011,Fighting,0
Yu-Gi-Oh! GX: The Beginning of Destiny (US sales),PS2,2007,Strategy,0.05
Shin Megami Tensei,PS,2001,Role-Playing,0
Trivial Pursuit unhinged,XB,2004,Misc,0.07
NCAA March Madness 08,PS3,2007,Sports,0.08
InuYasha: Secret of the Divine Jewel,DS,2007,Role-Playing,0.09
Major League Baseball 2K12,PSP,2012,Sports,0.08
The Revenge of Shinobi,GBA,2002,Platform,0.07
Bloody Roar 4,PS2,2003,Fighting,0.05
Let's Ride! Silver Buckle Stables,PS2,2006,Sports,0.05
The Story of Noah's Ark,DS,2010,Action,0.09
Atari Classics Evolved,PSP,2007,Misc,0.08
Cabela's Big Game Hunter,GBA,2002,Sports,0.07
I-Ninja,GC,2003,Platform,0.07
World Soccer Winning Eleven 2010: Aoki Samurai no Chousen,PS2,2010,Sports,0
Dragon Tales: Dragon Seek,PS,2000,Platform,0.05
Yourself Fitness,XB,2004,Sports,0.07
Tak: The Great Juju Challenge,DS,2005,Platform,0.09
Steins;Gate 0,PSV,2015,Adventure,0
Ghostbusters: The Video Game (DS Version),PC,2010,Action,0
Dance on Broadway,PS3,2011,Misc,0.05
Resident Evil Chronicles HD,PS3,2012,Shooter,0
Football Manager 2017,PC,2016,Simulation,0
Return Fire,PS,1996,Strategy,0.05
Wild ARMs: Alter Code F,PS2,2003,Role-Playing,0.05
Army Corps of Hell,PSV,2011,Action,0.04
Bomberman Max 2: Blue Advance,GBA,2002,Puzzle,0.07
Mind Quiz,PSP,2006,Action,0.08
Shrek SuperSlam,XB,2005,Action,0.07
MXGP 2,PS4,2016,Racing,0.02
Ultimate Mortal Kombat,DS,2007,Fighting,0.07
Hyperdimension Idol Neptunia PP,PSV,2013,Misc,0.02
Rapid Reload,PS,1995,Shooter,0
Alien Monster Bowling League,Wii,2009,Sports,0.09
New Legends,XB,2002,Action,0.07
Total Overdose: A Gunslinger's Tale in Mexico,PS2,2005,Shooter,0.04
Island Xtreme Stunts,PS2,2002,Action,0.04
Agassi Tennis Generation,PS2,2003,Sports,0.04
I Love Puppies,DS,2010,Simulation,0.09
Metal Slug X,PS,2001,Shooter,0.05
Running Wild,PS,1997,Racing,0.05
Romance of the Three Kingdoms X,PS2,2005,Strategy,0.04
Brigandine: The Legend of Forsena,PS,1998,Strategy,0.05
Prinny: Can I Really Be the Hero?,PSP,2008,Platform,0.03
MX SuperFly featuring Ricky Carmichael,GC,2002,Racing,0.07
Green Lantern: Rise of the Manhunters,Wii,2011,Action,0.05
Disney's The Haunted Mansion,XB,2003,Platform,0.07
Sound Novel Machi,SAT,1998,Adventure,0
GripShift,PSP,2005,Racing,0.08
Jenga World Tour,DS,2007,Misc,0.08
Fighting Fantasy: The Warlock of Firetop Mountain,DS,2009,Role-Playing,0.08
FIFA 2001: Major League Soccer,PS2,2000,Sports,0
The Daring Game for Girls,Wii,,Adventure,0.09
Alvin and the Chipmunks: Chipwrecked,Wii,2011,Misc,0.07
NHL 2K8,PS3,2007,Sports,0.08
Jikkyou Powerful Pro Yakyuu 14 Ketteiban,PS2,2007,Sports,0
Beowulf: The Game,PSP,2007,Action,0.08
Skies of Arcadia,DC,2000,Role-Playing,0
NASCAR: Dirt to Daytona,GC,2002,Racing,0.07
Demon Chaos,PS2,,Action,0
U-Sing  2,Wii,2010,Misc,0
Road Trip,PS2,2002,Racing,0.04
Monopoly Collection,Wii,2011,Misc,0.02
Blood of Bahamut,DS,2009,Role-Playing,0
Jimmie Johnson's Anything With an Engine,X360,2011,Racing,0.08
Quiz Magic Academy DS: Futatsu no Jikuu Koku,DS,2010,Misc,0
Lilie no Atelier: Salburg no Renkinjutsushi 3,PS2,2001,Role-Playing,0
Animal Planet: Vet Life,Wii,2009,Simulation,0.08
Top Gun: Firestorm Advance,GBA,2002,Shooter,0.07
Singstar: Ultimate Party,PS3,2014,Misc,0
echochrome,PSP,2008,Puzzle,0
Project Eden,PS2,2001,Action,0.04
Riviera: The Promised Land,PSP,2006,Role-Playing,0.07
Digimon All-Star Rumble,PS3,2014,Fighting,0.06
Sonic Boom: Fire & Ice,3DS,2016,Platform,0.05
Samurai Shodown Anthology,PSP,,Fighting,0.08
Driver: Renegade,3DS,2011,Racing,0.05
NERF N-Strike: Double Blast Bundle,Wii,2010,Shooter,0.09
Kawasaki Quad Bikes,Wii,2007,Racing,0.07
Dead or Alive 5,PSV,2013,Fighting,0
May's Mystery: Forbidden Memories,DS,2011,Puzzle,0.04
Yaiba: Ninja Gaiden Z,PS3,2014,Action,0.05
Castlevania: Lords of Shadow 2,X360,2014,Action,0.02
Ghosthunter,PS2,2003,Action,0.04
Bass Pro Shops: The Hunt,X360,2010,Sports,0.08
Shadow of Destiny,PSP,2009,Adventure,0.08
Pro Evolution Soccer 2012,PC,2011,Action,0
Mimana Iyar Chronicle,PSP,2009,Role-Playing,0.07
Michael Jackson: The Experience,PSV,2011,Misc,0.04
Seven: Molmorth no Kiheitai,PS2,2000,Action,0
Def Jam Fight For NY: The Takeover,PSP,2006,Action,0.08
Doraemon: Nobita to Midori no Kyojinden DS,DS,2008,Platform,0
Tom Clancy's EndWar,DS,2008,Strategy,0.08
Major League Baseball 2K11,DS,2011,Sports,0.08
Hello Kitty's Cube Frenzy,PS,1998,Puzzle,0.05
Jikkyou Powerful Pro Yakyuu 9 Ketteiban,PS2,2002,Sports,0
JASF: Jane's Advanced Strike Fighters,X360,2011,Simulation,0.06
The Smurfs 2,PS3,2013,Platform,0.02
Astro Boy: Omega Factor,GBA,2003,Action,0.06
Disgaea Infinite,PSP,2010,Adventure,0.07
Karaoke Joysound Wii Super DX: Hitori de Minna de Utai Houdai!,Wii,2010,Misc,0
Import Tuner Challenge (American sales),X360,2006,Racing,0.07
Phantom Brave: The Hermuda Triangle,PSP,2010,Role-Playing,0.06
Fullmetal Alchemist: Dual Sympathy,DS,2005,Role-Playing,0.05
Cardfight!! Vanguard: Ride to Victory,3DS,2013,Misc,0
Jikkyou Powerful Pro Yakyuu Portable 2,PSP,2007,Sports,0
Carnival Games: Wild West 3D,3DS,2011,Misc,0.06
Kawashima Ryuuta Kyouju Kanshuu Nouryoku Trainer Portable 2,PSP,2006,Misc,0
Chameleon,PSP,2006,Puzzle,0.08
The Wolf Among Us,PS3,2014,Adventure,0.05
Lock's Quest,DS,2008,Strategy,0.08
Rugby 2005,PS2,2005,Sports,0.04
Ochaken no Heya DS 2,DS,2007,Simulation,0
Ratchet & Clank Future: Quest for Booty,PS3,2008,Platform,0.01
Golden Nugget 64,N64,1998,Misc,0.07
Robotron 64,N64,1998,Shooter,0.07
The X-Factor,X360,2010,Misc,0
Batman Beyond: Return of the Joker,N64,2000,Action,0.07
Pokemon Rumble World,3DS,2015,Action,0
Castlevania Dracula X,SNES,1995,Platform,0.03
V-Rally Edition 99,N64,1998,Racing,0.07
Saikyou Habu Shogi,N64,1996,Misc,0
Go Play: City Sports,Wii,2009,Sports,0.08
Naruto RPG 3: Rejiuu vs Konoha Shoutai,DS,2006,Role-Playing,0
Rugby 15,PS3,2015,Sports,0.03
Spectral Force Genesis,DS,2008,Role-Playing,0.08
Tunnel B1,PS,1996,Action,0.05
2-in-1 Game Pack: Spider-Man & Spider-Man 2,GBA,2005,Platform,0.06
Last Rebellion,PS3,2010,Role-Playing,0.06
Porsche Challenge,PS,1997,Racing,0.05
Dragon Ball Z: Shin Butouden,SAT,1995,Fighting,0
Ben 10 Galactic Racing,PS3,2011,Racing,0.06
Super Robot Taisen MX Portable,PSP,2005,Strategy,0
Champion Jockey: G1 Jockey & Gallop Racer,Wii,2011,Sports,0.04
DriveClub VR,PS4,2016,Racing,0.03
Detana TwinBee Yahho! Deluxe Pack,PS,1995,Shooter,0
Truth or Lies,PS3,2010,Misc,0.06
Shin Ken to Mah? to Gakuenmono. Toki no Gakuen,PSP,2012,Role-Playing,0
Quantum Theory,X360,2010,Shooter,0.06
Uta no Prince-Sama: Music 2,PSP,2013,Adventure,0
Skylanders Imaginators,X360,2016,Platform,0.04
Star Wars: Empire at War - Gold Pack,PC,2007,Strategy,0.01
SpongeBob: HeroPants,X360,2015,Platform,0.08
"Saiyuuki: Kinkaku, Ginkaku no Inbou",DS,2007,Role-Playing,0
Tornado Outbreak,PS3,2009,Action,0.08
Bleach: Heat the Soul 6,PSP,2009,Fighting,0
Mugen Keitai Disgaea,PS2,2007,Role-Playing,0
Scrabble,PSP,2009,Misc,0.08
Space Chimps,Wii,2008,Platform,0.08
Justice League Heroes,DS,2006,Role-Playing,0.08
Back to the Future: The Game,PS3,2011,Adventure,0.07
Action Man-Operation Extreme,PS,,Action,0.05
Space Invaders Extreme,PSP,2008,Shooter,0.06
Fishing Master World Tour,Wii,2009,Sports,0.08
Mystic Heroes,GC,2002,Action,0.03
Pachitte Chonmage Tatsujin 10: Pachinko Fuyu no Sonata,PS2,2007,Misc,0
Sega Casino,DS,2005,Misc,0.08
Defender,XB,2002,Misc,0.07
Black & White 2,PC,2005,Strategy,0.01
Captain Tsubasa: Aratanaru Densetsu Joshou,PS,2002,Sports,0
Zoids Assault,X360,2007,Strategy,0.08
Arslan: The Warriors of Legend,PS4,2015,Action,0.03
Blood: The Last Vampire (Joukan),PS2,2000,Adventure,0
World Championship Games: A Track & Field Event,DS,2008,Sports,0.08
Clockwork Knight,SAT,1994,Platform,0
Freestyle Metal X,PS2,2003,Racing,0.04
Pro Yaky? Spirits 2014,PSP,2014,Sports,0
Sidewinder Max,PS2,2000,Simulation,0
Kenka Banchou 2: Full Throttle,PS2,2007,Action,0
Karaoke Revolution Presents American Idol Encore 2,X360,2008,Misc,0.08
Dark Angel: Vampire Apocalypse,PS2,2001,Role-Playing,0.04
Momu-chan Diet Wii: Figurobics by Chon Dayon,Wii,2010,Misc,0
Damnation,PS3,2009,Shooter,0.07
Monster Jam: Path of Destruction,PSP,2010,Racing,0.08
Atelier Totori: The Adventurer of Arland,PSV,2012,Role-Playing,0
No More Heroes: Red Zone,PS3,2011,Action,0
Deadliest Catch: Sea of Chaos,X360,2010,Sports,0.08
Playmobil Circus,Wii,2009,Action,0.06
Super Puzzle Fighter II,GBA,,Puzzle,0.06
Fate/Extella: The Umbral Star,PSV,2016,Action,0
Battle Stadium D.O.N,GC,2006,Fighting,0
Family GameShow,Wii,2009,Misc,0.08
Karaoke Revolution Presents American Idol Encore,PS3,2008,Misc,0.08
Pipe Mania,DS,2008,Puzzle,0.08
Dora's Big Birthday Adventure,DS,2010,Misc,0.08
Crayon Shin-Chan Shokkugan! Densetsu o Yobu Omake Daiketsusen!!,DS,2010,Action,0
Kurikin: Nano Island Story,DS,2007,Role-Playing,0
Supreme Commander,X360,2008,Strategy,0.07
Might & Magic Heroes VII,PC,2015,Strategy,0
Transworld Snowboarding,XB,2002,Sports,0.07
NFL Blitz 20-02,GC,2002,Sports,0.07
World Soccer Winning Eleven 8 International,XB,2004,Sports,0.07
Sniper Elite,XB,2005,Shooter,0.07
Mahjong Cub3D,3DS,2011,Puzzle,0.07
Test Drive: Eve of Destruction,XB,2004,Racing,0.07
Blazblue: Continuum Shift Extend,PS3,2011,Fighting,0
Crimson Sea,XB,2002,Action,0.04
FIFA Street 3,DS,2008,Sports,0.06
Naruto Shippuden: Gekito Ninja Taisen! EX 2,Wii,2007,Fighting,0
Red Bull BC One,DS,2008,Misc,0.08
The Weakest Link,PS,2001,Misc,0.05
Rock Band Country Track Pack 2,Wii,2011,Misc,0.08
Lethal Enforcers,SNES,1993,Shooter,0
Viewtiful Joe: Red Hot Rumble,PSP,2006,Action,0.08
Wolfenstein: The Old Blood,PC,2015,Action,0
GRID Autosport,X360,2014,Racing,0.03
Romance of the Three Kingdoms XII,PS3,2012,Strategy,0
The Mummy: Tomb of the Dragon Emperor,DS,2008,Action,0.08
Ikaruga,GC,2003,Shooter,0.07
The Suffering: Ties That Bind,XB,2005,Action,0.07
Scooby-Doo! Unmasked,DS,2005,Platform,0.07
MLB Superstars,Wii,2008,Sports,0.08
Adventure Time: Finn & Jake Investigations,PS3,2015,Action,0.02
Challenge Me: Brain Puzzles 2,DS,2010,Puzzle,0.05
Remington Super Slam Hunting: Alaska,Wii,2011,Sports,0.08
Reading Training,DS,2007,Misc,0
Nobunaga's Ambition: Iron Triangle,PS2,2006,Strategy,0.04
Crysis: Maximum Edition,PC,2009,Shooter,0
Cake Mania: Main Street,DS,2011,Simulation,0.08
Jikkyou Powerful Pro Yakyuu 2012,PSV,2012,Action,0
Roary the Racing Car,DS,2009,Misc,0
The Mummy: Tomb of the Dragon Emperor,Wii,2008,Action,0.08
Harvest Moon: Boy & Girl,PSP,2005,Simulation,0.08
Dreamer Series: Teacher,DS,2009,Simulation,0.08
Knights in the Nightmare,PSP,2010,Role-Playing,0.06
Pillow Pets,DS,2011,Adventure,0.08
Sengoku Basara 4: Sumeragi,PS3,2015,Action,0
Terraria,3DS,2016,Action,0
Shrek Smash n' Crash Racing,PSP,2006,Racing,0.08
El Tigre: The Adventures of Manny Rivera,DS,2007,Platform,0.08
Jambo! Safari Animal Rescue,Wii,2009,Simulation,0.07
WRC 5: FIA World Rally Championship,PS3,2015,Sports,0.02
Petz: Saddle Club,PSP,2009,Simulation,0.08
Digimon World Re:Digitize Decode,3DS,2013,Role-Playing,0
Digimon World 4,GC,2005,Role-Playing,0.07
MLB 2K9 Fantasy All-Stars,DS,2009,Sports,0.08
Spectral Force 3,X360,2006,Role-Playing,0.08
Ford Racing 3,XB,2004,Racing,0.07
MLB SlugFest Loaded,XB,2004,Sports,0.07
Sotsugyou Crossworld,PS,1996,Simulation,0
Ty the Tasmanian Tiger 3: Night of the Quinkan,GC,2005,Action,0.07
The Amazing Spider-Man (Console Version),WiiU,2013,Action,0.05
Ys I & II Chronicles,PSP,2009,Role-Playing,0.05
R: Racing Evolution,XB,2003,Racing,0.06
Bionicle,GBA,2003,Action,0.06
The Ant Bully,Wii,2006,Platform,0.08
Risen 3: Titan Lords,PC,2014,Role-Playing,0
Bleach GC: Tasogare Ni Mamieru Shinigami,GC,2005,Fighting,0
Chou Jigen Game Neptune Mk-II,PS3,2011,Role-Playing,0
Battle Fantasia,X360,2008,Fighting,0.07
Jikkyou Powerful Pro Yakyuu 2000 Ketteiban,PS,2000,Sports,0
Karaoke Revolution,XB,2004,Misc,0.06
Fire Pro Wrestling Returns,PS2,2005,Sports,0.04
Obscure: The Aftermath,PSP,2009,Action,0.05
Jimmy Neutron: Boy Genius,GC,2002,Platform,0.07
Henry Hatsworth in the Puzzling Adventure,DS,2009,Puzzle,0.08
Derby Stallion,SAT,1999,Sports,0
Rollcage Stage II,PS,2000,Racing,0.05
Samurai Warriors 2: Xtreme Legends,PS2,2007,Action,0.04
Dead or Alive 5,XOne,2015,Fighting,0.05
Karaoke Joysound Wii DX,Wii,2009,Misc,0
Sloane to MacHale no Nazo no Monogatari 2,DS,2009,Puzzle,0
Game Hits!,DS,2010,Misc,0.07
Spider-Man: Edge of Time,Wii,2011,Action,0.06
Tabi no Yubisashi Kaiwachou DS: DS Series 4 America,DS,2006,Misc,0
Invasion From Beyond,PS,1998,Shooter,0.05
Jumper: Griffin's Story,Wii,2008,Action,0.08
Forgotten Realms: Demon Stone,XB,2004,Action,0.06
Major League Baseball 2K7,PSP,2007,Sports,0.08
Rock Band 3,DS,2010,Misc,0.07
LEGO Star Wars II: The Original Trilogy,GBA,2006,Action,0.06
Dynasty Warriors 8: Empires,PS3,2014,Action,0
Batman: A Telltale Game Series,PS4,2016,Adventure,0.03
Tim Burton's The Nightmare Before Christmas: Oogie's Revenge,XB,2005,Adventure,0.06
Mahjong Master,N64,1996,Misc,0
Crash Boom Bang!,DS,2006,Misc,0.07
Royal Palace of White Sword and The City of Gentiles,XB,2005,Role-Playing,0.06
Top Gear Rally,GBA,2003,Racing,0.06
Red Faction: Armageddon,PC,2011,Shooter,0.05
BIT.TRIP COMPLETE,Wii,2011,Misc,0.06
L: the proLogue to DEATH NOTE - Rasen no Wana,DS,2008,Adventure,0
Rugby 15,XOne,2015,Sports,0.03
Famicom Mini: Makaimura,GBA,2004,Platform,0
The Witch and the Hundred Knight,PS4,2015,Role-Playing,0.02
XIII,GC,2003,Shooter,0.07
Kuroko's Basketball: Ties to Future,3DS,2015,Action,0
Data East Arcade Classics,Wii,2010,Misc,0.08
Ski and Shoot,Wii,2008,Sports,0.04
The Incredibles: Rise of the Underminer,XB,2005,Action,0.06
Theme Hospital,PS,1998,Strategy,0.03
Inazuma Eleven 3,3DS,2013,Role-Playing,0
Wizardry: Tale of the Forsaken Land,PS2,2001,Role-Playing,0.04
ShellShock 2: Blood Trails,X360,2009,Shooter,0.05
Just Dance Wii U,WiiU,2014,Misc,0
F.E.A.R. Files,X360,2007,Shooter,0.07
ChuChu Rocket!,GBA,2001,Strategy,0.06
FIFA 12,PS2,2011,Sports,0
Codename Tenka,PS,1997,Shooter,0.05
Savage Skies,PS2,2002,Shooter,0.04
Indianapolis 500 Legends,DS,2007,Racing,0.08
Sega Bass Fishing,DC,1999,Sports,0
Walt Disney's The Jungle Book: Rhythm N'Groove,PS,2000,Misc,0.05
Assassin's Creed Chronicles,PS4,2016,Action,0.01
The Smurfs 2,WiiU,2013,Platform,0.04
Lara Croft and the Temple of Osiris,PS4,2014,Action,0
Million God,PS2,2002,Misc,0
Cyberia,PS,1995,Action,0.05
The Sims 2: Apartment Life,PC,2008,Simulation,0
Killer7,PS2,2005,Action,0.04
Age of Mythology,PC,2002,Strategy,0.02
Busy Scissors,Wii,2010,Simulation,0.08
Lost Heroes,3DS,2012,Role-Playing,0
Astro Boy,PS2,2004,Action,0.04
RollerCoaster Tycoon 3: Platinum,PC,2005,Strategy,0.01
SD Gundam G Generation Genesis,PSV,2016,Strategy,0
Wacky World of Sports,Wii,2009,Sports,0.08
Puss in Boots,PS3,2011,Action,0.07
Monster House,GBA,2006,Adventure,0.06
Wing Commander IV: The Price of Freedom,PS,1997,Simulation,0.05
Cloudy With a Chance of Meatballs,X360,2009,Platform,0.07
Charlotte's Web,DS,2006,Action,0.08
MetropolisMania,PS2,2001,Strategy,0.04
Mystery Stories: Curse of the Ancient Spirits,DS,2011,Adventure,0.04
Shin Megami Tensei: Devil Summoner - Raidou Kuzunoha vs. The Soulless Army,PS2,2006,Role-Playing,0
Bomberman Land Touch!,DS,2006,Puzzle,0.04
Monster Jam: Urban Assault,PSP,2008,Racing,0.08
My Make-Up,DS,2008,Misc,0.08
50 Cent: Bulletproof,PSP,2006,Action,0.08
Princess Maker 2,SAT,1995,Simulation,0
NCAA Football 08,XB,2007,Sports,0.06
SRS: Street Racing Syndicate,GC,2004,Racing,0.07
Ephemeral Fantasia,PS2,2000,Role-Playing,0.04
1 vs. 100,DS,2008,Misc,0.08
Winter Sports 2: The Next Challenge,PS2,2008,Sports,0.04
Destroy All Humans! Path of the Furon,PS3,2009,Action,0
Major League Baseball 2K9,PSP,2009,Sports,0.08
Aibou DS,DS,2009,Adventure,0
Great Party Games,Wii,2010,Misc,0
Tokimeki Memorial: Taisen Pazurudama,SAT,1996,Puzzle,0
Beat Sketch!,PS3,2010,Misc,0
Bleach: Heat the Soul 5,PSP,2008,Fighting,0
Koudelka,PS,1999,Role-Playing,0.05
Animal Planet: Emergency Vets,DS,2009,Simulation,0.08
IHRA Drag Racing: Sportsman Edition,PS2,2006,Racing,0.04
Virtua Fighter CG Portrait Series Vol.2: Jacky Bryant,SAT,1995,Misc,0
Famicom Mini: Famicom Mukashi Banashi - Shin Oniga Shima Zenkouhen,GBA,2004,Adventure,0
Counter-Strike: Source,PC,2004,Shooter,0
Puzzle Chronicles,PSP,2010,Puzzle,0.07
Ski-Doo Snowmobile Challenge,Wii,2009,Racing,0.08
Gray Matter,PC,2011,Adventure,0.02
Brain Voyage,DS,2008,Puzzle,0.06
America's Army: True Soldiers,X360,2007,Shooter,0.08
Adventure Time: Finn & Jake Investigations,3DS,2015,Action,0.03
Toukiden 2,PS4,2016,Action,0
Raiden Fighters Aces,X360,2008,Shooter,0.06
My Stop Smoking Coach: Allen Carr's EasyWay,DS,2008,Misc,0.07
SD Gundam G Generation Genesis,PS4,2016,Strategy,0
NASCAR The Game: Inside Line,PS3,2012,Racing,0.07
Star Wars: Empire at War,PC,2006,Strategy,0.01
Pachitte Chonmage Tatsujin 13: Pachinko Hissatsu Shigotojin III,PS2,2007,Misc,0
BlazBlue Central Fiction,PS4,2016,Fighting,0.04
Wreckin Crew,PS,1998,Racing,0.05
Theme Park,SAT,1994,Simulation,0
Famicom Mini: Mario Bros.,GBA,2004,Platform,0
RockMan EXE 4.5 Real Operation,GBA,2004,Role-Playing,0
Rescue Heroes: Billy Blazes,GBA,2003,Action,0.06
Jaws: Ultimate Predator,Wii,2011,Action,0.08
Are You Smarter Than a 5th Grader? Back to School,DS,2010,Misc,0.08
Sega GT Online,XB,2003,Racing,0.06
SingStar: Made In Germany,PS3,2009,Misc,0
Derby Tsuku: Derby Uma o Tsukurou!,DC,2000,Sports,0
Frantix,PSP,2005,Puzzle,0.08
Knights in the Nightmare,DS,2008,Role-Playing,0.06
SeaWorld Adventure Parks: Shamu's Deep Sea Adventure,GBA,2005,Adventure,0.06
Marvel Nemesis: Rise of the Imperfects,DS,2005,Fighting,0.08
Prisoner of War,XB,2002,Adventure,0.06
Konami Classics Vol. 1,X360,2009,Misc,0.08
Princess Isabella: A Witch's Curse,DS,2010,Adventure,0.05
S.C.A.R.S,PS,1998,Racing,0.05
The King of Fighters '98: Dream Match Never Ends,PS,1999,Fighting,0.05
The Seven Deadly Sins: Unjust Sin,3DS,2015,Adventure,0
ESPN NFL Primetime 2002,PS2,2001,Sports,0.04
Zoids: Legacy,GBA,2003,Role-Playing,0.06
Kidou Senshi Gundam 00,DS,2008,Action,0
Nano Assault,3DS,2011,Shooter,0.08
Captain America: Super Soldier,3DS,2011,Action,0.05
Onimusha Tactics,GBA,2003,Strategy,0.06
Bomberman Jetters,GC,2002,Puzzle,0.06
Nikoli's Pencil Puzzle,3DS,2011,Puzzle,0.05
TOCA Race Driver 3,PS2,2006,Racing,0.04
Mad Dog McCree: Gunslinger Pack,Wii,2009,Shooter,0.07
Deadliest Catch: Sea of Chaos,PS3,2010,Sports,0.08
Pac-Man Power Pack,PS2,2008,Misc,0.04
How to Train Your Dragon 2,WiiU,2014,Adventure,0.03
Blacksite: Area 51,PS3,2007,Shooter,0.07
Disney's Donald Duck: Goin' Quackers,PS2,2000,Platform,0.04
Ultimate Brain Games,GBA,2003,Misc,0.06
Charm Girls Club: My Fashion Show,DS,,Simulation,0.08
Angry Birds Star Wars,PSV,2013,Strategy,0.03
Exit,PSP,2005,Puzzle,0.07
Armorines: Project S.W.A.R.M.,PS,2000,Shooter,0.05
Gundam Seed: Battle Assault,GBA,2004,Fighting,0.06
Harvey Birdman: Attorney at Law,Wii,2008,Adventure,0.08
Chibi Maruko-Chan: Harikiri 365-Nichi no Maki,SNES,1991,Misc,0
The Voice,X360,2014,Action,0.07
SaGa 3: Jikuu no Hasha - Shadow or Light,DS,2011,Role-Playing,0
Thomas & Friends: Hero of the Rails,DS,2010,Misc,0
The Secret Saturdays: Beasts of the 5th Sun,DS,2009,Action,0.08
Wonder World Amusement Park,DS,2009,Misc,0.08
Famicom Mini: Adventure Island,GBA,2004,Action,0
Aliens versus Predator: Extinction,XB,2003,Strategy,0.06
Bejeweled 3,PC,2010,Puzzle,0.02
RTX Red Rock,PS2,2003,Shooter,0.04
Tokimeki Memorial: Girl's Side,PS2,2002,Adventure,0
FIFA Street 2,XB,2006,Sports,0.06
Smart Bomb,PSP,2005,Puzzle,0.07
Edna & Harvey: Harvey's New Eyes,PC,2011,Adventure,0
Shining Force: Resurrection of the Dark Dragon,GBA,2004,Role-Playing,0.06
Shining Soul II,GBA,2003,Role-Playing,0.06
Orega Kantoku Da! Gekitou Pennant Race,PS2,2000,Sports,0
Guilty Gear XX Accent Core Plus,PSP,2008,Fighting,0.03
The Golf Club,PS4,2014,Sports,0.05
Hello Kitty: Roller Rescue,GC,2005,Action,0.06
Jikkyou Powerful Pro Yakyuu 12,GC,2005,Sports,0
Metal Slug Advance,GBA,2004,Shooter,0.06
Pac-Man World Rally,GC,2006,Racing,0.06
Gradius Galaxies,GBA,2001,Shooter,0.06
Blazing Angels: Squadrons of WWII,XB,2006,Simulation,0.06
God Eater Resurrection,PS4,2015,Action,0
Mortal Kombat Kollection,PS2,2008,Fighting,0.04
NHL 2K7,X360,2006,Sports,0.07
LEGO Soccer Mania,PS2,2002,Sports,0.04
Blades of Blood: Samurai Shodown III,PS,1995,Fighting,0.05
MotoGP 14 ,X360,2014,Racing,0.04
Gundam the 3D Battle,3DS,2011,Action,0
Air Conflicts: Secret Wars,X360,2011,Simulation,0.06
Face Racers: Photo Finish,3DS,,Racing,0.08
Miami Nights: Singles in the City,DS,2008,Simulation,0.08
Shovel Knight,PS4,2015,Platform,0.03
Godzilla Generations,DC,1998,Action,0
Strider 2,PS,2000,Platform,0.05
Forbidden Siren 2,PS2,2006,Action,0
Board Game Classics,GBA,2005,Misc,0.06
Invizimals: The Alliance,PSV,2013,Action,0
Midnight Play! Pack,DS,2008,Misc,0.08
Junior Mystery Quest,DS,2011,Puzzle,0.07
Death Jr. and the Science Fair of Doom,DS,2007,Platform,0.08
101-in-1 Sports Megamix,DS,2010,Sports,0.08
Shin Megami Tensei: Digital Devil Saga 2,PS2,2005,Role-Playing,0.04
Pro Evolution Soccer 2013,PC,2012,Sports,0
Transformers: Devastation,PS3,2015,Action,0.03
Playmobil Pirates,DS,2009,Action,0.07
Zatch Bell! Mamodo Battles,PS2,2005,Fighting,0.04
The Penguins of Madagascar: Dr. Blowhole Returns - Again!,PS3,2011,Action,0.04
Wildlife Park 3,PC,2011,Simulation,0
Get Fit with Mel B,Wii,2010,Sports,0.03
Battleborn,PC,2016,Shooter,0.04
Dream Day: Wedding Destinations,DS,2009,Simulation,0.08
Agatha Christie: Evil Under the Sun,Wii,2008,Adventure,0.06
Cloudy With a Chance of Meatballs,PSP,2009,Platform,0.07
Iron Man / X-O Manowar in Heavy Metal,PS,1996,Platform,0.05
Kamen Rider: Travelers Senki,3DS,2013,Action,0
Derby Stallion 98,SNES,1998,Sports,0
Pimp My Ride: Street Racing,PS2,2009,Racing,0.04
Pretty Rhythm: My Deco Rainbow Wedding,3DS,2013,Misc,0
Robotron X,PS,1996,Shooter,0.05
Naruto Shippuden: Shinobi Rumble,DS,2010,Fighting,0.03
Martian Panic,Wii,2010,Adventure,0.08
J-League Winning Eleven 2009: Club Championship,PS2,2009,Sports,0
Don King Boxing,DS,2009,Sports,0.06
Build 'n Race,Wii,2009,Racing,0.08
Grand Prix Challenge,PS2,2002,Racing,0.04
Meitantei Conan & Kindaichi Shounen no Jikenbou: Meguri au Futari no Meitantei,DS,2009,Adventure,0
Guilty Gear Xrd -Revelator-,PS4,2016,Fighting,0.03
FIFA Soccer 2005,GBA,2004,Sports,0.06
PoPoLoCrois (JP sales),PSP,2005,Role-Playing,0
ShellShock 2: Blood Trails,PS3,2009,Shooter,0.04
Ken to Mahou to Gakuen Mono. 2,PSP,2009,Role-Playing,0
Mega Man Legacy Collection,PS4,2016,Platform,0.07
Knights Contract,PS3,2011,Action,0.04
Kaijuu Busters Powered,DS,2011,Action,0
NHL 06,GC,2005,Sports,0.06
The Spiderwick Chronicles,DS,2008,Action,0.07
Initial D: Extreme Stage,PS3,2008,Racing,0
Pinobee: Wings of Adventure,GBA,2001,Platform,0.06
Touch Mechanic,DS,2008,Simulation,0.08
State of Emergency 2,PS2,2006,Shooter,0.04
Sushi Academy,DS,2009,Action,0.08
Gintama Gin-Oh Quest: Gin-San ga Tenshoku Shitari Sekai wo Sukuttari,DS,2007,Role-Playing,0
One Piece: Romance Dawn - Bouken no Yoake,3DS,2013,Fighting,0
I Am In The Movie,Wii,2012,Simulation,0
Fatal Frame III: The Tormented,PS2,2005,Action,0.04
Zero: Tsukihami no Kamen,Wii,,Action,0
Seven Samurai 20XX,PS2,2004,Action,0.04
Generator Rex: Agent of Providence,Wii,2011,Action,0.06
Adventure Time: The Secret of the Nameless Kingdom,3DS,2014,Action,0
Risen 3: Titan Lords,PS3,2014,Role-Playing,0.02
"Hisshou Pachinko*Pachi-Slot Kouryaku Series DS Vol. 2: Shinseiki Evangelion - Shito, Futatabi",DS,2008,Misc,0
Transformers: Devastation,X360,2015,Action,0.06
Jikkyou Powerful Pro Yakyuu 15,Wii,2008,Sports,0
Tornado Outbreak,X360,2009,Action,0.07
Ninjabread Man,Wii,2007,Action,0.07
Tom Clancy's Splinter Cell: Pandora Tomorrow,GC,2004,Action,0.06
DanceDanceRevolution,X360,2011,Simulation,0.08
Battlefield 2,PC,2005,Shooter,0
Slayers Royal,PS,1998,Role-Playing,0
Swingerz Golf,GC,2002,Sports,0.06
Pro Evolution Soccer 2008 (JP sales),DS,2007,Sports,0
Murder in Venice,DS,2011,Adventure,0.05
Titanfall 2,PC,2016,Shooter,0.03
Persona 4: Arena Ultimax,X360,2014,Fighting,0.06
Supremacy MMA,X360,2011,Fighting,0.05
Pretty Rhythm Rainbow Live: Kira Kira My * Design,3DS,2013,Misc,0
The King of Fighters 2006,PS2,2006,Fighting,0.01
The Hidden,3DS,,Adventure,0.08
Nobunaga's Ambition: Rise to Power,PS2,2004,Strategy,0
FIFA Soccer 2003,GC,2002,Sports,0.06
DaGeDar,DS,2011,Action,0.08
Little League World Series Baseball 2010,PS3,2010,Sports,0.07
Outlaw Golf,GC,2002,Sports,0.06
Steins;Gate: Hiyoku Renri no Darling,X360,2011,Adventure,0
Major League Baseball 2K11,PC,2011,Sports,0.06
King's Field (Japan),PS,1994,Role-Playing,0
Slam 'n Jam '96 featuring Magic & Kareem,PS,1995,Sports,0.04
Petz: Dogz Family,PSP,2009,Simulation,0.05
My English Coach: Para Hispanoparlantes,DS,2009,Misc,0.07
ToraDora Portable!,PSP,2009,Adventure,0
The Italian Job,XB,2003,Racing,0.06
Smuggler's Run: Warzones,GC,2002,Misc,0.06
SafeCracker: The Ultimate Puzzle Adventure,Wii,2008,Puzzle,0.07
Warriors Orochi 3 Hyper,WiiU,2012,Action,0.04
Diva Girls: Divas on Ice,Wii,2009,Sports,0.07
NBA 10: The Inside,PSP,2009,Sports,0.07
Kaidan Restaurant: Ura Menu 100-Sen,DS,2010,Misc,0
Qubed,X360,2009,Puzzle,0.07
R/C Stunt Copter,PS,1998,Simulation,0.04
Yamakawa Shuppansha Kanshuu: Shousetsu Sekaishi B,DS,2007,Misc,0
Cartoon Network: Punch Time Explosion XL,Wii,2011,Fighting,0.07
Final Fantasy VI,PS,1999,Role-Playing,0
PAC-MAN and the Ghostly Adventures,PS3,2013,Platform,0.03
WSC Real 11: World Snooker Championship,PS3,2011,Sports,0
Pop'n Music,Wii,2009,Misc,0.07
Jikkyou Powerful Major League 2009,PS2,2009,Sports,0
Space Channel 5 Special Edition,PS2,2003,Misc,0.04
The Legend of Alon D'ar,PS2,2001,Role-Playing,0.04
Uta no Prince-Sama: All Star After Secret,PSP,2015,Action,0
The Sims 3: Fast Lane Stuff,PC,2010,Simulation,0.01
Black/Matrix,SAT,1998,Strategy,0
My Friends,DS,2009,Misc,0.07
Big Mutha Truckers,GC,2003,Racing,0.06
Man vs. Wild,PS3,2010,Action,0.07
The King of Fighters '96,PS,1997,Fighting,0
Legend of the Guardians: The Owls of Ga'Hoole,PS3,2010,Action,0.06
Super Robot Taisen OG Saga: Endless Frontier,DS,2008,Role-Playing,0.07
Sniper: Ghost Warrior 2,PC,2013,Shooter,0.02
Samurai Shodown Sen,X360,2009,Fighting,0.07
NHL Breakaway 99,N64,1998,Sports,0.07
Tony Hawk's Pro Skater 3,N64,2002,Sports,0.06
Iggy's Reckin' Balls,N64,1998,Racing,0.06
The Space Bar,SAT,1996,Adventure,0
Bust-A-Move 2 Arcade Edition,N64,1997,Puzzle,0.06
Knife Edge: NoseGunner,N64,1998,Shooter,0.06
Wetrix,N64,1998,Puzzle,0.06
EyeCreate,PS3,2007,Misc,0
Samurai Western,PS2,2004,Action,0.04
Looney Tunes: Acme Arsenal,X360,2007,Action,0.06
Line Rider 2: Unbound,DS,2008,Puzzle,0.07
Princess in Love,DS,2009,Simulation,0.07
Harry Potter and the Sorcerer's Stone,GC,2003,Action,0.06
High Heat Major League Baseball 2004,XB,2003,Sports,0.06
TimeSplitters: Future Perfect,GC,2005,Shooter,0.06
Pro Cycling Manager 2016,PS4,2016,Sports,0
Sports Collection,DS,2010,Sports,0.06
Captain Tsubasa: New Kick Off,DS,2010,Sports,0
Puzzler Mind Gym 3D,3DS,2011,Puzzle,0.07
"Warhammer 40,000: Dawn of War II - Retribution",PC,2011,Strategy,0
Kenshuui Tendo Dokuta,DS,2004,Simulation,0
Super Sentai Battle: Ranger Cross,Wii,2011,Action,0
The Sims 2: Ikea Home Stuff,PC,2008,Simulation,0
AKB1/149: Love Election,PS3,2013,Adventure,0
Pilot ni Narou! 2,PS2,2001,Simulation,0
Gradius III and IV,PS2,2000,Shooter,0.04
Ken to Mahou to Gakuen Mono. Final: Shinnyusei wa Ohimesama,PSP,2011,Strategy,0
Sherlock Holmes: Crimes & Punishments,XOne,2014,Adventure,0.03
Incredible Crisis,PS,1999,Action,0.04
Midway Arcade Treasures 3,XB,2005,Misc,0.06
SingStar Apres-Ski Party 2,PS3,2010,Misc,0
Samurai Shodown III,NG,1995,Fighting,0
The King of Fighters EX2: Howling Blood,GBA,2002,Fighting,0.06
Cabela's North American Adventures,PS2,2010,Sports,0.04
Akiba's Trip Plus,PSP,2012,Adventure,0
Famicom Mini: SD Gundam World Gachapon Senshi - Scramble Wars,GBA,2004,Strategy,0
Little League World Series Baseball: Double Play,Wii,2010,Sports,0.07
Kobitodzukan: Kobito no Fushigi - Jikken Set,3DS,2013,Misc,0
Bakugan: Rise of the Resistance,DS,2011,Strategy,0.05
Ice Age 2: The Meltdown,Wii,2006,Platform,0.06
Famicom Mini: Star Soldier,GBA,2004,Shooter,0
Sentimental Graffiti 2,DC,2000,Adventure,0
Shonen Jump's One Piece: Pirates Carnival,GC,2005,Misc,0.06
The Bachelor: The Videogame,DS,2010,Misc,0.07
Goblin Commander: Unleash the Horde,XB,2003,Strategy,0.06
Doraemon: Nobita and the Island of Miracles,3DS,2012,Action,0
Gekijouban Madoka Magicka: The Battle Pentagram,PSV,2013,Action,0
Sentimental Graffiti: First Window,SAT,1997,Adventure,0
Cartoon Network Collection: Game Boy Advance Video Volume 2,GBA,2004,Misc,0.06
Knights Contract,X360,2011,Action,0.05
Tempest 3X,PS,1995,Shooter,0.04
Hidden Invasion,PS2,2001,Shooter,0.04
A-Train,PS,1995,Simulation,0.02
Get Fit with Mel B,X360,,Sports,0
Disney's Meet the Robinsons,X360,2007,Action,0.07
Superman: Shadow of Apokolips,GC,2003,Action,0.06
Pony Friends 2,Wii,2009,Simulation,0.03
Armored Core 3 Portable,PSP,2009,Simulation,0
PAC-MAN and the Ghostly Adventures,X360,2013,Platform,0.04
Bleach: Erabareshi Tamashii,PS2,2005,Adventure,0
Sengoku Musou 3: Moushouden ,Wii,2011,Action,0
Witches & Vampires: The Secrets of Ashburry,DS,2010,Adventure,0.05
Batman: Dark Tomorrow,GC,2003,Action,0.06
Pac-Man and the Ghostly Adventures 2,3DS,2014,Adventure,0.03
Crush,PSP,2007,Puzzle,0.07
Discovery Kids: Spider Quest,DS,2009,Misc,0.07
Yuu Yuu Hakusho: Makyo Toitsusen,GEN,1994,Fighting,0
The First Templar,PC,2011,Action,0.06
Rock Revolution,Wii,,Misc,0.07
Ogre Battle Series: Tactics Ogre,PS,1997,Role-Playing,0.04
Ultimate Card Games DS,DS,2008,Strategy,0.07
Jillian Michaels Fitness Ultimatum 2010,DS,2009,Sports,0.07
Battlestar Galactica,XB,2003,Shooter,0.06
Fireblade,XB,2002,Action,0.06
Earth Defense Force 2017,X360,2006,Action,0.04
Tomb Raider: Legend,GC,2006,Action,0.06
Boxing Fever,GBA,2001,Sports,0.06
RoadKill,XB,2003,Action,0.06
The $1 Pyramid,Wii,2011,Misc,0.07
Game of Thrones,PC,2012,Role-Playing,0
From Russia With Love,PSP,2006,Action,0.07
UEFA Euro 2016,PS3,2016,Sports,0
7 Wonders of the Ancient World,PSP,2007,Puzzle,0.07
Gintama: Gin-San to Issho! Boku no Kabuki Machi Nikki,PS2,2007,Action,0
Lost Dimension,PSV,2014,Role-Playing,0.03
Indycar Series 2005,XB,2004,Action,0.06
Resident Evil 6,PS4,2016,Shooter,0.06
Final Fantasy XI: Vana'diel Collection 2008,PS2,2007,Role-Playing,0.03
Assassin's Creed: Rogue,PC,2015,Action,0.05
Taz Wanted,GC,2002,Platform,0.06
Drama Queens,DS,2009,Misc,0.07
Wordfish,DS,2008,Puzzle,0.07
Tomb Raider: Underworld,PC,2008,Action,0
Penny Racers Party: Turbo-Q Speedway,Wii,2008,Racing,0.07
Skydiving Extreme,PS,2001,Sports,0.04
Evil Dead: Regeneration,XB,2005,Action,0.06
Evolution Worlds,GC,2002,Role-Playing,0.06
Far Cry Vengeance,Wii,2006,Shooter,0.06
Petz Fantasy: Sunshine Magic,DS,2010,Simulation,0.07
Code Lyoko: Fall of X.A.N.A.,DS,2008,Adventure,0.07
Worms: A Space Oddity,Wii,2008,Strategy,0.06
Motto! Stitch! DS Rhythm de Rakugaki Daisakusen,DS,2010,Misc,0
Rapala Pro Bass Fishing 2010,PS2,2010,Sports,0.04
Dungeon Travelers 2: The Royal Library & The Monster Seal,PSP,2013,Role-Playing,0
MLB Front Office Manager,PS3,2009,Sports,0.07
Sub Rebellion,PS2,2002,Simulation,0.04
Horrid Henry's Horrid Adventure,DS,2010,Adventure,0
X Rebirth,PC,2013,Simulation,0
Striker 96,PS,1995,Sports,0.04
Pocket Dogs,GBA,2004,Misc,0.06
Tokimeki Memorial 4,PSP,2009,Adventure,0
Bleach: Heat the Soul 4,PSP,2007,Fighting,0
Song of the Deep,PS4,2016,Action,0.06
Dragon's Dogma Online,PS4,2015,Role-Playing,0
Real Robots Final Attack,PS,1998,Shooter,0
New International Track & Field,DS,2008,Sports,0.07
World Series of Poker 2008: Battle for the Bracelets,X360,2007,Misc,0.06
P.N.03 - Product Number Three,GC,2003,Shooter,0.06
Boku no Natsuyasumi 3: Hokkoku Hen: Chiisana Boku no Dai Sougen​,PS3,2007,Adventure,0
Ape Escape: Pumped & Primed,PS2,2004,Misc,0.04
Super Monkey Ball Adventure,PSP,2006,Platform,0.05
Monster Trucks DS,DS,2005,Racing,0.07
FabStyle,DS,2011,Strategy,0
Outlaw Tennis,PS2,2005,Sports,0.04
Medabots Dual: Kabuto / Kuwagata,3DS,2013,Role-Playing,0
Happy Feet Two,Wii,,Action,0.06
Adventure Time: Explore the Dungeon Because I Don't Know!,X360,2013,Action,0.03
LEGO Soccer Mania,GBA,2002,Sports,0.06
Worms: Open Warfare,DS,2006,Strategy,0.05
Resident Evil Zero,XOne,2016,Action,0.05
Gadget Racers,PS2,2000,Racing,0.04
Phantasy Star Online Episode III: C.A.R.D. Revolution,GC,2003,Role-Playing,0.06
Assassin's Creed The Ezio Collection,XOne,2016,Action,0.03
ZhuZhu Babies,DS,2011,Simulation,0.06
Bleach: Heat the Soul 7,PSP,2010,Fighting,0
Nanashi no Game,DS,2008,Adventure,0
Diego's Build & Rescue,DS,2010,Action,0.07
Auto Destruct,PS,1998,Action,0.04
Ultimate Ghosts 'n Goblins,PSP,2006,Platform,0.07
Samurai Warriors 2,X360,2006,Action,0.07
TrackMania DS,DS,2008,Racing,0.06
Dangerous Ji-San to 1000-nin no Otomodachi Yokoshima,3DS,2012,Action,0
GOTHA: Ismailia Seneki,SAT,1995,Strategy,0
Ultimate Fighting Championship: Throwdown,GC,2002,Fighting,0.06
Major League Baseball 2K12,DS,2012,Sports,0.07
Zoo Tycoon (2013),X360,2013,Simulation,0.02
Silent Hunter III,PC,2005,Simulation,0
Alien Syndrome,PSP,2007,Role-Playing,0.07
Deep Fear,SAT,1998,Adventure,0
Skeleton Warriors,PS,1996,Platform,0.04
Ford vs. Chevy,XB,2005,Racing,0.06
Endgame,PS2,2002,Shooter,0.04
The Dukes of Hazzard: Return of the General Lee,XB,2004,Racing,0.06
Criminal Girls: Invite Only,PSP,2010,Role-Playing,0
Ultimate Duck Hunting,Wii,2009,Sports,0.07
Just Dance: Disney Party 2,WiiU,2015,Action,0.06
Dreamer Series: Shop Owner,DS,2009,Simulation,0.07
Virus,SAT,1997,Shooter,0
Jikkyou Powerful Pro Yakyuu Next,Wii,2009,Sports,0
The Sims 3: Barnacle Bay,PC,2011,Simulation,0.07
WWE Crush Hour,GC,2003,Racing,0.06
Metal Gear Solid V: The Phantom Pain,PC,2015,Action,0
Dragon Shadow Spell,PS2,2007,Role-Playing,0
Dragon Slayer: The Legend of Heroes,GEN,1994,Role-Playing,0
Sound Novel Tsukuru,SNES,1996,Misc,0
The Idolm@ster,X360,2007,Simulation,0
Momotarou Dentetsu 11,GC,2002,Misc,0
NHL Hitz 20-03,GC,2002,Sports,0.06
Adventure Time: Finn & Jake Investigations,X360,2015,Action,0.03
Guilty Gear XX Slash,PS2,2006,Fighting,0
C.O.P.: The Recruit,DS,2009,Action,0.05
Mission Runway,DS,2008,Simulation,0.07
Urban Reign,PS2,2005,Action,0.04
Super Robot Taisen Z Special Disc,PS2,2009,Misc,0
Slayers Royal 2,SAT,1998,Role-Playing,0
Cate West: The Vanishing Files,Wii,2009,Adventure,0.07
Soul Bubbles,DS,2008,Puzzle,0.05
Resident Evil 3: Nemesis,GC,2003,Action,0.06
All-Star Baseball 2004,GC,2003,Sports,0.06
Bangai-O Spirits,DS,2008,Shooter,0.07
Valentino Rossi: The Game,PS4,2016,Racing,0.01
Ultimate Party Challenge,Wii,2009,Misc,0.07
Team Elimination Games,Wii,2009,Misc,0.07
Whac-A-Mole,DS,2005,Puzzle,0.07
Samurai Warriors Chronicles 3,3DS,2014,Action,0
Winter Stars,PS3,2011,Sports,0.01
Dawn of Heroes,DS,2010,Role-Playing,0.07
Lost in Blue: Shipwrecked,Wii,2008,Adventure,0.07
Salon Superstar,DS,2009,Simulation,0.07
Scooby-Doo! Who's Watching Who?,PSP,2006,Adventure,0.07
Madden NFL 08,GC,2007,Sports,0.06
Aliens in the Attic,Wii,2009,Action,0.07
Ro-Kyu-Bu!,PSP,2011,Adventure,0
Frogger Beyond,XB,2002,Platform,0.06
Katekyoo Hitman Reborn! DS: Flame Rumble Kaien Ring Soudatsuen!,DS,2007,Fighting,0
World Championship Poker: Deluxe Series,DS,2005,Misc,0.07
Stuart Little 3: Big Photo Adventure,PS2,2005,Platform,0.04
"Ni Hao, Kai-lan: Super Game Day",PS2,2009,Misc,0.04
Serious Sam 3: BFE,PC,2011,Shooter,0.01
Ultimate Shooting Collection,Wii,2008,Shooter,0.07
Pro Yakyuu Famista DS 2010,DS,2010,Sports,0
Katekyoo Hitman Reborn! DS: Flame Rumble Hyper - Moeyo Mirai,DS,2008,Fighting,0
Captain Tsubasa,PS2,2006,Sports,0
Infernal: Hell's Vengeance,X360,2009,Shooter,0.06
Pitfall: The Lost Expedition,GC,2004,Platform,0.06
No One Can Stop Mr. Domino!,PS,1998,Misc,0.04
Man vs. Wild,Wii,2011,Action,0.07
GT Advance 3: Pro Concept Racing,GBA,2002,Racing,0.05
Duke Nukem: Land of the Babes,PS,2000,Shooter,0.04
Majin Tensei,SNES,1994,Role-Playing,0
Yoru no Nai Kuni,PS4,2015,Role-Playing,0
Dragon Force II: Kamisarishi Daichi ni,SAT,1998,Strategy,0
Monkey Hero,PS,1998,Action,0.04
Sumikko Gurashi: Mura o Tsukurundesu,3DS,2016,Misc,0
Puchi Puchi Virus,DS,2007,Puzzle,0.07
Krazy Ivan,PS,1995,Simulation,0.04
Need For Speed: Undercover,PC,2008,Racing,0
Quo Vadis,SAT,1995,Strategy,0
Need for Speed: Most Wanted,PC,2012,Racing,0
PQ: Practical Intelligence Quotient,PSP,2005,Puzzle,0.07
The Wolf Among Us,XOne,2014,Adventure,0.05
Fate/Tiger Colosseum,PSP,2007,Fighting,0
SCORE International Baja 1000: The Official Game,PS3,2008,Racing,0.07
10 Minute Solution,Wii,2010,Sports,0.06
Dragon Ball Z: The Legacy of Goku I & II,GBA,2005,Role-Playing,0.05
Family Game Night 4: The Game Show,X360,2011,Misc,0.07
R: Racing Evolution,GC,2003,Racing,0.06
Romance of the Three Kingdoms 13,PS4,2015,Action,0.02
Zero Escape: Zero Time Dilemma,3DS,2016,Adventure,0.05
Stella Deus: The Gate of Eternity,PS2,2004,Strategy,0.04
Vietcong: Purple Haze,XB,2004,Shooter,0.06
Conflict: Desert Storm,GC,2003,Shooter,0.06
One Piece: Gear Spirit,DS,2007,Fighting,0
Tales of Fandom Vol.2,PS2,2007,Role-Playing,0
Genkai Totsuki Moero Chronicle,PSV,2014,Role-Playing,0
Minna no Joushiki Ryoku TV,Wii,2008,Misc,0
P.T.O. IV: Pacific Theater of Operations,PS2,2002,Strategy,0.04
Bella Sara,DS,2008,Misc,0.04
Tears to Tiara: Garland of the Earth,PS3,2008,Strategy,0
The Penguins of Madagascar: Dr. Blowhole Returns - Again!,Wii,2011,Action,0.04
Backyard NBA Basketball,DS,2007,Sports,0.07
Mind Quiz: Your Brain Coach,DS,2006,Misc,0
Elebits: The Adventures of Kai and Zero,DS,2008,Adventure,0.07
Aikatsu! My No.1 Stage!,3DS,2015,Misc,0
Codename: Kids Next Door: Operation S.O.D.A.,GBA,2004,Platform,0.05
Far Cry Instincts Evolution,XB,2006,Shooter,0.06
Pinball Hall of Fame: The Gottlieb Collection,XB,2004,Misc,0.06
Conception: Please Give Birth to My Child!,PSP,2012,Role-Playing,0
Rayman Origins,PC,2012,Platform,0
Medal of Honor: Underground,GBA,2002,Shooter,0.05
Super Football,2600,1987,Sports,0.07
The Idolmaster: Gravure For You! Vol. 3,PS3,2011,Misc,0
Cosmic Family,Wii,2007,Misc,0.07
Scooby-Doo! Unmasked,XB,2005,Platform,0.06
Yoru no Nai Kuni,PSV,2015,Role-Playing,0
Driven,GC,2002,Racing,0.06
Dynasty Warriors 3,XB,2002,Action,0.06
Tennis no Oji-Sama Gyutto! DokiDoki Survival - Umi to Yama no Love Passion,DS,2011,Sports,0
Nicola Kanshuu: Model Oshare * Audition Platina,3DS,2012,Action,0
Jimmie Johnson's Anything With an Engine,PS3,2011,Racing,0.07
MTV Music Generator 3: This Is the Remix,XB,2004,Misc,0.06
Fairy Tail: Portable Guild 2,PSP,2011,Fighting,0
Party Pigs: Farmyard Games,Wii,2009,Misc,0.07
Imagine: My Restaurant,DS,2009,Simulation,0
Grand Ages: Medieval,PS4,2015,Strategy,0
Wizardry: Llylgamyn Saga,PS,1998,Role-Playing,0
Supremacy MMA,PSV,2012,Fighting,0.02
Kinnikuman Muscle Grand Prix Max 2: Tokumori,PS2,2008,Fighting,0
Gale Racer,SAT,1994,Racing,0
In The Groove,PS2,2005,Misc,0.04
The Legend of Kage 2,DS,2008,Action,0.07
Myst,PS,1995,Adventure,0
World Tour Soccer 06,PSP,2006,Sports,0.07
Baroque,Wii,2008,Role-Playing,0.07
Lost Dimension,PS3,2014,Role-Playing,0.05
Killer Instinct (2013),XOne,2013,Fighting,0.04
AKB1/149: Love Election,PSV,2012,Adventure,0
Naruto Shippuden: Gekito Ninja Taisen! EX 3,Wii,2008,Fighting,0
Boku no Natsuyasumi Portable 2: Nazo Nazo Shimai to Chinbotsusen no Himitsu,PSP,2010,Adventure,0
Magic Pengel: The Quest for Color,PS2,2002,Role-Playing,0.04
Super Baseball,2600,1987,Sports,0.07
Kenka Banchou 6: Soul & Blood,3DS,2015,Fighting,0
Jikkyou Powerful Pro Yakyuu 2011 Ketteiban,PS3,2011,Sports,0
Kung Fu Panda: Legendary Warriors,Wii,2008,Action,0.07
Formula One World Championship: Beyond the Limit,SCD,1994,Racing,0
Medabots 8,3DS,2014,Role-Playing,0
Divinity: Original Sin,XOne,2015,Role-Playing,0.04
Little League World Series Baseball: Double Play,DS,2010,Sports,0.07
Hakuouki DS,DS,2010,Adventure,0
Buster Bros. Collection,PS,1997,Puzzle,0.04
Agatha Christie: And Then There Were None,Wii,2008,Adventure,0.06
Sony Computer Science Kenkyuujo Mogi Kenichirou Hakase Kanshuu: Nou ni Kaikan Aha Taiken!,PSP,2006,Misc,0
Grease Dance,PS3,2011,Misc,0.05
Mega Man Battle Network: Operation Shooting Star,DS,,Role-Playing,0
Futurama,PS2,2003,Platform,0.04
Famicom Mini: Hikari Shinwa: Palutena no Kagami,GBA,2004,Platform,0
The History Channel: Battle for the Pacific,PS3,2008,Shooter,0.07
Animal Kingdom: Wildlife Expedition,Wii,2009,Adventure,0.07
Rayman 3: Hoodlum Havoc,XB,2003,Platform,0.06
Momotarou Dentetsu Tag Match: Yuujou - Doryoku - Shouri no Maki!,PSP,2010,Misc,0
Superman Returns,DS,2006,Action,0.07
My First Songs,Wii,2010,Misc,0
Super Ghouls 'n Ghosts,GBA,2002,Platform,0.05
Boxing,PS,2000,Fighting,0.04
NHL Open Ice,PS,1996,Sports,0.04
Legend of the Guardians: The Owls of Ga'Hoole,X360,2010,Action,0.06
Gundam Battle Tactics,PSP,2005,Action,0
Touch Detective: Nameko Shigeru,3DS,2013,Adventure,0
Need for Speed Underground 2,PC,2004,Racing,0
Sky Gunner,PS2,2001,Action,0.04
And1 Streetball,XB,2006,Action,0.06
Gladius,GC,2003,Strategy,0.06
The Hustle: Detroit Streets,PSP,2005,Sports,0.07
PhotoKano,PSV,2013,Adventure,0
Warriors Orochi 3,PSV,2013,Action,0
Real Sound: Kaze no Riguretto,SAT,1997,Adventure,0
Blood Drive,PS3,2010,Racing,0.07
Again,DS,2009,Adventure,0.07
Soccer Tsuku: Pro Soccer Club o Tsukurou!,PSV,2013,Sports,0
Summon Night 4,PSP,2012,Role-Playing,0
Escape Dead Island,PS3,2014,Action,0.04
Torchlight,PC,2009,Role-Playing,0
Pac-Man World 3,PSP,2005,Platform,0.07
Rogue Trooper: Quartz Zone Massacre,Wii,2009,Shooter,0.06
Hero Bank,3DS,2014,Role-Playing,0
Disney's Planes,3DS,2013,Simulation,0.04
Winx Club,GBA,2005,Shooter,0.05
World Party Games,Wii,2009,Misc,0.07
Classic Road,PS,1995,Sports,0
Cartoon Network: Punch Time Explosion XL,X360,2011,Fighting,0.07
Utawarerumono: Itsuwari no Kamen,PSV,2015,Adventure,0
Damage Inc.: Pacific Squadron WWII,X360,2012,Simulation,0.07
My Fun Facts Coach,DS,2008,Misc,0.07
The Idolm@ster: Live for You!,X360,2008,Misc,0
Tokimeki Memorial Girl's Side Premium: 3rd Story,PSP,2012,Adventure,0
Smashing Drive,GC,,Racing,0.06
Open Season,PSP,2006,Platform,0.07
Mega Man Xtreme,GB,2000,Platform,0
America's Next Top Model,Wii,2010,Action,0.07
Bomberman Max 2: Red Advance,GBA,2002,Puzzle,0.05
F.E.A.R. 2: Project Origin,PC,2009,Shooter,0.02
Margot's Word Brain,DS,2008,Puzzle,0.07
Toy Soldiers: War Chest,PS4,2015,Action,0.06
Godai: Elemental Force,PS2,2002,Action,0.04
Chronicles of Mystery: The Secret Tree of Life,DS,2011,Adventure,0.03
Still Life,XB,2005,Adventure,0.05
Big Mutha Truckers 2,XB,2005,Racing,0.05
Hang On GP,SAT,1995,Racing,0
Uprising X,PS,1998,Action,0.04
SpongeBob's Truth or Square,X360,2009,Action,0.03
Mega Man Xtreme 2,GB,2001,Platform,0
"Sesame Street: Ready, Set, Grover!",DS,2011,Misc,0.07
I-Ninja,XB,2003,Platform,0.05
Sigma Harmonics,DS,2008,Role-Playing,0
Gunblade NY & L.A. Machineguns Arcade Hits Pack,Wii,2010,Shooter,0.06
The Lord of the Rings: The Battle for Middle-Earth,PC,2004,Strategy,0.01
Kessen III,PS2,2004,Strategy,0.04
Learn Geography,DS,2009,Misc,0.07
Harlem Globetrotters: World Tour,DS,2006,Sports,0.07
The King of Fighters Collection: The Orochi Saga,PSP,2008,Fighting,0.07
Summon Night,DS,2008,Role-Playing,0
Aero Elite: Combat Academy,PS2,2002,Simulation,0.04
"3 in 1: Solitaire, Mahjong & Tangram",DS,2010,Misc,0
Wrath Unleashed,PS2,2004,Strategy,0.04
Beyond Good & Evil,GC,2003,Adventure,0.06
Divinity II: Ego Draconis,PC,2009,Role-Playing,0.01
Pong / Asteroids / Yars' Revenge,GBA,2005,Misc,0.05
Commandos 2: Men of Courage,XB,2002,Strategy,0.05
Emergency 2012,PC,2010,Simulation,0.02
Winter Sports 2: The Next Challenge,X360,2008,Sports,0.06
NOëL: La Neige,PS,1998,Adventure,0
Busou Shinki: Battle Masters,PSP,2010,Action,0
Overlord: Minions,DS,2009,Puzzle,0.07
Roll Away,PS,1998,Puzzle,0.04
Derby Jockey: Kishou e no Michi,SNES,1994,Sports,0
Fairy Fencer F: Advent Dark Force,PS4,2015,Role-Playing,0.02
Harukanaru Toki no Naka de 4,PS2,2008,Adventure,0
Roogoo Attack!,DS,2009,Puzzle,0.07
Maximum Chase,XB,2002,Racing,0.05
Prey the Stars,DS,2008,Action,0.07
Winning Post 7 2012,PS3,2012,Sports,0
Spot Goes to Hollywood,PS,1996,Platform,0.04
G Darius,PS,1997,Shooter,0.04
Mucha Lucha! Mascaritas of the Lost Code,GBA,2003,Fighting,0.05
SD Gundam: Gashapon Wars,GC,2005,Strategy,0
Alvin and the Chipmunks,PS2,2007,Misc,0.04
Hearts of Iron III,PC,2009,Strategy,0.02
Picture Perfect Hair Salon,DS,2009,Simulation,0.07
River King: Mystic Valley (US sales),DS,2007,Sports,0.07
Kengo: Legend of The 9,X360,2006,Fighting,0.06
Romance of the Three Kingdoms XI,PS2,2007,Strategy,0
Hammerin' Hero,PSP,2008,Action,0.06
Model * Oshare Audition: Dream Girl,3DS,2013,Misc,0
Lupin Sansei: Shijou Saidai no Zunousen,DS,2010,Adventure,0
Dark Souls III,PC,2016,Role-Playing,0
Petz Fantasy 3D,3DS,2011,Simulation,0.07
WRC 2: FIA World Rally Championship,X360,2011,Racing,0
Archer Maclean's 3D Pool,GBA,2003,Misc,0.05
Tak: The Great Juju Challenge,XB,2005,Platform,0.05
TMNT: Mutant Melee,GC,2005,Fighting,0.06
Combat: Task Force 121,XB,2005,Shooter,0.05
Winning Eleven Playmaker 2010: Aoki Samurai no Chousen,Wii,2010,Sports,0
Goosebumps HorrorLand,PS2,2008,Adventure,0.04
Exhibition Volume 4,XB,2003,Misc,0.05
Viewpoint,PS,1995,Shooter,0.04
Code Geass: Hangyaku no Lelouch - Lost Colors,PSP,2008,Adventure,0
Disney's Donald Duck Advance,GBA,2001,Platform,0.05
Stacked with Daniel Negreanu,PS2,2006,Misc,0.04
Hakuouki: Yuugi Roku,PSP,2010,Adventure,0
The Rub Rabbits!,DS,2005,Puzzle,0.03
Rapala Pro Bass Fishing 2010,PSP,2010,Sports,0.06
Let's Ride! Friends Forever,DS,2008,Adventure,0.07
Circus Maximus: Chariot Wars,XB,2002,Racing,0.05
Squishy Tank,DS,2010,Puzzle,0.07
Dungeon Maker II: The Hidden War,PSP,2007,Role-Playing,0.06
Discovery Kids: Parrot Pals,DS,2009,Simulation,0.07
Kenyuu Densetsu Yaiba,SNES,1994,Action,0
Kidou Senshi Gundam: Giren no Yabou - Axis no Kyoui V,PS2,2009,Strategy,0
Kidou Senshi Gundam: Giren no Yabou - Axis no Kyoui V,PSP,2009,Strategy,0
Elements of Destruction,DS,2007,Strategy,0.07
Serious Sam: Next Encounter,PS2,2004,Shooter,0.04
Eiken DS,DS,2007,Misc,0
Game Center CX: Arino no Chousenjou 2,DS,2009,Action,0
Tom Clancy's Ghost Recon 2,GC,2005,Shooter,0.06
E.X. Troopers,3DS,2012,Shooter,0
The Croods: Prehistoric Party!,Wii,2013,Misc,0.01
J Legend Retsuden,3DS,2013,Misc,0
SpongeBob's Truth or Square,PSP,2009,Action,0.02
Port Royale 3,PS3,,Simulation,0.06
Monster Racers,DS,2009,Racing,0.05
The King of Fighters: Evolution,DC,2000,Fighting,0
DS Uranai Seikatsu,DS,2009,Misc,0
Hyperdimension Neptunia Re;Birth 3,PSV,2014,Action,0.04
Pro Farm 1,PC,2011,Simulation,0
Pitfall: The Lost Expedition,GBA,2003,Platform,0.05
Rock Band Country Track Pack 2,PS3,2011,Misc,0.07
Speed Zone,Wii,2009,Racing,0.01
All-Star Baseball 2004,GBA,2003,Sports,0.05
Cho~ricchi! Tamagotchi no Puchi Puchi Omisecchi,3DS,2012,Action,0
Jewel Time Deluxe,DS,2011,Puzzle,0.04
James Cameron's Dark Angel,XB,2002,Action,0.05
The Legend of Heroes: Trails in the Sky Third Chapter,PSP,2008,Role-Playing,0
Aqua Teen Hunger Force: Zombie Ninja Pro-Am,PS2,2007,Racing,0.03
Hannspree Ten Kate Honda: SBK Superbike World Championship,PS2,2007,Racing,0.03
Generator Rex: Agent of Providence,PS3,2011,Action,0.05
Alexi Lalas International Soccer,PS,1998,Sports,0.04
Dream Trigger 3D,3DS,,Shooter,0.04
Monster Rancher Battle Card: Episode II,PS,2000,Action,0.04
NCAA College Football 2K3,GC,2002,Sports,0.05
Karaoke Revolution Party,GC,2005,Misc,0.05
Crayola: Colorful Journey,Wii,2009,Misc,0.07
Itoi Shigesato no Bass Tsuri No. 1 Ketteihan!,N64,2000,Sports,0
Jumper: Griffin's Story,PS2,2008,Action,0.03
Operation Darkness,X360,2007,Role-Playing,0.07
Emily the Strange: Strangerous,DS,2011,Action,0.04
Famicom Mini: Nazo no Murasame-Jou,GBA,2004,Action,0
Galerians: Ash,PS2,2002,Adventure,0.03
Dead Island: Riptide,PC,,Action,0
Jimmie Johnson's Anything With an Engine,Wii,2011,Racing,0.07
R-Type Command,PSP,2007,Strategy,0.05
Yoostar on MTV,X360,,Misc,0.07
Just Dance: Disney Party 2,XOne,2015,Action,0.05
Kane & Lynch 2: Dog Days,PC,2010,Shooter,0
Haunting Ground,PS2,2005,Action,0.03
Mahjong Fight Club DS: Wi-Fi Taiou,DS,2006,Misc,0
"Hi! Hamtaro - Little Hamsters,big Adventures: Ham-Ham Challenge",DS,2005,Misc,0.07
Grand Kingdom,PS4,2015,Role-Playing,0.03
Robocalypse,DS,2008,Strategy,0.07
Vampire Knight DS,DS,2009,Adventure,0
Disney Sports Skateboarding,GBA,2002,Sports,0.05
Homie Rollerz,DS,2008,Racing,0.07
Let's Paint,Wii,2010,Simulation,0.07
Rugby League 3,Wii,2010,Sports,0
Magi: The Labyrinth of Beginning,3DS,2013,Role-Playing,0
Escape Dead Island,X360,2014,Action,0.03
Tom Clancy's Splinter Cell: Chaos Theory,DS,2005,Action,0.06
The Croods: Prehistoric Party!,DS,2013,Misc,0.03
I Don't Have Many Friends Portable,PSP,2012,Adventure,0
SimCity 4: Deluxe Edition,PC,2003,Simulation,0
Jewel Link Chronicles: Legend of Athena,DS,2011,Puzzle,0
CSI: Dark Motives,DS,2007,Adventure,0.05
Burnout Paradise: The Ultimate Box,PS3,2009,Racing,0
Loons: The Fight For Fame,XB,2002,Action,0.05
Romance of the Three Kingdoms IX,PS2,2003,Strategy,0.03
Second Sight,XB,2004,Adventure,0.05
Metal Gear Solid,GB,2000,Action,0
The Legend of Heroes: Trails in the Sky First Chapter,PSV,2015,Role-Playing,0
Totaled!,XB,2002,Racing,0.05
Bleach: Heat the Soul 3,PSP,2006,Fighting,0
Ecco: The Tides of Time,GEN,1993,Adventure,0
Make 10: A Journey of Numbers,DS,2007,Puzzle,0
Fantasy Aquarium by DS,DS,2008,Simulation,0.07
Rock Band Track Pack: Classic Rock,X360,2009,Misc,0.07
Operation Flashpoint: Red River,PC,2011,Shooter,0.01
Machine Head,PS,1996,Shooter,0.04
Vanguard Bandits,PS,1998,Strategy,0.04
MLB Front Office Manager,X360,2009,Sports,0.06
Lost Heroes,PSP,2012,Role-Playing,0
Vampire Legends: Power of Three,DS,2010,Adventure,0.07
Child of Light,PSV,2014,Role-Playing,0
The Legend of Heroes VII: The Trail of Zero,PSV,2012,Role-Playing,0
Shin Chan Contra ¡Los Plastas!,DS,2009,Platform,0
Haikyuu!! Tsunage! Itadaki no Keshiki!!,3DS,2014,Adventure,0
Silent Hill: Origins,PS2,2008,Action,0.03
Blast Radius,PS,1998,Action,0.04
ESPN National Hockey Night,PS2,2001,Sports,0.03
Tornado,DS,,Action,0.07
Cut the Rope,3DS,2014,Puzzle,0.06
Resident Evil: Revelations 2,X360,2015,Action,0.04
Pro Yaky? Spirits 2011,3DS,2011,Sports,0
Taz Wanted,XB,2002,Platform,0.05
Disaster: Day of Crisis,Wii,2008,Action,0
Shounen Sunday x Shounen Magazine: Nettou! Dream Nine,DS,2009,Sports,0
Harry Potter and the Sorcerer's Stone,XB,2003,Action,0.05
McFarlane's Evil Prophecy,PS2,,Action,0.03
IA/VT Colorful,PSV,2015,Misc,0
We Sing Rock!,Wii,2011,Misc,0
Wallace & Gromit in Project Zoo,GC,2003,Platform,0.05
Shadowgate 64: Trials of the Four Towers,N64,1999,Adventure,0.06
Super Robot Spirits,N64,1998,Fighting,0
Mia Hamm Soccer 64,N64,2000,Sports,0.06
John Madden Football,SNES,1991,Sports,0
Caesars Palace Advance: Millennium Gold Edition,GBA,2001,Misc,0.05
Aero Gauge,N64,1997,Racing,0.06
Battlezone: Rise of the Black Dogs,N64,2000,Strategy,0.06
Teenage Mutant Ninja Turtles: Tournament Fighters,NES,1992,Fighting,0.04
Moxie Girlz,DS,2011,Misc,0.07
Damnation,X360,2009,Shooter,0.06
Samurai Warriors,XB,2004,Action,0.05
GunParade Orchestra: Shiro no Shou,PS2,2006,Adventure,0
Rec Room Games,DS,2011,Sports,0.07
Zettai Zetsumei Toshi 3: Kowareyuku Machi to Kanojyo no Uta,PSP,2009,Action,0
FIFA Soccer 2004,GC,2003,Sports,0.05
Super Robot Taisen OG Saga: Masou Kishin III - Pride of Justice,PS3,2013,Strategy,0
Record of Agarest War,PS3,2007,Role-Playing,0
SNK Arcade Classics Vol. 1,Wii,2008,Misc,0.06
Dave Mirra BMX Challenge,PSP,2006,Sports,0.06
Rayman 3: Hoodlum Havoc,GC,2003,Platform,0.05
Tony Hawk's Pro Skater 5,X360,2015,Sports,0.06
Tales of Rebirth,PSP,2008,Role-Playing,0
The Guy Game,XB,2004,Misc,0.05
Let's Ride! Dreamer,GBA,2005,Adventure,0.05
Fantasia: Music Evolved,X360,2014,Misc,0.06
Tecmo's Deception,PS,1996,Role-Playing,0.04
Point Blank DS (JP sales),DS,2006,Shooter,0
Ghost in the Shell: Stand Alone Complex,PSP,2005,Adventure,0.06
G-Saviour,PS2,2000,Action,0
Open Season,Wii,2006,Platform,0.06
Gintama DS: Yorozuya Daisoudou,DS,2006,Action,0
Drake of the 99 Dragons,XB,,Shooter,0.05
Dave Mirra BMX Challenge,Wii,2007,Sports,0.06
BlazBlue: Chrono Phantasma,PSV,2014,Fighting,0.03
Crayon Shin-Chan: Obaka Daininden - Susume! Kasukabe Ninja Tai!,DS,2010,Action,0
Crimson Sea 2,PS2,2004,Action,0.03
Tokyo Twilight Ghost Hunters,PSV,2014,Role-Playing,0.03
Higurashi no Nakukoru ni Kizuna: Dai-Ichi-Kan - Tatari,DS,2008,Adventure,0
Doraemon: Nobita to Himitsu Dougu Hakubutsukan,3DS,2013,Action,0
Ragnarok: Hikari to Yami no Koujo,PSP,2011,Role-Playing,0.02
Saint Seiya: Brave Soldiers,PS3,2013,Fighting,0
Earth Defense Force 2: Invaders from Planet Space,PSV,2014,Action,0.02
Digimon World Championship,DS,2008,Role-Playing,0
AMF Bowling Pinbusters!,DS,2008,Sports,0.06
RayStorm,PS,1997,Shooter,0.04
Disney's Winnie the Pooh's Rumbly Tumbly Adventure,GC,2005,Platform,0.05
Dynasty Warriors 8: Empires,XOne,2014,Action,0.04
Trick DS-han: Kakushi Kami no Sumukan,DS,2010,Misc,0
Circuit Breakers,PS,1998,Racing,0.04
Winter Sports 2011,Wii,2011,Sports,0
futureU: The Prep Game for SAT,DS,2008,Misc,0.06
Catwoman,GC,2004,Action,0.05
Colosseum: Road to Freedom,PS2,2005,Role-Playing,0.03
Tank! Tank! Tank!,WiiU,2012,Action,0.02
Football Manager 2010,PC,2009,Sports,0
Target: Terror,Wii,2008,Shooter,0.06
Mugen Souls Z,PS3,2013,Role-Playing,0.02
BeatMania,PS2,2006,Simulation,0.03
Sprint Cars: Road to Knoxville,PS2,2005,Racing,0.03
Guilty Gear Xrd -Revelator-,PS3,2016,Fighting,0.02
Crayon Shin-Chan: Densetsu o Yobu Omake no To Shukkugaan!,GBA,2006,Action,0
Shrek's Carnival Craze Party Games,PS2,2008,Misc,0.03
Dream Dance & Cheer,Wii,2009,Misc,0.06
Silpheed: The Lost Planet,PS2,2000,Shooter,0.03
Billy's Boot Camp: Wii de Enjoy Diet!,Wii,2011,Sports,0
Real Time Conflict: Shogun Empires,DS,2005,Strategy,0.06
Spartan: Total Warrior,GC,2005,Action,0.05
Pitfall: The Lost Expedition,XB,2004,Platform,0.05
Hoppechan: Minna de Odekake! Waku Waku Hoppe Land!!,3DS,2014,Action,0
Fantastic Four,PS,1997,Action,0.04
Yamaha Supercross,Wii,2009,Racing,0.05
Petz: Hamsterz Bunch,PSP,2009,Simulation,0.06
Higurashi no Naku Koro ni Matsuri: Kakera Asobi,PS2,2007,Adventure,0
River City Ransom EX,GBA,2004,Action,0.05
Bionicle Heroes,X360,2006,Shooter,0.05
San Goku Shi Taisen Ten,DS,2008,Strategy,0
Ant Nation,DS,2009,Simulation,0.06
Fable: The Lost Chapters,PC,2005,Role-Playing,0.01
Fairy Tail: Zelef Kakusei,PSP,2012,Action,0
Strike Point,PS,1996,Simulation,0.04
Crazy Taxi 2,DC,2001,Racing,0
The Sims 2: Seasons,PC,2007,Simulation,0.01
Dragon Slayer: The Legend of Heroes,SNES,1992,Role-Playing,0
Street Fighter II': Special Champion Edition (JP weekly sales),GEN,1993,Action,0
Pizza Delivery Boy,Wii,2010,Simulation,0.06
Tom and Jerry in War of the Whiskers,GC,2003,Fighting,0.05
Keroro RPG: Kishi to Musha to Densetsu no Kaizoku,DS,2010,Role-Playing,0
Famicom Mini: Wrecking Crew,GBA,2004,Puzzle,0
Suzumiya Haruhi no Gekidou,Wii,2009,Adventure,0
Lost Heroes 2,3DS,2015,Action,0
Heavenly Guardian,Wii,2007,Shooter,0.06
Dynasty Warriors DS: Fighter's Battle,DS,2007,Action,0.04
The Testament of Sherlock Holmes,PC,2012,Adventure,0
Space Hulk: Vengeance of the Blood Angels,PS,1995,Shooter,0.04
Robot Alchemic Drive,PS2,2002,Action,0.03
Alpha and Omega,DS,2010,Action,0.06
Motor Toon Grand Prix (Japan),PS,1994,Racing,0
Dino Master: Dig Discover Duel,DS,2005,Strategy,0.06
Ken to Mahou to Gakuen Mono. 3,PS3,2010,Role-Playing,0
Tomb Raider: Legend,DS,2006,Action,0.04
Warhammer: Battle For Atluma,PSP,2006,Action,0.06
Hikaru no Go: Heian Gensou Ibunroku,PS,2002,Adventure,0
Eagle Flight,PS4,2016,Adventure,0.01
Operation: Vietnam,DS,2007,Shooter,0.06
Samurai Shodown,NG,1993,Fighting,0
OverBlood 2,PS,1998,Action,0
Fighter Maker 2,PS2,2002,Fighting,0.03
Lifeline,PS2,2003,Adventure,0.03
Judie no Atelier: Guramnat no Renkinjutsushi,PS2,2002,Role-Playing,0
Dragon Valor,PS,1999,Role-Playing,0.04
Tokyo Beat Down,DS,2008,Action,0.06
NHL 2005,GC,2004,Sports,0.05
Midway Arcade Treasures 3,GC,2005,Misc,0.05
Microsoft Flight Simulator 2004: A Century of Flight,PC,2003,Simulation,0
"Horrid Henry: The Good, The Bad and The Bugly",3DS,2011,Platform,0
Firefighter F.D.18,PS2,2004,Action,0.03
Anubis II,Wii,2007,Platform,0.06
Goodbye Deponia,PC,2013,Adventure,0
Pro Yaky? Spirits 2014,PSV,2014,Sports,0
Legend of Kay,PS4,2015,Action,0.02
Cartoon Network: Punch Time Explosion XL,PS3,2011,Fighting,0.06
DS Nishimura Kyotaro Suspense 2 Shin Tantei Series: Kanazawa Hakodate - Gokkan no Kyoukoku - Fukushuu no Kage,DS,2008,Adventure,0
The Book of Unwritten Tales 2,PS4,2015,Adventure,0
Ultimate Board Game Collection,PSP,2007,Misc,0.06
Mega Man X4,SAT,1997,Action,0
Jackass the Game DS,DS,2008,Action,0.06
Jake Power: Handyman,DS,2008,Adventure,0.06
My Dress-Up,DS,2008,Misc,0.06
Power Pro GB,GB,1998,Sports,0
Beat City,DS,2010,Misc,0.06
Sudoku Fever,GBA,2006,Puzzle,0.05
Inversion,PS3,2012,Shooter,0.03
The Putter Golf,PS,2001,Sports,0.04
Ultimate Marvel vs. Capcom 3,X360,2011,Fighting,0
The Powerpuff Girls: Relish Rampage,GC,2002,Action,0.05
Super Real Mahjong Graffiti,SAT,1995,Misc,0
Future Card Buddy Fight: Yuujou no Bakunetsu Fight,3DS,2015,Action,0
Ninja Warriors,SNES,1993,Action,0
Army Men: RTS,GC,2004,Strategy,0.05
Classic Action: Devilish,DS,2005,Misc,0.06
Zettai Onkan Otoda Master,DS,2007,Role-Playing,0
Assassin's Creed Chronicles,PSV,2016,Action,0.01
Dragoneer's Aria,PSP,2007,Role-Playing,0.02
Xbox Live Arcade Unplugged Volume 1,X360,2006,Misc,0.05
TigerShark,PS,1997,Simulation,0.04
Major League Baseball 2K10,PSP,2010,Sports,0.06
Norse by Norsewest: The Return of the Lost Vikings,PS,1997,Action,0.04
N+,DS,2007,Platform,0.06
Titanic Mystery,DS,2010,Puzzle,0.05
Backyard NFL Football '09,DS,2008,Sports,0.06
Obscure,PS2,2004,Adventure,0.03
Sega Soccer Slam,GC,2002,Sports,0.05
Katekyoo Hitman Reborn! DS: Fate of Heat - Hono no Unmei,DS,2008,Role-Playing,0
Shin Lucky * Star: Moe Drill ~Tabidachi~,DS,2007,Action,0
DefCon 5,PS,1995,Shooter,0.04
Secret Service: Ultimate Sacrifice,PS2,2008,Action,0.03
Transformer: Rise of the Dark Spark (3DS),3DS,2014,Role-Playing,0.05
Deep Labyrinth,DS,2006,Action,0.06
Nichibeikan Pro Yakyuu: Final League,PS2,2002,Sports,0
Spawn: Armageddon,GC,2003,Action,0.05
God Hand,PS2,2006,Action,0
Shin Chan: Las Nuevas Aventuras Para Wii!,Wii,2006,Action,0
Junior Classic Books & Fairytales,DS,2010,Misc,0.05
Legends of Wrestling II,GBA,2002,Fighting,0.05
Fatal Fury: Battle Archives Volume 2,PS2,2007,Fighting,0.03
Mario Tennis,Wii,2010,Sports,0
Jurassic Park: Operation Genesis,XB,2003,Simulation,0.05
FIFA Soccer 06,GBA,2005,Sports,0.05
Freddi Fish: Kelp Seed Mystery,Wii,2008,Adventure,0.06
RedCard 20-03,PS2,2002,Sports,0.03
Brothers in Arms: Furious 4,PS3,2012,Shooter,0.01
Future Tactics: The Uprising,PS2,2004,Strategy,0.03
Kanji Sonomama DS Rakubiki Jiten,DS,2006,Misc,0
Driver: Parallel Lines,XB,2006,Racing,0.05
Hyperdimension Neptunia Victory,PSV,2014,Role-Playing,0
everGirl,GBA,2005,Adventure,0.05
Heroes Phantasia,PSP,2012,Role-Playing,0
Top Gun,PS3,2011,Simulation,0.06
Batman: Rise of Sin Tzu,GBA,2003,Action,0.05
Chuugaku Eitango Target 1800 DS,DS,2006,Misc,0
Sherlock Holmes: Crimes & Punishments,PS3,2014,Adventure,0.03
Basketball Hall of Fame Ultimate Hoops Challenge,Wii,2010,Sports,0.06
Dragon Ball Z: Battle of Z,X360,2014,Fighting,0.01
World Racing,XB,2003,Racing,0.05
Resident Evil 5,PC,2009,Action,0.01
X-Men: The Official Game,GBA,2006,Action,0.05
Disney's Party,GBA,2003,Misc,0.05
Generator Rex: Agent of Providence,DS,2011,Action,0.05
Storybook Workshop,Wii,2009,Misc,0.06
Command & Conquer 3: Tiberium Wars,PC,2007,Strategy,0
Card Games,PS,2000,Misc,0.04
Tropix,DS,2008,Puzzle,0.06
Mega Man: Battle & Chase,PS,1997,Racing,0
Winning Post 7 2010,PS3,2010,Sports,0
Build-A-Bear Workshop: Friendship Valley,Wii,,Misc,0.06
Pipe Mania,PSP,2008,Puzzle,0.06
Daniel X: The Ultimate Power,DS,2010,Action,0.06
Destrega,PS,1998,Fighting,0.04
Fantasy Aquarium World,Wii,2009,Simulation,0.06
Nobunaga no Yabou: Tendou with Power-Up Kit,PS3,2011,Strategy,0
The Final Round,PS,1996,Sports,0.04
MAPLUS: Portable Navi,PSP,2006,Misc,0
Rayman Arena,XB,,Racing,0.05
Order Up!!,PS3,2011,Action,0.05
Reader Rabbit 1st Grade,Wii,2010,Misc,0.06
The King of Fighters 02/03,PS2,2005,Fighting,0.03
Port Royale 3,X360,,Simulation,0.06
Army Men: Green Rogue,PS,2001,Action,0.04
Centipede / Breakout / Warlords,GBA,2005,Misc,0.05
Lucian Bee's: Justice Yellow / Evil Violet,PS2,2010,Adventure,0
Sly 2: Band of Thieves,PS3,2010,Platform,0
Armored Core: Nine Breaker,PS2,2004,Simulation,0.03
Doraemon: Nobita no Shin Makai Daibouken DS,DS,2007,Role-Playing,0
Terraria,PS4,2014,Action,0
Cabela's Big Game Hunter 2005 Adventures,GC,2004,Sports,0.05
Worms 3D,GC,2003,Strategy,0.05
BlazBlue: Chrono Phantasma Extend,XOne,2015,Action,0.05
TRON: Evolution,PC,2010,Action,0.06
Pac-Man and the Ghostly Adventures 2,WiiU,2014,Adventure,0.04
Dark Souls,PC,2012,Role-Playing,0
National Geographic Challenge!,X360,,Misc,0.06
Gambler Densetsu Tetsuya,PS2,2001,Adventure,0
The Guided Fate Paradox,PS3,2013,Role-Playing,0
Mayhem 3D,X360,2011,Racing,0.06
Bleach: Hanatareshi Yabou,PS2,2006,Role-Playing,0
Karaoke Revolution Party,XB,2005,Misc,0.05
Alex Rider: Stormbreaker,DS,,Action,0.06
Yoake Yori Ruriiro na: Brighter than Dawning Blue,PS2,2006,Adventure,0
Carol Vorderman's Sudoku,PSP,2006,Puzzle,0.05
Pandemonium 2,PS,1997,Platform,0.04
Gundam Try Age SP,3DS,2014,Strategy,0
WipEout HD Fury,PS3,2009,Racing,0
Fallout: Brotherhood of Steel,PS2,2004,Role-Playing,0.03
Dreamer Series: Pop Star,DS,2009,Misc,0.04
Penguins of Madagascar,3DS,2014,Action,0
12-Sai. Honto no Kimochi,3DS,2014,Adventure,0
Parlor! Mini 2,SNES,1996,Misc,0
"Flower, Sun, and Rain",DS,2008,Adventure,0.06
Gunstar Super Heroes,GBA,2005,Shooter,0.05
C: The Contra Adventure,PS,1998,Shooter,0.04
Interactive Storybook DS Series 1,DS,2007,Misc,0.06
Frogger Advance: The Great Quest,GBA,2002,Action,0.05
Cities XL 2012,PC,2011,Strategy,0.01
Worms Forts: Under Siege,XB,2004,Strategy,0.05
Dream C Club,X360,2009,Simulation,0
Pocky & Rocky with Becky,GBA,2001,Shooter,0.05
The Tale of Despereaux,DS,2008,Platform,0.06
Jam Sessions 2,DS,2009,Misc,0.06
Full Spectrum Warrior: Ten Hammers,PS2,2006,Strategy,0.03
Streets of Rage 3,GEN,1993,Action,0
Just Dance: Disney Party 2,X360,2015,Action,0.05
Natural Doctrine,PSV,2014,Role-Playing,0.02
Hasbro Family Game Night Fun Pack,X360,2011,Misc,0.06
Pro Yaky? Spirits 4,PS3,2007,Sports,0
Prince of Persia: The Fallen King,DS,2008,Action,0.06
My Horse & Me: Riding for Gold,DS,2008,Sports,0.05
Speed Racer,PS,1996,Racing,0.04
NHL Hitz Pro,XB,2003,Sports,0.05
Cardfight!! Vanguard: Lock On Victory!!,3DS,2014,Misc,0
Broken Sword 5: The Serpent's Curse,PS4,2015,Adventure,0
Alan Wake,PC,2012,Action,0
Atelier Meruru: Alchemist of Arland 3,PSV,2013,Role-Playing,0
Hot Wheels: Burnin' Rubber,GBA,2001,Racing,0.05
Lost in Blue 2,DS,2007,Adventure,0.01
Ojyousama Express,PS,1998,Strategy,0
Risen 3: Titan Lords,X360,2014,Role-Playing,0.02
Steambot Chronicles: Battle Tournament,PSP,2008,Fighting,0.05
Wings of War,XB,2004,Simulation,0.05
187: Ride or Die,XB,2005,Racing,0.05
RPG Maker 3,PS2,2004,Role-Playing,0.03
Zatch Bell! Mamodo Battles,GC,2005,Fighting,0.05
Genkai Tokki Monster Monpiece,PSV,2013,Strategy,0
Desert Strike Advance,GBA,2002,Simulation,0.05
Kabuki Warriors,XB,2001,Action,0.05
Discworld,PS,1994,Adventure,0.04
Motion Explosion!,X360,2011,Misc,0.05
World Poker Tour,XB,2005,Misc,0.05
Age of Empires III: The Asian Dynasties,PC,2007,Strategy,0
Elite Forces: Unit 77,DS,2009,Strategy,0.06
IL-2 Sturmovik: Birds of Prey,DS,2009,Simulation,0.06
Moshi Monsters: Katsuma Unleashed,3DS,2013,Action,0.03
Pirates: The Legend of Black Kat,XB,2002,Adventure,0.05
July,DC,1998,Adventure,0
Crime Lab: Body of Evidence,DS,2010,Adventure,0.05
Disney's Chicken Little: Ace In Action,DS,2006,Shooter,0.06
ESPN Winter X-Games: Snowboarding 2002,GBA,2000,Sports,0.05
Bleach: Versus Crusade,Wii,2008,Fighting,0
Kanon,DC,2000,Adventure,0
NanoBreaker,PS2,2005,Action,0.03
You Don't Know Jack,DS,2011,Misc,0.06
Bionicle,XB,2003,Action,0.05
GRID 2,PC,2013,Racing,0
Cabela's Trophy Bucks,Wii,2008,Sports,0.06
Cosmos Chaos!,DS,2010,Misc,0.06
Guitar Freaks 3rdMIX & DrumMania 2ndMIX,PS2,2000,Simulation,0
Taiko no Tatsujin: Atsumete Tomodachi Daisakusen!,WiiU,2015,Misc,0
Criminal Girls: Invite Only,PSV,2013,Role-Playing,0.01
Miami Vice: The Game,PSP,2006,Shooter,0.06
Samurai Warriors Chronicles 3,PSV,2014,Action,0
BMX XXX,GC,2002,Sports,0.05
Disney's Magical Quest 2 Starring Mickey and Minnie,GBA,2003,Action,0.05
Bullet Girls,PSV,2014,Action,0
One Piece: Unlimited World Red,WiiU,2014,Action,0
Aggressive Inline,XB,2002,Sports,0.05
Ikki Tousen: Xross Impact,PSP,2010,Action,0
Smart Boy's Toys Club,DS,2008,Misc,0.06
Insecticide,DS,2008,Action,0.06
Super Mahjong 2: Honkaku 4Jin Uchi,SNES,1993,Misc,0
XGRA: Extreme G Racing Association,PS2,2003,Racing,0.03
Mitsukete! Keroro Gunsou: Machigai Sagashi Daisakusen de Arimasu!,DS,2007,Action,0
Family Trainer: Treasure Adventure,Wii,2010,Sports,0
Pop'n Music Portable 2,PSP,2011,Misc,0
Kamen Rider: Dragon Knight,Wii,2009,Fighting,0.06
Darksiders II,XOne,2015,Action,0.04
Ys vs. Sora no Kiseki: Alternative Saga,PSP,2010,Fighting,0
Naruto: Ultimate Ninja Heroes (JP sales),PSP,2006,Fighting,0
Akagawa Jirou Mystery: Yasoukyoku - Hon ni Manekareta Satsujin,DS,2008,Adventure,0
Ray Tracers,PS,1997,Racing,0.04
Mario vs. Donkey Kong: Tipping Stars,3DS,2015,Puzzle,0
Tournament of Legends,Wii,2010,Fighting,0.04
Frogger: Helmet Chaos,DS,2005,Platform,0.06
Escape from Bug Island,Wii,2006,Action,0.04
Nicola Kanshuu: Model * Oshare Audition,DS,2010,Misc,0
Hisshou Pachinko*Pachi-Slot Kouryaku Series Vol. 14: CR Shinseiki Evangelion: Saigo no Mono,PS2,2009,Misc,0
Cold Stone Creamery: Scoop It Up,Wii,2009,Misc,0.06
My Pet Shop,DS,2008,Simulation,0.06
James Bond 007: Blood Stone,DS,2010,Shooter,0.05
Kururin Paradise,GBA,2002,Puzzle,0
Gradius Collection,PSP,2006,Shooter,0.04
Kiniro no Corda 2,PS2,2007,Role-Playing,0
Dynasty Warriors Vs,3DS,2012,Action,0
Fist of the North Star: Ken's Rage 2,X360,2012,Fighting,0.03
Gallop Racer 2004,PS2,2004,Sports,0.03
Sunrise Eiyuutan R,PS2,2000,Role-Playing,0
Rayman: Hoodlum's Revenge,GBA,2005,Platform,0.05
Mobile Suit Gundam Seed: Never Ending Tomorrow,PS2,2004,Shooter,0.03
F1 2001,XB,2001,Racing,0.05
Utawarerumono: Futari no Hakuoro,PSV,2016,Misc,0
Fishing Master (jp sales),Wii,2007,Sports,0
OK! Puzzle Stars,DS,2010,Puzzle,0
Zill O'll Infinite Plus,PSP,2009,Role-Playing,0
Tonka Rescue Patrol,GC,2003,Action,0.05
GunGriffon II,SAT,1998,Simulation,0
Crimson Gem Saga,PSP,2008,Role-Playing,0.06
Monster Tale,DS,2011,Platform,0.06
Legend of the Dragon,Wii,2007,Fighting,0.06
Cel Damage,GC,2002,Racing,0.05
Backyard Hockey,DS,2007,Sports,0.06
Famicom Mini: Balloon Fight,GBA,2004,Action,0
Steins;Gate: Senkei Kousoku no Phonogram,PS3,2013,Adventure,0
Seaman 2: Peking Genjin Ikusei Kit,PS2,2007,Simulation,0
Chou Gekijouban Keroro Gunsou 3: Tenkuu Daibouken de Arimasu!,DS,2008,Action,0
Sprung - A Game Where Everyone Scores,DS,2004,Adventure,0.06
Mirror's Edge Catalyst,PC,2016,Platform,0.01
The Pinball of the Dead,GBA,2002,Misc,0.05
Growlanser IV: Over Reloaded,PSP,2011,Role-Playing,0
Arc the Lad: End of Darkness,PS2,2004,Role-Playing,0.03
The King of Route 66,PS2,2003,Racing,0.03
Tom Clancy's Splinter Cell: Pandora Tomorrow,GBA,2004,Action,0.05
Western Riding Academy,DS,2010,Simulation,0.06
Bubble Bobble also featuring Rainbow Islands,PS,1995,Puzzle,0.04
Intellivision Lives!,GC,2004,Misc,0.05
Tokobot,PSP,2005,Platform,0.06
Monster Madness: Grave Danger,PS3,2008,Shooter,0.05
Panzer Tactics,DS,2007,Strategy,0.06
Pro Yaky? Spirits 2013,PSV,2013,Sports,0
Robotica,SAT,1994,Shooter,0
Super Robot Wars OG: The Moon Dwellers,PS3,2016,Misc,0
Deathrow: Underground Team Combat,XB,2002,Sports,0.05
The Amazing Spider-Man 2 (2014),3DS,2014,Action,0.03
Paws & Claws: Marine Rescue,DS,2011,Simulation,0.06
Land of the Dead: Road to Fiddler's Green,XB,2005,Shooter,0.05
Odin Sphere: Leifthrasir,PS3,2016,Role-Playing,0.02
R-Types,PS,1998,Shooter,0.04
Star Fighter,PS,1995,Shooter,0.04
Game Center CX: 3-Choume no Arino,3DS,2014,Action,0
Assetto Corsa,PS4,2016,Racing,0
NHL 2K9,Wii,2008,Sports,0.06
Kuukan * Zukei: Hirameki Training - KuuTore,DS,2008,Misc,0
Osu! Tatakae! Ouendan,DS,2005,Misc,0
Dissidia: Final Fantasy Universal Tuning,PSP,2009,Fighting,0
Fast Food Panic,Wii,2009,Simulation,0.06
"Warhammer 40,000: Squad Command",DS,2007,Strategy,0.05
Johnny Test,DS,2011,Platform,0.06
One Piece: Burning Blood,XOne,2016,Fighting,0.03
TrackMania Turbo,XOne,2016,Action,0.02
Pro Evolution Soccer 2015,PC,2014,Sports,0
Jewels of the Ages,DS,2011,Puzzle,0.03
Meitantei Conan: Aoki Houseki no Rinbukyoku,DS,2011,Adventure,0
The Legend of Heroes: Trails in the Sky Second Chapter,PSP,2007,Role-Playing,0
Zero Escape: Zero Time Dilemma,PSV,2016,Adventure,0.03
Bionicle Heroes,DS,2006,Shooter,0.06
Mystic Heroes,PS2,2002,Action,0.03
Tron 2.0: Killer App,GBA,2004,Action,0.04
Jurassic Park III: Park Builder,GBA,2001,Simulation,0.04
Unchained Blades ,PSP,2011,Role-Playing,0
NHL Legacy,X360,2015,Action,0.06
Rurouni Kenshin: Meiji Kenkaku Romantan Saisen,PSP,2011,Fighting,0
Santa Claus Is Comin' to Town!,DS,2011,Puzzle,0.06
Disney Infinity 2.0: Marvel Super Heroes,PSV,2015,Action,0
Octomania,Wii,2007,Puzzle,0.06
Godzilla (2014),PS3,2014,Action,0
Code Geass: Hangyaku no Lelouch - Lost Colors,PS2,2008,Adventure,0
Showtime Championship Boxing,Wii,2007,Fighting,0.06
LEGO Bionicle,GBA,2001,Platform,0.04
Ansatsu Kyoushitsu: Assassin Ikusei Keikaku!!,3DS,2016,Action,0
Power Shovel,PS,2000,Action,0.03
Bomberman Land,PSP,2007,Misc,0.06
A llI S.V.: A Ressha de Gyoukou 3 Super Version,SNES,1995,Simulation,0
My Pet Chimp,DS,2010,Simulation,0.06
Generator Rex: Agent of Providence,X360,2011,Action,0.05
Chrysler Classic Racing,Wii,2008,Racing,0.06
Spy Games: Elevator Mission,Wii,2007,Shooter,0.06
The Book of Unwritten Tales: The Critter Chronicles,PC,2011,Action,0
Steins;Gate,PS3,2012,Adventure,0.01
Nights of Azure,PS4,2015,Action,0.03
Strike Force Bowling,GC,2005,Sports,0.05
Age of Empires Online,PC,2011,Strategy,0.01
Earth Defense Force 2017 Portable,PSV,2012,Action,0
Atelier Iris 2: The Azoth Of Destiny,PS2,2005,Role-Playing,0.03
Spy Fox in Dry Cereal,Wii,2008,Adventure,0.06
There,PS,2002,Simulation,0.03
Tokimeki no Houkago,PS,1998,Misc,0
Championship Surfer,PS,2000,Sports,0.03
Zumba Fitness Core,Wii,2012,Misc,0
Lego Batman 3: Beyond Gotham,PC,2014,Action,0
Di-Gata Defenders,DS,2008,Role-Playing,0.06
Monster Garage,XB,2004,Strategy,0.05
ZhuZhu Pets: Quest for Zhu,DS,2011,Misc,0.06
Akai Katana Shin,X360,2011,Shooter,0.04
A-Train: City Simulator,3DS,2014,Simulation,0
Tecmo Classic Arcade,XB,2005,Misc,0.05
2 Games in 1: Sonic Pinball Party & Columns Crown,GBA,2005,Misc,0.04
Mad Maestro!,PS2,2001,Misc,0.03
Densha De Go! 3 Tsuukinhen,PS2,2001,Simulation,0
Biker Mice From Mars,PS2,2006,Racing,0.03
From The Abyss,DS,2008,Role-Playing,0.06
Jewel Quest IV: Heritage,DS,2011,Puzzle,0
Daito Giken Koushiki Pachi-Slot Simulator: Ossu! Banchou Portable,PSP,2006,Misc,0
Sudoku Ball Detective,DS,2009,Puzzle,0.06
The LEGO Movie Videogame,PC,2014,Action,0.02
DuckTales: Remastered,WiiU,2013,Action,0.06
Giants: Citizen Kabuto,PS2,2001,Shooter,0.03
Steins;Gate,X360,2009,Adventure,0
Crayon Shin-chan: Arashi o Yobu Kasukabe Eiga Stars!,3DS,2014,Adventure,0
Star Wars Knights of the Old Republic II: The Sith Lords,PC,2005,Role-Playing,0.01
MX vs. ATV Supercross,X360,2014,Racing,0.03
Grand Kingdom,PSV,2015,Role-Playing,0.01
Risen 3: Titan Lords,PS4,2015,Role-Playing,0
Guilty Gear XX Accent Core Plus,PS2,2008,Fighting,0.03
LEGO Batman: The Videogame,PC,2008,Action,0.02
Alone in the Dark,PS2,2008,Adventure,0.03
Muppets Party Cruise,PS2,2003,Misc,0.03
Higurashi Daybreak Portable,PSP,2008,Adventure,0
Shonen Jump's One Piece: Grand Battle,GC,2005,Fighting,0.05
Transformer: Rise of the Dark Spark,WiiU,2014,Action,0.04
Barbie Horse Adventures: Wild Horse Rescue,XB,2003,Sports,0.05
Blast Lacrosse,PS,2001,Sports,0.03
Kikou Heidan J-Phoenix,PS2,2001,Action,0
Backyard NFL Football '10,PS2,2009,Sports,0.03
DreamWorks Super Star Kartz,X360,2011,Racing,0.05
Earth Defense Force 4.1: The Shadow of New Despair,PS4,2015,Shooter,0.03
Legend of Kay,DS,2010,Action,0.06
Shonen Jump's Shaman King: Legacy of the Spirits - Soaring Hawk/Sprinting Wolf,GBA,2005,Action,0.04
Bubble Bobble: Old & New,GBA,2002,Puzzle,0.04
Speed,Wii,2010,Racing,0.04
Naruto Shippuden: Gekito Ninja Taisen! Special,Wii,2010,Fighting,0
Jissen Pachislot Secrets! Fist of the North Star F - Seikimatsu Kyuuseishu Densetsu,PS3,2012,Action,0
Kekkon: Marriage,SAT,1995,Adventure,0
KimiKiss,PS2,2006,Adventure,0
Nicola Kanshuu: Model * Oshare Audition 2,3DS,2011,Action,0
Cold Fear,XB,2005,Action,0.05
Imagine: Gymnast,DS,2008,Simulation,0.05
Hisshou Pachinko*Pachi-Slot Kouryaku Series Portable Vol. 1: Shinseiki Evangelion - Tamashii no Kiseki,PSP,2010,Misc,0
Challenge Me: Brain Puzzles,DS,2009,Puzzle,0.06
Shining Force Feather,DS,2009,Strategy,0
The Technomancer,PS4,2016,Role-Playing,0.02
Kurupoto Cool Cool Stars,DS,2007,Action,0.06
Attack on Titan (KOEI),PS3,2016,Action,0
Cocoto Kart Racer,Wii,2008,Racing,0.06
Mobile Suit Gundam 00: Gundam Meisters,PS2,2008,Action,0
Imagine: Cheerleader,DS,2009,Simulation,0.06
Nazotoki Battle Tore! Densetsu no Makyuu o Fukkatsu Saseyo! ,3DS,2014,Action,0
Theme Park,DS,2007,Simulation,0
Call of Cthulhu: Dark Corners of the Earth,XB,2005,Adventure,0.05
The Great Escape,XB,2003,Action,0.05
Blur,PC,2010,Racing,0.01
Super Robot Wars OG Saga Masou Kishin F: Coffin of the End,PS3,2014,Strategy,0
The Next BIG Thing,PC,2011,Adventure,0
Metal Gear Solid: Social Ops,PS2,2002,Action,0.03
Minna no DS Seminar: Kanpeki Eitango Ryoku,DS,2006,Misc,0
Kirarin * Revolution: Minna de Odorou Furi Furi Debut!,DS,2008,Simulation,0
PenPen TriIceLon,DC,1998,Racing,0
Salt Lake 2002,GBA,2002,Sports,0.04
SBK 2011: FIM Superbike World Championship,X360,2011,Racing,0
DropCast,DS,2008,Puzzle,0.06
Alien Syndrome,Wii,2007,Role-Playing,0.05
Vexx,GC,2003,Platform,0.05
Crazy Chicken Tales,Wii,2009,Action,0.06
Hagane no Renkinjutsushi - Fullmetal Alchemist: Yakusoku no Hi e,PSP,2010,Action,0
Mega Man Battle Network 5: Double Team DS (US sales),DS,2005,Role-Playing,0.06
Attack on Titan (KOEI),XOne,2016,Action,0.02
Batman: Rise of Sin Tzu,GC,2003,Action,0.05
Secret Files: Tunguska,Wii,2008,Adventure,0.04
EverQuest II: Destiny of Velious,PC,2011,Role-Playing,0.06
Unreal Tournament III,PC,2007,Shooter,0
Disney Sports Skateboarding,GC,2002,Sports,0.05
Summon Night 6: Lost Borders,PSV,2016,Action,0
Summon Night 2,DS,2008,Role-Playing,0
Chou Soujuu Mecha MG,DS,,Simulation,0
Pro Evolution Soccer 2012,PS2,2011,Action,0
Grey's Anatomy: The Video Game,Wii,2009,Adventure,0.05
Terminator 3: The Redemption,XB,2004,Shooter,0.05
Arkanoid DS,DS,2007,Puzzle,0.06
Call of Duty 2,PC,2005,Shooter,0
Big Bang Mini,DS,2009,Shooter,0.05
Rurouni Kenshin: Meiji Kenyaku Romantan - Kansen,PSP,2012,Action,0
Chevrolet Camaro: Wild Ride,Wii,2010,Racing,0.06
Genkai Tokki: Moero Crystal,PSV,2015,Role-Playing,0
Project Setsuna,PS4,2016,Role-Playing,0
Serious Sam II,XB,2005,Shooter,0.05
Neon Genesis Evangelion,N64,1999,Adventure,0
Song of the Deep,XOne,2016,Action,0.05
JoJo's Bizarre Adventure: All Star Battle,3DS,2012,Fighting,0.06
Digimon All-Star Rumble,X360,2014,Fighting,0.05
The Legend of Heroes VII: The Trail of Blue,PSV,2014,Role-Playing,0
MotoGP 10/11,X360,2011,Racing,0
Cabela's Big Game Hunter (2008),X360,2007,Sports,0.06
Dead Rising 2: Off the Record,PC,2011,Action,0.04
Flipnic: Ultimate Pinball,PS2,2003,Misc,0.03
ICO,PS3,2011,Action,0
Eigo de Tabisuru: Little Charo,DS,2011,Misc,0
World Series of Poker 2008: Battle for the Bracelets,DS,2007,Misc,0.05
NBA Hangtime,PS,1996,Sports,0.03
Busy Scissors,DS,2010,Simulation,0.06
Dreamer Series: Zoo Keeper,DS,2010,Simulation,0.06
D.C. II P.S.: Da Capo II Plus Situation,PS2,2008,Adventure,0
The Witcher,PC,2007,Role-Playing,0
Mike Piazza's Strike Zone,N64,1998,Sports,0.05
Bust-A-Move '99,N64,1998,Puzzle,0.05
Star Soldier: Vanishing Earth,N64,1998,Shooter,0.05
Top Gear Hyper-Bike,N64,1999,Racing,0.05
Brunswick Circuit Pro Bowling,N64,1999,Sports,0.05
Olympic Hockey 98,N64,1998,Sports,0.05
CyberTiger,N64,2000,Sports,0.05
Polaris SnoCross,N64,2000,Racing,0.05
Penny Racers,N64,1998,Racing,0.05
S.C.A.R.S,N64,1998,Racing,0.05
Another Code R: A Journey into Lost Memories,Wii,2009,Adventure,0
Virtual Chess 64,N64,1998,Misc,0.05
Marvel Super Heroes,SAT,1997,Fighting,0
Worms Blast,GC,2002,Puzzle,0.05
Atelier Sophie: The Alchemist of the Mysterious Book,PSV,2015,Role-Playing,0
Prinny: Can I Really Be The Hero? (US sales),PSP,,Action,0.06
Coded Arms: Contagion,PSP,2007,Shooter,0.05
Foster's Home for Imaginary Friends: Imagination Invaders,DS,2007,Adventure,0.06
Smile PreCure! Let's Go! Marchen World,3DS,2012,Action,0
S.T.A.L.K.E.R.: Call of Pripyat,PC,2009,Shooter,0
IHRA Professional Drag Racing 2005,XB,2004,Racing,0.04
Tokyo Xtreme Racer Advance,GBA,2005,Racing,0.04
Doraemon: Nobita no Uchuu Eiyuuki,3DS,2015,Action,0
Disney's Kim Possible: Global Gemini,DS,2007,Platform,0.05
Rock Blast,DS,2008,Puzzle,0.06
I Love Beauty: Hollywood Makeover,DS,2009,Misc,0.06
A New Beginning,PC,2010,Adventure,0
World Cup of Pool,DS,2009,Sports,0.06
Santa Claus Is Comin' to Town!,Wii,2011,Puzzle,0.06
Create,PC,2010,Action,0.04
MLB Power Pros 2008,DS,2008,Sports,0.06
Combat Elite: WWII Paratroopers,PS2,,Shooter,0.03
Power Pro Success Legends,PSP,2010,Sports,0
Killer Loop,PS,1999,Racing,0.03
Cabela's Dangerous Hunts: Ultimate Challenge,PSP,2006,Sports,0.06
Little League World Series Baseball 2008,DS,2008,Sports,0.06
Worldwide Soccer,SAT,1994,Sports,0
Toriko: Gourmet Battle!,3DS,2013,Role-Playing,0
Tony Hawk's Pro Skater 5,PS3,2015,Sports,0.05
Showtime Championship Boxing,DS,2007,Fighting,0.06
Commandos: Strike Force,PS2,2006,Shooter,0.03
Mobile Suit Gundam: Gundam vs. Zeta Gundam,PS2,2004,Shooter,0.03
Puzzler Collection,Wii,2008,Puzzle,0.05
Rapala Pro Fishing,GBA,2004,Sports,0.04
Guilty Gear X: Advance Edition,GBA,2002,Fighting,0.04
Fate/Tiger Colosseum Upper,PSP,2008,Fighting,0
Zaidan Houjin Nippon Kanji Nouryoku Kentei Kyoukai Kounin: KanKen DS3 Deluxe,DS,2009,Misc,0
Warriors of the Lost Empire,PSP,2007,Role-Playing,0.05
Pop Cutie! Street Fashion Simulation,DS,2008,Simulation,0.06
Ford Racing 3,GBA,2005,Racing,0.04
Culdcept Revolt,3DS,2016,Strategy,0
Devil's Third,WiiU,2015,Action,0.04
PachiPara 13: Super Umi no Pachi-Pro Fuuunroku,PS2,2006,Misc,0
World Soccer Winning Eleven 9 (US sales),PSP,2005,Sports,0.05
Star Trek: Tactical Assault,DS,2006,Strategy,0.05
Oddworld: Munch's Oddysee,GBA,2003,Platform,0.04
Winning Post 4 Maximum,PS2,2000,Sports,0
Xiaolin Showdown,PSP,2006,Action,0.05
Exhibition Volume 5,XB,2004,Misc,0.04
Record of Lodoss War: Eiyuu Sensou,SCD,1994,Role-Playing,0
Pro Yakyuu Netsu Star 2007,PS2,2007,Sports,0
Starry ? Sky: In Summer,PSP,2010,Misc,0
Klonoa Beach Volleyball,PS,2002,Sports,0.03
Melty Blood: Actress Again,PS2,2009,Fighting,0
Mahouka Koukou no Rettousei: Out of Order,PSV,2014,Adventure,0
3D Lemmings,PS,1995,Puzzle,0.03
Hi Hi Puffy AmiYumi: Kaznapped,GBA,2005,Action,0.04
Broken Sword: The Shadow of the Templars,GBA,2002,Adventure,0.04
Resident Evil - Code: Veronica X,GC,2003,Action,0.05
Corpse Party: Back to School Edition,3DS,2016,Adventure,0.05
Tenchi Muyou! Ryoukouki Gokuraku,SAT,1995,Adventure,0
Kelly Slater's Pro Surfer,GC,2002,Sports,0.05
I Am In The Movie,PSP,2012,Simulation,0
Zoo Tycoon: Complete Collection,PC,2003,Strategy,0.03
Trapt,PS2,2005,Action,0.03
Splat Renegade Paintball,XB,2005,Sports,0.04
Lord of Magna: Maiden Heaven,3DS,2014,Role-Playing,0
SpongeBob SquarePants: Plankton's Robotic Revenge,3DS,2013,Shooter,0
Metal Max 4: Gekkou no Diva,3DS,2013,Role-Playing,0
Magi: Aratanaru Sekai,3DS,2014,Role-Playing,0
Worms 3D,XB,2003,Strategy,0.04
Playmobil Knights,DS,2009,Action,0.04
MXGP 2,XOne,2016,Racing,0.03
PoPoLoCrois,PSP,2005,Role-Playing,0.05
Dragon Rage,PS2,2001,Shooter,0.03
Theresia...,DS,2008,Adventure,0.05
Sacred 2: Fallen Angel,PC,2008,Role-Playing,0
Dance Sensation!,Wii,2010,Misc,0.06
Adventure Time: The Secret of the Nameless Kingdom,X360,2014,Action,0
Teenage Mutant Ninja Turtles 3: Mutant Nightmare,DS,2005,Action,0.05
Raw Danger! (JP sales),PS2,2006,Action,0
Archer Maclean Presents: Pool Paradise,PS2,2004,Sports,0.03
Jumper: Griffin's Story,X360,2008,Action,0.05
Tabi no Yubisashi Kaiwachou DS: DS Series 3 Kankoku,DS,2006,Misc,0
Utawarerumono: Itsuwari no Kamen,PS4,2015,Adventure,0
pro evolution soccer 2011,PC,2010,Sports,0
Backyard Skateboarding 2006,GBA,2004,Sports,0.04
Syndicate,PC,1992,Strategy,0
Tron 2.0: Killer App,XB,2004,Action,0.04
Steins;Gate: Hiyoku Renri no Darling,PSP,2012,Action,0
Call of Duty: The War Collection,X360,2010,Shooter,0.05
Gegege no Kitarou: Youkai Daigekisen,DS,2008,Action,0
Dig Dug: Digging Strike,DS,2005,Puzzle,0.05
FIFA Soccer 07,DS,2006,Sports,0.05
Emblem of Gundam,DS,2008,Strategy,0
The Fast and the Furious,PS2,2006,Racing,0.03
Satisfashion,DS,2010,Misc,0.05
Imagine: Resort Owner,DS,2010,Strategy,0.05
G-Police: Weapons of Justice,PS,1999,Action,0.03
Paws & Claws: Pampered Pets 2,DS,2011,Simulation,0.05
Policenauts,3DO,1995,Adventure,0
All Kamen Rider: Rider Generation 2,PSP,2012,Action,0
Killing Zone,PS,1996,Fighting,0.03
Adventures of Lolo,NES,1989,Puzzle,0.06
Quiz! Hexagon II,DS,2010,Misc,0
Vampire Rain: Altered Species,PS3,2008,Action,0.05
The History Channel: Battle for the Pacific,X360,2007,Shooter,0.05
BlazBlue Central Fiction,PS3,2016,Fighting,0.02
Racing Gears Advance,GBA,2004,Racing,0.04
Syphon Filter: Logan's Shadow,PS2,2010,Shooter,0.03
NTRA Breeders' Cup World Thoroughbred Championships,XB,2005,Simulation,0.04
Mayhem 3D,PS3,2011,Racing,0.05
Daito Giken Koushiki Pachi-Slot Simulator: Shin Yoshimune,PS2,2008,Misc,0
Toy Soldiers: War Chest,XOne,2015,Action,0.05
Tanjou S Debut,SAT,1996,Simulation,0
Inversion,X360,2012,Shooter,0.03
Nendoroid Generation,PSP,2012,Role-Playing,0
Pop'n TwinBee: Rainbow Bell Adventure,SNES,1993,Platform,0
Need for Speed: Shift,PC,2009,Racing,0
Mercury Meltdown,PSP,2006,Action,0.05
Exist Archive: The Other Side of the Sky,PSV,2015,Role-Playing,0.01
Zoo Tycoon 2,PC,2004,Strategy,0
Broken Helix,PS,1997,Action,0.03
Crazy Chicken: Pharaoh's Treasure,DS,2007,Puzzle,0.05
Katekyoo Hitman Reborn! DS Fate of Heat III - Yuki no Shugosha Raishuu!,DS,2010,Role-Playing,0
Brave: A Warrior's Tale,X360,2009,Action,0.05
Myst III: Exile,XB,2002,Adventure,0.04
Hajime no Ippo Portable: Victorious Spirits,PSP,2007,Fighting,0
CMT Presents: Karaoke Revolution Country,PS2,2006,Misc,0.03
Katekyoo Hitman Reborn! DS: Flame Rumble Mukuro Kyoushuu,DS,2007,Fighting,0
Rooms: The Main Building,Wii,2010,Adventure,0.05
Brave: A Warrior's Tale,Wii,2009,Action,0.05
Jumble Madness,DS,2009,Puzzle,0.06
Brain Quest: Grades 3 & 4,DS,2008,Misc,0.05
Cid to Chocobo no Fushigi na Dungeon: Toki Wasure no Meikyuu DS+,DS,2008,Role-Playing,0
Vitamin X to Z,PSP,2011,Adventure,0
Fatal Frame,XB,2002,Action,0.04
Urban Chaos: Riot Response,PS2,2006,Shooter,0.03
Tom Clancy's Ghost Recon: Advanced Warfighter,PS2,2006,Shooter,0.03
Jacqueline Wilson's Tracy Beaker: The Game,DS,2009,Misc,0
Teenage Mutant Ninja Turtles II: Back from the Sewers,GB,1991,Action,0
Ivy the Kiwi?,Wii,2010,Puzzle,0.04
Resident Evil 2,GC,2003,Action,0.04
Honeycomb Beat,DS,2006,Puzzle,0.05
Real Bout Garou Densetsu Special: Dominated Mind,PS,1998,Fighting,0
Minna no Sukkiri,PSP,2009,Sports,0
Catwoman,XB,2004,Action,0.04
Aquarium by DS,DS,2008,Simulation,0.05
Winter Sports 2: The Next Challenge,DS,2008,Sports,0.04
Chaos Rings III,PSV,2014,Role-Playing,0
Top Gun: Hard Lock,X360,2012,Action,0.03
Kamen Rider: Battride War Genesis,PS4,2016,Action,0
Warriors Orochi 2,X360,2008,Action,0.04
Mana Khemia: Alchemists of Al-Revis,PS2,2007,Role-Playing,0.03
Burning Rangers,SAT,1998,Platform,0
Flip's Twisted World,Wii,,Platform,0.05
Street Fighter V,PC,2016,Fighting,0
The Amazing Spider-Man 2 (2014),WiiU,2014,Action,0.03
Katekyoo Hitman Reborn! DS Flame Rumble XX - Kessen! Shin 6 Chouka,DS,2010,Action,0
Samurai Warriors 4: Empires,PS3,2015,Action,0
Interplay Sports Baseball 2000,PS,1999,Sports,0.03
Zone of the Enders: The Fist of Mars,GBA,2001,Role-Playing,0.04
Animorphs: Shattered Reality,PS,2000,Action,0.03
Teenage Mutant Ninja Turtles: Tournament Fighters,SNES,1992,Fighting,0
Eikan wa Kimini 2002: Koshien no Kodou,PS2,2002,Sports,0
MX vs. ATV Supercross Encore,PS4,2015,Sports,0
Gun Showdown,PSP,2006,Action,0.05
Terminator 3: Rise of the Machines,GBA,2003,Action,0.04
Jissen Pachislot Hisshouhou! Hokuto no Ken Portable SE,PSP,2006,Misc,0
G1 Jockey 2,PS2,2000,Sports,0
Tiger Woods PGA Tour 08,DS,2007,Sports,0.05
Mobile Ops: The One Year War,X360,,Simulation,0
Constantine,XB,2005,Action,0.04
Tom Clancy's Splinter Cell: Double Agent,GC,2006,Action,0.04
Senritsu no Stratus,PSP,2011,Role-Playing,0
Katekyoo Hitman Reborn! DS Flame Rumble X - Mirai Chou-Bakuhatsu!!,DS,2009,Fighting,0
Gormiti: The Lords of Nature!,DS,2010,Adventure,0.05
Monkey Island: Special Edition Collection,X360,2011,Adventure,0
Samurai Shodown Anthology,Wii,2008,Fighting,0.05
S.T.A.L.K.E.R.: Shadow of Chernobyl,PC,2007,Shooter,0.01
Nanostray,DS,2005,Shooter,0.05
Wantame Fortune Channel,DS,2007,Misc,0
Atari's Greatest Hits: Volume 2,DS,2011,Misc,0.05
Evangelion: Jo,PSP,2009,Action,0
Bleach: Blade Battlers 2nd,PS2,2007,Fighting,0
Samurai Jack: The Shadow of Aku,PS2,2004,Action,0.03
Men in Black The Series: Crashdown,PS,2001,Shooter,0.03
Kamen Rider Kabuto,PS2,2006,Action,0
Tropico 5,X360,2014,Simulation,0.03
Winx Club: Quest for the Codex,DS,2006,Action,0.03
Zero Divide,PS,1995,Fighting,0.03
FIFA Street,GC,2005,Sports,0.04
Tsugunai: Atonement,PS2,2001,Role-Playing,0.02
Rugby World Cup 2015,PS4,2015,Sports,0
Real Soccer 2009,DS,2008,Sports,0.05
Lost Kingdoms II,GC,2003,Role-Playing,0.04
Aggressive Inline,GC,2002,Sports,0.04
Viewtiful Joe: Red Hot Rumble,GC,2005,Action,0.04
ZombiU,PS4,2016,Action,0
Blade Dancer: Lineage of Light,PSP,2006,Role-Playing,0.05
Hakuoki: Stories of the Shinsengumi,PS3,2010,Adventure,0.03
X-Men: Destiny,DS,2011,Action,0.05
Kaite Shabette Hajimeyou! Monster Farm DS,DS,2007,Role-Playing,0
Rugby World Cup 2015,PS3,2015,Sports,0
The Sims 2: University,PC,2005,Simulation,0.01
Pheasants Forever Wingshooter,Wii,2010,Shooter,0.03
Generation of Chaos,PSP,2005,Role-Playing,0.05
Pro Yaky? Spirits 2012,PSV,2012,Sports,0
SD Gundam G Generation Wars,Wii,2009,Strategy,0
Broken Sword II: The Smoking Mirror,PS,1997,Adventure,0.03
Pump It Up: Exceed,PS2,2005,Misc,0.03
World Championship Athletics,Wii,2009,Sports,0.04
Hakuouki: Yuugi Roku Ni - Matsuri Hayashi to Taishitachi,PSP,2012,Action,0
Tokyo Twilight Ghost Hunters,PS3,2014,Role-Playing,0.03
Wreckless: ThE YaKuza MisSiOns,GC,2002,Racing,0.04
MotorStorm RC,PSV,2012,Racing,0
"Hisshou Pachinko*Pachi-Slot Kouryaku Series Vol. 11: Shinseiki Evangelion - Magokoro o, Kimi ni",PS2,2007,Misc,0
TOCA Race Driver 2: Ultimate Racing Simulator,PS2,2004,Racing,0.03
Dr. Muto,XB,2002,Platform,0.04
Harry Potter and the Sorcerer's Stone,PC,2001,Action,0.01
Girls RPG: Cinderellife,3DS,2012,Role-Playing,0
Tom Clancy's Rainbow Six: Critical Hour,XB,,Shooter,0.04
Scrabble Blast!,GBA,2005,Misc,0.04
Scurge: Hive,DS,2006,Action,0.05
Fate/Stay Night [Réalta Nua],PSV,2012,Adventure,0
Remember Me,PC,2013,Action,0
Gintama no Sugoroku,PSP,2013,Action,0
The Lord of the Rings: Aragorn's Quest,PS2,2010,Action,0.03
Doraemon 4: Nobita to Toki no Okoku,SNES,1995,Platform,0
Myst,SAT,1994,Adventure,0
Miracle Girls Festival,PSV,2015,Misc,0
Toaru Kagaku no Chou Denjihou,PSP,2011,Adventure,0
Starwinder: The Ultimate Space Race,PS,1996,Racing,0.03
Challenge Me: Brain Puzzles 2,Wii,2010,Puzzle,0
Angelique Trois,PS2,2000,Adventure,0
Zendoku,DS,2007,Puzzle,0.05
Dance Dance Revolution: Mario Mix (JP sales),GC,2005,Simulation,0
Winx Club: Mission Enchantix,DS,2008,Adventure,0.03
FIFA Soccer 06,DS,2005,Sports,0.05
A-Train 6,PS2,2000,Strategy,0
Meitantei Conan: Tantei Ryoku Trainer,DS,2007,Misc,0
MotoGP,GBA,2002,Racing,0.04
Dino Pets,DS,2009,Simulation,0.05
ESPN International Winter Sports 2002,PS2,2002,Sports,0.03
"Tennis no Oji-Sama: Doubles no Oji-Sama - Girls, Be Gracious!",DS,2009,Sports,0
KimiKiss (ebKore+),PS2,2008,Adventure,0
Champion Jockey: G1 Jockey & Gallop Racer,X360,2011,Sports,0
Gold and Glory: The Road to El Dorado,PS,2000,Adventure,0.03
Choro Q Marine: Q Boat,PS,1998,Racing,0
NBA Live 07,XB,2006,Sports,0.04
Caligula,PSV,2016,Role-Playing,0
BattleBots: Beyond the BattleBox,GBA,2002,Action,0.04
Yuugen Gaisha Brave Company,3DS,2011,Strategy,0
Diva Girls: Divas on Ice,DS,2009,Sports,0.05
Handball 16,PS4,2015,Sports,0
Ken to Mahou to Gakuen Mono. 3D,3DS,2011,Role-Playing,0
Mighty Beanz: Pocket Puzzles,GBA,2004,Puzzle,0.04
Dreamer Series: Babysitter,DS,2009,Simulation,0.05
Samurai Warriors 4: Empires,PSV,2015,Action,0
Ride to Hell,X360,2013,Racing,0.04
The King of Fighters '96,NG,1996,Fighting,0
Nobunaga no Yabou: Souzou,PS4,2014,Strategy,0
Friends: The One with All the Trivia,PS2,2005,Misc,0.03
Mame Goma 2: Uchi no Ko ga Ichiban!,DS,2008,Simulation,0
Backyard NFL Football '08,PS2,2007,Sports,0.03
The Saboteur,PC,2009,Action,0
Gunbird,SAT,1995,Shooter,0
Dream C Club Portable,PSP,2010,Simulation,0
Hail to the Chimp,X360,2008,Misc,0.05
Tom Clancy's Rainbow Six 3,GC,2004,Shooter,0.04
Elemental Gearbolt,PS,1997,Shooter,0.03
Rocket League,PC,2016,Sports,0.01
Warriors: Legends of Troy,X360,2011,Action,0
Nobunaga's Ambition: Sphere of Influence - Sengoku Risshiden,PS4,2016,Misc,0.01
WWF Wrestlemania: The Arcade Game,PS,1995,Fighting,0.03
Dungeon Explorer: Warriors of Ancient Arts,DS,2007,Role-Playing,0.05
Cabela's Big Game Hunter 2005 Adventures,GBA,2004,Sports,0.04
Mega Man 8 Anniversary Collector's Edition,SAT,1997,Platform,0
Whiplash,XB,2003,Racing,0.04
V-Rally 3,PS2,2002,Racing,0.03
Pro Yakyuu Famista 2011,3DS,2011,Sports,0
Impact Racing,PS,1996,Racing,0.03
Mirror's Edge,PC,2009,Platform,0
Titan Quest,PC,2006,Role-Playing,0.01
Amazing Island,GC,2004,Strategy,0.04
Space Chimps,DS,2008,Platform,0.05
SeaBlade,XB,2002,Shooter,0.04
Jikkyou Powerful Pro Yakyuu DreamCast Edition,DC,2000,Sports,0
Carmen Sandiego: The Secret of the Stolen Drums,PS2,2004,Action,0.03
Izuna 2: The Unemployed Ninja Returns,DS,2007,Role-Playing,0.05
Tokyo Mono Harashi: Karasu no Mori Gakuen Kitan,PSP,2010,Role-Playing,0
Saki: Zenkoku-hen,PSV,2015,Misc,0
Point Blank DS (US sales),DS,2006,Shooter,0.05
Ski Region Simulator,PC,2011,Simulation,0
MotoGP 4 - Official Game of MotoGP,PS2,2005,Racing,0.03
Gothic 3,PC,2006,Role-Playing,0
Roogoo Twisted Towers,Wii,2009,Puzzle,0.05
Kyoukai Senjou no Horizon Portable,PSP,2013,Adventure,0
Shining Force III: Scenario 2,SAT,1998,Strategy,0
History Great Empires: Rome,DS,2009,Strategy,0.05
7 Days to Die,XOne,2016,Action,0.03
Chuck E. Cheese's Playhouse,DS,2010,Misc,0.05
Worms World Party,GBA,2002,Strategy,0.04
Medabots: Metabee,GBA,2002,Role-Playing,0.04
Alvin and the Chipmunks,Wii,2007,Misc,0.05
Final Fight: Streetwise,PS2,2006,Action,0.03
Speed Kings,XB,2003,Racing,0.04
Rebelstar: Tactical Command,GBA,2005,Strategy,0.04
F1 2010,PC,2010,Racing,0
Gladiator: Sword of Vengeance,XB,2003,Action,0.04
Minna to Kimi no Piramekino!,DS,2010,Misc,0
Dungeon Keeper 2,PC,1999,Action,0
Bombastic,PS2,2002,Puzzle,0.03
NHL Powerplay 98,PS,1997,Sports,0.03
My Amusement Park,DS,2010,Misc,0.05
Chocolatier,DS,2010,Misc,0.05
Kid Fit Island Resort,Wii,2010,Sports,0.05
Jewel Link Chronicles: Mountains of Madness,DS,,Puzzle,0
Olympic Soccer: Atlanta 1996,PS,1996,Sports,0.03
Samurai Dou Portable,PSP,2008,Action,0
Phantasy Star Online Episode I & II Plus,GC,2003,Role-Playing,0.04
Coraline,Wii,2009,Action,0.05
Major League Baseball 2K11,PSP,2011,Sports,0.05
Front Mission 2089: Border of Madness,DS,2008,Strategy,0
Dual Hearts,PS2,2002,Role-Playing,0.03
NFL Quarterback Club 2002,GC,2001,Sports,0.04
Xiaolin Showdown,DS,2006,Action,0.05
Chaos;Child,PSV,2015,Adventure,0
Hearts of Iron IV,PC,2016,Strategy,0
Wing Commander: Prophecy,GBA,2003,Simulation,0.04
Drivers Ed Portable,DS,2008,Misc,0.05
Marc Ecko's Getting Up: Contents Under Pressure,PS2,2006,Action,0.03
"Murder, She Wrote",PC,2009,Adventure,0
Captain America: Super Soldier,Wii,,Action,0.05
Sega Soccer Slam,XB,2002,Sports,0.04
Enemy Front,PS3,2014,Shooter,0.01
Hakuouki: Reimeiroku,PS2,2010,Adventure,0
Vertigo,Wii,2009,Strategy,0.05
Blood Omen 2,GC,2002,Action,0.04
Unsolved Crimes,DS,2008,Adventure,0.04
Ghostbusters (2016),PS4,2016,Action,0.04
Shin Sangoku Musou 5 Empires,PSP,2010,Action,0
Air Conflicts: Aces of World War II,PSP,2009,Simulation,0.05
Carve,XB,2004,Racing,0.04
BlowOut,XB,2003,Shooter,0.04
GunPey,PSP,2006,Puzzle,0.05
Front Mission Evolved,PC,2010,Shooter,0.05
GachiTora! Abarenbou Kyoushi in High School,PSP,2011,Action,0
McDROID,PSP,2011,Strategy,0
Bottom of the 9th '99,PS,1998,Sports,0.03
WTA Tour Tennis,PS2,2001,Sports,0.03
Dynasty Warriors 5,XB,2005,Action,0.04
Samurai Warriors 4-II,PSV,2015,Action,0
Famicom Mini: Dig Dug,GBA,2004,Puzzle,0
FIFA Soccer 2003,GBA,2002,Sports,0.04
Naval Ops: Commander,PS2,2004,Simulation,0.03
The Lost Chronicles of Zerzura,PC,2012,Adventure,0
Adventure Time: Finn & Jake Investigations,XOne,2015,Action,0.03
4 Elements,PC,2009,Puzzle,0
Uta no Prince-Sama: Music 3,PSV,2016,Action,0
New Prince of Tennis: Go to the Top,3DS,2015,Action,0
Virtual Villagers: A New Home,DS,2010,Simulation,0.04
Batman: A Telltale Game Series,PS3,2016,Adventure,0.01
Defendin' De Penguin,Wii,2008,Strategy,0.05
Murdered: Soul Suspect,PC,2014,Action,0
Activision Hits: Remixed,PSP,2006,Misc,0.05
Bleach: Blade Battlers,PS2,2006,Fighting,0
Rez,PS2,2001,Shooter,0.03
MLB SlugFest 2006,XB,2006,Sports,0.04
Goosebumps: The Game,3DS,2015,Adventure,0.05
Neverland Card Battles,PSP,2008,Role-Playing,0.04
Lufia: The Ruins of Lore,GBA,2002,Role-Playing,0.04
UEFA Euro 2004: Portugal,XB,2004,Sports,0.04
Airline Tycoon 2,PC,2011,Simulation,0
Jissen Pachislot Hisshouhou! Hokuto no Ken DS SE,DS,2006,Misc,0
Taito Legends Power Up,PSP,2007,Action,0.05
Shaman King: Soul Fight,GC,2003,Platform,0
Samurai Deeper Kyo,PS,2002,Fighting,0
Petz Bunnyz Bunch,DS,2011,Simulation,0.05
Project Setsuna,PSV,2016,Role-Playing,0
Medabots: Infinity,GC,2003,Role-Playing,0.04
MotoGP 15,PS3,2015,Racing,0
Criminal Girls 2,PSV,2015,Role-Playing,0.01
Omega Labyrinth,PSV,2015,Role-Playing,0
Zapper: One Wicked Cricket!,XB,2002,Platform,0.04
Jirou Akagawa: Majotachi no Nemuri,SNES,1995,Adventure,0
PopStar Guitar,Wii,2008,Misc,0.03
Bust-A-Bloc,PS2,2002,Puzzle,0
Pucca Power Up,DS,2011,Platform,0.04
Sitting Ducks,PS2,2003,Platform,0.03
Puyo Puyo 7,Wii,2009,Puzzle,0
My Fitness Coach: Club,Wii,2011,Sports,0
IL-2 Sturmovik: Cliffs of Dover,PC,2011,Simulation,0
Nobunaga's Ambition: Sphere of Influence,PSV,2014,Strategy,0
NFL Blitz Pro,XB,2003,Sports,0.04
Pretty Cure All Stars Everyone Gather ? Let's Dance!,Wii,2013,Misc,0
Mountain Bike Adrenaline,PS2,,Sports,0.03
Zyuden Sentai Kyoryuger: Game de Gaburincho!!,3DS,2013,Action,0
Hi-Octane: The Track Fights Back!,PS,1995,Racing,0.03
Black Sigil: Blade of the Exiled,DS,2009,Role-Playing,0.05
Death Jr. II: Root of Evil,PSP,2006,Platform,0.05
Wakeboarding Unleashed Featuring Shaun Murray,XB,2003,Sports,0.04
Mighty No. 9,PS4,2016,Platform,0.04
Touch 'N' Play Collection,DS,2010,Misc,0.03
Doraemon 2: Nobita no Toizurando Daibouken,SNES,1993,Role-Playing,0
Samurai Champloo: Sidetracked,PS2,2006,Action,0.03
Dead or Alive Xtreme 3: Fortune,PS4,2016,Sports,0
Drill Dozer,GBA,,Platform,0.04
Katekyoo Hitman Reborn! DS: Shinuki Max! Vongola Carnival!!,DS,2007,Action,0
Metal Fight Beyblade: Bakugami Susanoh Shuurai!,DS,2010,Action,0
Fatal Fury: Wild Ambition,PS,1999,Fighting,0.03
Mister Slime,DS,2008,Action,0.05
Winning Post 8 ,PS3,2014,Racing,0
Learn Science,DS,2010,Misc,0.05
Medal of Honor: Airborne,PC,2007,Shooter,0
Dengeki Gakuen RPG: Cross of Venus,DS,2009,Role-Playing,0
Judge Dredd,PS,1997,Platform,0.03
Minna no Ennichi,3DS,2012,Action,0
Domino Rally,Wii,2007,Action,0.05
King Arthur,XB,2004,Action,0.04
Bass Rise,PS,1999,Sports,0.03
Dynamite Headdy,GEN,1993,Platform,0
Choujikuu Yousai Macross: Do You Remember Love,PS3,2012,Shooter,0
Arcania: Gothic 4,PS4,2015,Role-Playing,0.04
Match 3 Madness,DS,2010,Puzzle,0
Countdown: The Game,Wii,2009,Puzzle,0
Rockin' Pretty,DS,2009,Misc,0.05
Men of War: Assault Squad,PC,2011,Strategy,0.01
Persona 2: Eternal Punishment,PSP,2012,Role-Playing,0
Dragon's Lair 3D: Return to the Lair,XB,2002,Platform,0.04
Rhapsody: A Musical Adventure,DS,2008,Role-Playing,0.05
Growlanser: Heritage of War (jp sales),PS2,2006,Role-Playing,0
Myst IV: Revelation,XB,2005,Adventure,0.04
Sled Shred featuring the Jamaican Bobsled Team,Wii,2010,Sports,0.05
Pachinko Wars II,SNES,1993,Misc,0
Jake Power: Policeman,DS,2008,Adventure,0.05
The Nightmare of Druaga: Fushigino Dungeon,PS2,2004,Role-Playing,0.03
Dead Island Definitive Collection,XOne,2016,Action,0.02
PAC-MAN and the Ghostly Adventures,WiiU,2013,Platform,0.03
Animal Planet: Vet Collection,DS,2010,Simulation,0.05
Lernerfolg Vorschule: Capt'n Sharky,DS,2009,Misc,0
Virtua Striker 2002,GC,2002,Sports,0.01
WRC 5: FIA World Rally Championship,PS4,2015,Sports,0
UEFA Champions League 2006-2007,X360,2007,Sports,0.04
Fate/Unlimited Codes Portable,PSP,2009,Fighting,0
Centipede: Infestation,Wii,2011,Shooter,0.05
F1 2015,PC,2015,Racing,0
Game no Kanzume Vol 2,SCD,1994,Misc,0
Luminous Arc Infinity,PSV,2015,Action,0
Disney's PK: Out of the Shadows,GC,2002,Platform,0.04
Aliens in the Attic,DS,2009,Action,0.05
JoJo no Kimy? na B?ken Fantomu Buraddo,PS2,2006,Action,0
The Idolmaster 2,X360,2011,Simulation,0
Hunted: The Demon's Forge,PC,2011,Action,0.03
Powerdrome,PS2,2004,Racing,0.03
Dreamer Series: Puppy Trainer,DS,2008,Simulation,0.05
SingStar Mallorca Party,PS3,2009,Misc,0
Pro Yakyuu Spirits 5 Kanzenban,PS2,2008,Sports,0
Shin Sangoku Musou 5 Special,PSP,2009,Action,0
Major Minor's Majestic March,Wii,2009,Misc,0.05
Pony Friends: Mini Breeds Edition,DS,2008,Simulation,0.05
Otogi 2: Immortal Warriors,XB,2003,Action,0.04
Legend of Kay,PS2,2005,Action,0.03
Walt Disney Pictures Presents Enchanted,DS,2007,Platform,0.04
Lucha Libre AAA: Heroes del Ring,X360,2010,Fighting,0.05
Piglet's Big Game,GC,2003,Platform,0.04
Tom Clancy's HAWX 2,PC,2010,Action,0
Myth Makers: Orbs of Doom,Wii,2007,Puzzle,0.05
Fallout: Brotherhood of Steel,XB,2004,Role-Playing,0.04
Koi to Senkyo to Chocolate Portable,PSP,2012,Adventure,0
IndyCar Series,XB,2003,Racing,0.04
Strawberry Shortcake: Strawberryland Games,DS,2006,Action,0.05
Ultra Bust-A-Move,XB,2004,Puzzle,0.04
Rally Fusion: Race of Champions,XB,2002,Racing,0.04
Teenage Mutant Ninja Turtles: Mutants in Manhattan,PS3,2016,Action,0.01
Sherlock Holmes: Crimes & Punishments,X360,2014,Adventure,0.03
Piglet's Big Game,GBA,2003,Platform,0.04
Killing Floor 2 ,PS4,2016,Shooter,0.03
Pinball Hall of Fame: The Gottlieb Collection,GC,2005,Misc,0.04
Ferrari F355 Challenge,PS2,2002,Racing,0.03
Adventure Time: Finn & Jake Investigations,WiiU,2015,Action,0.03
Mr Bean's Wacky World of Wii,Wii,2009,Adventure,0
Tiny Toon Adventures: Toonenstein - Dare to Scare,PS,1998,Action,0.03
My Horse & Me: Riding for Gold,Wii,2008,Sports,0.04
Mortal Kombat X,PC,2015,Fighting,0.01
TV Anime: Fairy Tale Gekitou! Madoushi Kessen,DS,2010,Fighting,0
Cities in Motion,PC,2011,Simulation,0
Shifters,PS2,2002,Adventure,0.03
Samantha Swift and the Hidden Roses of Athena,DS,2010,Adventure,0.04
RPG Tsukuru DS,DS,2010,Role-Playing,0
To Heart 2: Dungeon Travelers,PSV,2015,Adventure,0
Bladestorm: Nightmare,XOne,2015,Action,0.03
TNA iMPACT: Cross the Line,PSP,2010,Fighting,0.05
Dramatic Dungeon: Sakura Wars - Kimi Arugatame,DS,2008,Role-Playing,0
Kamen Rider: Dragon Knight,DS,2009,Fighting,0.05
The BIGS 2,DS,2009,Sports,0.05
Sacred 3,X360,2014,Role-Playing,0.03
Captain America: Super Soldier,DS,,Action,0.05
Venetica,PC,2009,Role-Playing,0
Operation Flashpoint: Dragon Rising,PC,2009,Shooter,0.02
Princess on Ice,DS,2008,Sports,0.04
Lagoon,SNES,1991,Role-Playing,0
Sesame Street: Cookie's Counting Carnival,PC,2010,Misc,0.05
Jewel Legends: Tree of Life,DS,2011,Puzzle,0
Wasteland 2,XOne,2015,Role-Playing,0.04
DoDonPachi Resurrection,X360,2010,Shooter,0
Trick x Logic: Season 1,PSP,2010,Adventure,0
Mawashite Tsunageru Touch Panic,DS,2006,Puzzle,0
MorphX,X360,2010,Shooter,0.05
Monster! Bass Fishing,GBA,2003,Sports,0.04
Sigma Star Saga,GBA,2005,Role-Playing,0.04
Winning Post 7 2010,PSP,2010,Sports,0
Imagine Animal Doctor Care Center,DS,2010,Simulation,0.05
Air Traffic Chaos,DS,2007,Simulation,0.05
Batman: Gotham City Racer,PS,2001,Racing,0.03
Game of Thrones (Telltale),PS4,2015,Adventure,0.04
Sengoku Basara X,PS2,2008,Fighting,0
Legend of Kay,WiiU,2015,Action,0.03
Imagine: Party Planner,DS,2009,Simulation,0.05
Doraemon: Nobita no Kyouryuu 2006 DS,DS,2006,Role-Playing,0
Ontamarama,DS,2007,Action,0.05
DokiDoki Majo Shinpan!,DS,2007,Adventure,0
Starry ? Sky: In Spring,PSP,2010,Misc,0
FIFA Soccer 2004,GBA,2003,Sports,0.04
Armored Core: Formula Front Extreme Battle,PSP,2004,Simulation,0.05
Downforce,PS2,2002,Racing,0.03
Little Busters! Converted Edition,PS2,2009,Adventure,0
Pet Pals: New Leash on Life,DS,2010,Simulation,0.05
Disney's Party,GC,2002,Misc,0.04
The Bureau: XCOM Declassified,PC,2013,Shooter,0
Hysteria Hospital: Emergency Ward,Wii,2009,Action,0.05
Nanostray 2,DS,2008,Shooter,0.03
Tennis no Oji-Sama: 2005 Crystal Drive,DS,2004,Sports,0
Dokapon Journey,DS,2008,Role-Playing,0.05
Summon Night X: Tears Crown,DS,2009,Role-Playing,0
Pawly Pets: My Vet Practice,DS,2007,Strategy,0
Metal Slug Anthology,PSP,2007,Shooter,0.02
Back to the Future: The Game,Wii,2011,Adventure,0.05
Taiho Shichauzo!,PS,2001,Adventure,0
Phantom Crash,XB,2002,Simulation,0.03
Yanya Caballista: City Skater,PS2,2001,Sports,0.02
Expendable,PS,1999,Action,0.03
SeaWorld Adventure Parks: Shamu's Deep Sea Adventure,DS,2005,Adventure,0.05
The Idolmaster: Gravure For You! Vol. 2,PS3,2011,Misc,0
Arthur! Ready to Race,PS,2000,Racing,0.03
Thunder Force V: Perfect System,PS,1998,Shooter,0.03
The Typing of the Dead,DC,2000,Shooter,0
Utawarerumono: Futari no Hakuoro,PS4,2016,Misc,0
Sam & Max: Beyond Time and Space,Wii,2010,Adventure,0.05
The Idolm@ster: Dearly Stars,DS,2009,Adventure,0
Shiren the Wanderer 5 Plus: Fortune Tower and the Dice of Fate,PSV,2015,Action,0.01
Over the Hedge: Hammy Goes Nuts!,PSP,2006,Platform,0.05
R.B.I. Baseball 2016,XOne,2016,Sports,0.05
Bakemonogatari Portable,PSP,2012,Action,0
Jenga World Tour,Wii,2007,Misc,0.05
Prism: Light the Way,DS,2007,Puzzle,0.05
Tenchu: Dark Secret,DS,2006,Action,0.03
Tabi no Yubisashi Kaiwachou DS: DS Series 2 Chuugoku,DS,2006,Misc,0
Shrek Super Party,GC,2003,Misc,0.04
Monster 4x4: Masters of Metal,GC,2003,Racing,0.04
Bakusou Kyoudai Let's & Go!! Eternal Wings,PS,1998,Racing,0
Imagine: Artist,DS,2009,Misc,0.05
Top Spin 2,DS,2006,Sports,0.05
Keroro Gunsou: Enshuu da Yo! Zenin Shuugou Part 2,DS,2007,Action,0
NHL Blades of Steel '99,N64,1999,Sports,0.05
Downtown no Gaki no Tsukai Yaarahen de!! Zettai ni Tsukamatte Haikenai Gasu Kurobikari Land,3DS,2015,Action,0
Super Heroine Chronicle,PSV,2014,Role-Playing,0
Second Sight,GC,2004,Adventure,0.04
Philosoma,PS,1995,Shooter,0.03
Virtua Fighter CG Portrait Series Vol.5: Wolf Hawkfield,SAT,1995,Misc,0
Puyo Pop,GBA,2001,Puzzle,0.04
Marriage Royale: Prism Story,PSP,2010,Adventure,0
Kamiwaza,PS2,2006,Action,0
SpongeBob SquarePants: Plankton's Robotic Revenge,WiiU,2013,Shooter,0
Arcana Heart 3,X360,2011,Fighting,0
Rave Master,GC,2002,Fighting,0
Bejeweled Twist,PC,2008,Puzzle,0.01
Kinnikuman Muscle Grand Prix Max,PS2,2006,Fighting,0
Suzuki Super-Bikes II: Riding Challenge,DS,2008,Racing,0.05
GRID,DS,,Racing,0.04
Steins;Gate 0,PS4,2015,Adventure,0
Ivy the Kiwi?,DS,2010,Puzzle,0.04
Jim Henson's Muppets in Spy Muppets: License to Croak,GBA,2003,Action,0.04
Medal of Honor: European Assault (weekly JP sales),PS2,2005,Shooter,0
Hail to the Chimp,PS3,2008,Misc,0.05
Alias,XB,2004,Action,0.04
Super Robot Taisen Neo,Wii,2009,Strategy,0
ESPN International Winter Sports 2002,GC,2002,Sports,0.04
Dual Heroes,N64,1997,Fighting,0.04
Fighter Destiny 2,N64,1999,Fighting,0.04
Hercules: The Legendary Journeys,N64,2000,Role-Playing,0.04
Chameleon Twist 2,N64,1998,Platform,0.04
OutRun 2006: Coast 2 Coast,PS2,2006,Racing,0.02
Blues Brothers 2000,N64,2000,Platform,0.04
Metal Max 2 Reloaded,DS,2011,Role-Playing,0
Jewel Master: Cradle of Persia,DS,2012,Puzzle,0
All Star Tennis 99,N64,1999,Sports,0.04
Nounai Aeshe: IQ Suppli DS 2 - Sukkiri King Ketteisen,DS,2007,Misc,0
Winning Post World,PS3,2009,Sports,0
PachiPara 14: Fuu to Kumo to Super Umi in Okinawa,PS2,2007,Misc,0
Arx Fatalis,XB,2003,Role-Playing,0.04
Mega Minis Volume 3,PSP,2011,Misc,0
Slam Dunk SD Heat Up!!,SNES,1995,Sports,0
The Mysterious Case of Dr. Jekyll and Mr. Hyde,DS,2010,Adventure,0.02
Dead in the Water,PS,1999,Action,0.03
Winning Post 7 2013,PS3,2013,Sports,0
Ride,PS3,2015,Racing,0
Detective Conan: Prelude from the Past,DS,2012,Action,0
Dr. Seuss: Green Eggs and Ham,GBA,2003,Action,0.04
Zumba Fitness Core,X360,2012,Misc,0
Atelier Rorona: Alchemist of Arland,PSV,2013,Role-Playing,0
Guilty Gear Dust Strikers,DS,2006,Fighting,0.05
Dark Summit,GC,2002,Sports,0.04
Orcs & Elves,DS,2007,Role-Playing,0.05
Odoru Daisousasen The Game: Sensuikan ni Sennyuu Seyo!,DS,2010,Adventure,0
Turbo Turtle Adventure,GBA,2002,Puzzle,0.04
Sengoku Basara 4: Sumeragi,PS4,2015,Action,0
TrackMania Turbo: Build to Race,DS,2010,Racing,0.02
Shinseiki Evangelion 2: Tsukurareshi Sekai - Another Cases,PSP,2006,Adventure,0
Hisshou 777 Fighter: Pachi Slot Eiyu Densetsu,SNES,1994,Misc,0
Kamen Rider: Battride War Genesis,PSV,2016,Action,0
Corpse Party: Blood Covered - Repeated Fear,PSP,2010,Adventure,0
Star Wars: Republic Commando,PC,2005,Shooter,0
Kart Racer,Wii,2009,Racing,0.03
Chronicles of the Sword,PS,1996,Adventure,0.03
The Lost Vikings,GBA,2003,Puzzle,0.04
Keiba Eight Special,SNES,1993,Sports,0
Harukanaru Toki no Naka de 3,PS2,2004,Adventure,0
Codename: Kids Next Door: Operation V.I.D.E.O.G.A.M.E.,GC,2005,Platform,0.04
Sherlock Holmes: Crimes & Punishments,PC,2014,Adventure,0
Reel Fishing: The Great Outdoors,PSP,2006,Sports,0.05
Guild 01,3DS,2012,Action,0
Tour de France 2011,X360,,Racing,0
Durarara!! 3-way Standoff,PSP,2010,Adventure,0
Ty the Tasmanian Tiger 3: Night of the Quinkan,GBA,2005,Action,0.04
Tokimeki Memorial Girl's Side 2nd Kiss,PS2,2006,Adventure,0
Fushigi no Dungeon: Fuurai no Shiren 3 Portable,PSP,2010,Role-Playing,0
Hokuto no Ken,PS2,2007,Fighting,0
Plants vs. Zombies,PC,2009,Strategy,0
Yu-Gi-Oh! GX: Spirit Caller (Japan Sales),DS,2006,Misc,0
Secret Files: Tunguska,DS,2008,Adventure,0.04
George of the Jungle and the Search for the Secret,DS,2008,Platform,0.05
Stretch Panic,PS2,2001,Platform,0.02
Hotel for Dogs,Wii,2009,Simulation,0.04
Microsoft Flight Simulator X Acceleration Expansion Pack,PC,2007,Simulation,0
Chousoku Henkei Gyrozetter: Albatross no Tsubasa,3DS,2013,Role-Playing,0
Blazing Souls: Accelate,PSP,2009,Role-Playing,0.04
PQ2: Practical Intelligence Quotient,PSP,2006,Puzzle,0.04
Baku Baku,SAT,1995,Puzzle,0
Sword Art Online: Game Director's Edition,PS4,2015,Role-Playing,0
SD Gundam: Over Galaxian,PS,1996,Shooter,0
Metroid Prime: Federation Force,3DS,2016,Action,0.02
Rogue Ops,GC,2003,Action,0.04
Smart Kid's Party Fun Pak,DS,2008,Misc,0.05
Dream Salon,Wii,2009,Misc,0.05
BeatMania IIDX 3rd Style,PS2,2000,Simulation,0
Natural Doctrine,PS3,2014,Role-Playing,0.03
DiRT 2,PC,2009,Racing,0
Payday 2,PC,2013,Shooter,0.04
Hummer Badlands,PS2,2006,Racing,0.02
Woody Woodpecker: Escape from Buzz Buzzard Park,PS2,2001,Platform,0.02
Ghostbusters (2016),XOne,2016,Action,0.04
"Lupin III: Lupin ni wa Shi o, Zenigata ni wa Koi o",PS2,2007,Adventure,0
Furu Furu Park,Wii,2007,Misc,0.05
Hatsune Miku: Project Diva X,PS4,2016,Misc,0.02
Alter Echo,XB,2003,Shooter,0.04
Fushigi? Kagaku: Nazotoki Quiz Training - NazoTore,DS,2008,Misc,0
BeatMania IIDX 4th Style: New Songs Collection,PS2,2001,Simulation,0
G1 Grand Prix,3DS,2012,Action,0
Resident Evil 4 HD,PS4,2016,Shooter,0.04
Impossible Mission,PSP,2007,Platform,0
Around the World in 80 Days,GBA,2004,Action,0.03
Houkago Shounen,DS,2008,Misc,0
Fishdom,DS,2011,Puzzle,0.05
Classic Dungeon X2,PSP,2011,Role-Playing,0
Whirl Tour,GC,2002,Sports,0.04
Pinball Tycoon,GBA,2002,Misc,0.03
Grand Ages: Medieval,PC,2015,Strategy,0
Major League Baseball 2K11,PS2,2011,Sports,0.02
Cartoon Network Block Party,GBA,2004,Misc,0.03
Power Spike Pro Beach Volleyball,PS,2000,Sports,0.03
White Album: Tsuzurareru Fuyu no Omoide,PS3,2010,Adventure,0
Harukanaru Toki no Naka de: Yumenoukihashi,DS,2008,Adventure,0
Shinseiki Evangelion- Eva: Yukai na Nakama Tachi,PS,1998,Misc,0
SD Gundam: Scad Hammers,Wii,2006,Strategy,0
Spitfire Heroes: Tales of the Royal Air Force,DS,2008,Simulation,0.05
Super Bust-A-Move,GBA,2001,Puzzle,0.03
Saints Row: Gat out of Hell,PS4,2015,Action,0
ZooCube,GBA,2002,Puzzle,0.03
Stunt GP,PS2,2001,Racing,0.02
D.Gray-man: Kami no Shitotachi,DS,2007,Adventure,0
Strikers 1945,SAT,1996,Shooter,0
NBA 2K,DC,1999,Sports,0
Super Jinsei Game 2,SNES,1995,Misc,0
World Series of Poker,GC,2005,Misc,0.04
Jikkyou Oshaberi Parodius,SNES,1995,Shooter,0
Plants vs. Zombies: Garden Warfare 2,PC,2016,Shooter,0
J-League Winning Eleven 2010: Club Championship,PS2,2010,Sports,0
Johnny Bazookatone,PS,1995,Platform,0.03
Reign of Fire,GBA,2002,Shooter,0.03
Koihime Musou,PS2,2008,Adventure,0
Nicktoons: Attack of the Toybots,DS,2007,Platform,0.04
Singularity,PC,2010,Shooter,0
NASCAR Heat Evolution,PS4,2016,Racing,0.04
Cartoon Network Racing,DS,2006,Action,0.04
Ms Saga: A New Dawn,PS2,2005,Role-Playing,0.02
Kekkon Zenya,SAT,1995,Adventure,0
Child of Light,PS4,2014,Role-Playing,0
Finny the Fish & the Seven Waters,PS2,2004,Sports,0.02
The Grim Adventures of Billy & Mandy,Wii,2006,Action,0.04
Barnyard,GBA,2006,Action,0.03
Next Generation of Chaos,PS2,2002,Role-Playing,0
GrimGrimoire,PS2,2007,Strategy,0.01
Katekyoo Hitman Reborn! DS: Bongole Shiki Taisen Battle Sugoroku,DS,2008,Misc,0
Rock of the Dead,PS3,2010,Shooter,0.04
TNA iMPACT: Cross the Line,DS,2010,Fighting,0.04
Deadliest Catch: Alaskan Storm,X360,2008,Sports,0.04
Golden Axe: The Duel,SAT,1994,Fighting,0
J-League '96 Dream Stadium,SNES,1996,Sports,0
Capcom vs. SNK: Millennium Fight 2000 Pro,DC,2001,Fighting,0
Crime Life: Gang Wars,XB,2005,Action,0.04
Tokimeki Memorial: Girls Side 1st Love,DS,2007,Adventure,0
Rugby 2005,XB,2005,Sports,0.04
"Warhammer 40,000: Dawn of War",PC,2004,Strategy,0.01
Taito Legends,XB,2005,Misc,0.04
Rock 'N Roll Racing,GBA,2003,Racing,0.03
Reader Rabbit 2nd Grade,Wii,,Misc,0.04
Silhouette Mirage,PS,1998,Platform,0.03
Dynasty Warriors Vol. 2,PSP,2006,Action,0.04
Freelancer,PC,2003,Simulation,0.02
Treasure Report: Kikai Jikake no Isan,DS,2011,Adventure,0
Growlanser VI: Precarious World,PS2,2007,Role-Playing,0
Block Kuzushi,SNES,1995,Puzzle,0
LEGO Indiana Jones 2: The Adventure Continues,PC,2009,Action,0.02
American Bass Challenge,GBA,2001,Sports,0.03
American Chopper 2: Full Throttle,GC,2005,Racing,0.04
Ultimate Ghosts 'n Goblins (JP sales),PSP,2006,Platform,0
Rugby 06,PS2,2006,Sports,0.02
Fatal Frame II: Crimson Butterfly Director's Cut,XB,2004,Action,0.04
2002 FIFA World Cup,GC,2002,Sports,0.04
The Lord of the Rings: The Battle for Middle-Earth II,X360,2006,Strategy,0
LEGO The Hobbit,PC,2014,Action,0
Need for Speed Carbon,PC,2006,Racing,0
Colin McRae Rally 2005,XB,2004,Racing,0.04
Venus & Braves: Majo to Megami to Horobi no Yogen,PSP,2011,Role-Playing,0
Zoop,PS,1995,Puzzle,0.03
Saiyuki: Journey West,PS,1999,Strategy,0.03
Powerful Golf,DS,2011,Sports,0
Rock Band Country Track Pack 2,X360,2011,Misc,0.04
Detective Conan: Marionette Symphony,3DS,2013,Adventure,0
Utawarerumono: Itsuwari no Kamen,PS3,2015,Adventure,0
American Chopper 2: Full Throttle,XB,2005,Racing,0.04
Amnesia Crowd,PSP,2013,Misc,0
Pachitte Chonmage Tatsujin 15: Pachinko Fuyu no Sonata 2,PS2,2008,Misc,0
Monster Hunter Frontier Online,PS3,,Role-Playing,0
MTX Mototrax,PSP,2006,Racing,0.04
VR Soccer '96,PS,1996,Sports,0.03
Ribbit King,GC,2003,Sports,0.04
Diabolik Lovers,PSP,2012,Adventure,0
Shugo Chara! 3-tsu no Tamagoto Koisuru Joker,DS,2008,Action,0
Summoner: A Goddess Reborn,GC,2003,Role-Playing,0.04
Pirates vs Ninja Dodgeball,Wii,2009,Sports,0.04
Secret Service,X360,2008,Action,0.04
Noddy in Toyland,DS,2011,Misc,0
Empire Earth,PC,2001,Strategy,0
Yu-Gi-Oh! World Championship 2007,DS,2007,Strategy,0
DuckTales: Remastered,PS3,2013,Action,0.01
E.X. Troopers,PS3,2012,Shooter,0
Worms Reloaded,PC,2010,Strategy,0
Kiniro no Corda 2 Encore,PS2,2007,Role-Playing,0
M&M's Adventure,DS,2008,Adventure,0.04
ESPN Great Outdoor Games Bass 2002,GBA,2001,Sports,0.03
Soul Eater: Plot of Medusa,DS,2008,Action,0
StarCraft,PC,1998,Strategy,0
Gaist Crusher,3DS,2013,Action,0
World Championship Pool 2004,PS2,2004,Sports,0.02
Punch King,GBA,2002,Fighting,0.03
V-Rally 3,GBA,2002,Racing,0.03
B-Boy,PSP,2006,Misc,0.04
Kakuto Chojin,XB,2002,Fighting,0.04
Beyond Oasis,GEN,1993,Role-Playing,0
Robotech: Invasion,XB,2004,Shooter,0.04
Rain (2013),PS3,2013,Adventure,0
Wii de Asobu Chibi-Robo!,Wii,2009,Adventure,0
Need for Speed Underground,PC,2003,Racing,0
Jewel Quest Mysteries,DS,2009,Puzzle,0.03
Tokyo Ghoul: Jail,PSV,2015,Racing,0
To Heart 2 DX Plus,PS3,2011,Adventure,0
Romance of the Three Kingdoms VI: Awakening of the Dragon,PS,1998,Strategy,0.03
Star Driver: Kagayaki no Takuto - Ginga Bishounen Densetsu,PSP,2011,Adventure,0
Frogger: Ancient Shadow,GC,2005,Platform,0.04
Naruto: Uzumaki Chronicles 2 (JP sales),PS2,2006,Action,0
Moon,DS,2009,Adventure,0.04
Snoopy vs the Red Baron,PSP,2006,Adventure,0.04
Pet Vet: Down Under,DS,2009,Simulation,0.04
Virtua Tennis 3,PSP,2007,Sports,0.02
Raze's Hell,XB,2005,Shooter,0.04
Far Cry,PC,2004,Shooter,0
Gem Smashers,Wii,2011,Platform,0.04
Shin Megami Tensei NINE,XB,2002,Role-Playing,0
Magic Carpet,PS,1995,Shooter,0.03
Adventure Time: Explore the Dungeon Because I Don't Know!,PS3,2013,Action,0.02
Hoshigami: Ruining Blue Earth,PS,2001,Role-Playing,0.03
GunPey DS,DS,2006,Puzzle,0.04
Cabela's African Safari,PSP,2006,Sports,0.04
Test Drive: Ferrari Legends,X360,2012,Racing,0.04
Sushi Go-Round,Wii,2010,Simulation,0.04
NightCaster II: Equinox,XB,2002,Action,0.03
Shin Hayarigami,PSV,2014,Adventure,0
Chocobo to Mahou no Ehon: Majo to Shoujo to 5-Jin no Yuusha,DS,2008,Role-Playing,0
Arslan: The Warriors of Legend,PS3,2015,Action,0
SD Gundam G Generation World,Wii,2011,Strategy,0
Ship Simulator Extremes,PC,2010,Simulation,0
Winter Sports 2011,PS3,2011,Sports,0
Time Crisis: Project Titan,PS,2001,Shooter,0.03
Ore-Sama Kingdom: Koi no Manga mo Debut o Mokushise! Doki Doki Love Lesson,DS,2011,Action,0
Crusader: No Remorse,PS,1996,Adventure,0.03
Billy the Wizard: Rocket Broomstick Racing,Wii,2007,Racing,0.04
Ys: The Ark of Napishtim,PSP,2006,Role-Playing,0.04
Black & Bruised,GC,2003,Fighting,0.04
Winter Sports 3: The Great Tournament,Wii,2010,Sports,0.02
Pro Evolution Soccer 2017,XOne,2016,Sports,0.01
FIFA Soccer 10,PC,2009,Sports,0
Jewel Quest 5: The Sleepless Star,PC,2011,Action,0.02
World Series of Poker: Tournament of Champions 2007 Edition,Wii,2006,Misc,0.04
Tom Clancy's Rainbow Six: Lockdown,GC,2005,Shooter,0.04
Yoru no Nai Kuni,PS3,2015,Role-Playing,0
Full Spectrum Warrior: Ten Hammers,XB,2006,Strategy,0.03
Puyo Puyo Tetris,PSV,2014,Puzzle,0
The Sims,PC,2000,Simulation,0.01
Turok: Dinosaur Hunter,N64,1997,Shooter,0
MiniCopter: Adventure Flight,Wii,2007,Simulation,0.04
FIFA Manager 12,PC,2011,Sports,0
Balloon Pop,Wii,2007,Puzzle,0.04
Gitaroo Man,PS2,2001,Misc,0.02
Taiko no Tatsujin Portable 2,PSP,2006,Misc,0
Super Bubble Pop,GC,2003,Puzzle,0.04
Apassionata: Die Galanacht der Pferde,DS,2009,Simulation,0
Battleship / Connect Four / Sorry! / Trouble,DS,2006,Puzzle,0.04
Time Travelers,PSV,2012,Adventure,0
Amnesia Later,PSP,2012,Misc,0
World Championship Poker: Featuring Howard Lederer - All In,X360,2006,Misc,0.04
SpongeBob SquarePants: Plankton's Robotic Revenge,X360,2013,Shooter,0.04
Crazy Chicken: Atlantis Quest,DS,2007,Platform,0.04
Shin Kamaitachi no Yoru: 11 Hitome no Suspect,PSV,2011,Adventure,0
Intellivision Lives!,XB,2004,Misc,0.03
Test Drive Le Mans,PS,1999,Racing,0.03
Counter Force,Wii,2007,Shooter,0.04
Centipede: Infestation,3DS,2011,Shooter,0.04
Cabela's Trophy Bucks,X360,2007,Sports,0.04
XCOM 2,XOne,2016,Strategy,0.02
Yaiba: Ninja Gaiden Z,X360,2014,Action,0.03
Hero Bank 2,3DS,2014,Role-Playing,0
Rock of the Dead,X360,2010,Shooter,0.04
Monster Jam: Maximum Destruction,GC,2002,Racing,0.04
Big Air Freestyle,GC,2002,Racing,0.04
To Love-Ru Trouble Darkness: Battle Ecstasy,PSV,2014,Action,0
The Lost Treasures of Alexandria,DS,2011,Puzzle,0
Rimo-Cocoron,PS2,2001,Action,0
Mike Tyson Heavyweight Boxing,XB,2002,Sports,0.03
Code Lyoko,DS,2007,Action,0.03
The Berenstain Bears and the Spooky Old Tree,GBA,2005,Platform,0.03
12-Sai. Koisuru Diary,3DS,2016,Adventure,0
Pool Party,Wii,2007,Sports,0.04
Rapala Fishing Frenzy 2009,X360,2008,Sports,0.04
Hakuouki: Bakumatsu Musou Roku,PSP,2012,Action,0
Hiiro no Kakera DS,DS,2008,Adventure,0
Company of Heroes,PC,2006,Strategy,0
Arcana Famiglia: La storia della Aracana Famiglia,PSP,2011,Adventure,0
Wonder World Amusement Park,Wii,2008,Misc,0.04
Jonah Lomu Rugby Challenge,PC,2011,Sports,0
Atelier Ayesha: The Alchemist of Dusk,PSV,2014,Role-Playing,0
The Misadventures of Tron Bonne,PS,1999,Adventure,0.03
Just Dance 2017,PS3,2016,Misc,0.01
Ride 2,PS4,2016,Racing,0
Wing Island,Wii,2006,Simulation,0.03
Silent Hunter: Wolves of the Pacific,PC,2007,Simulation,0
Brave Story: New Traveller (jp sales),PSP,2006,Role-Playing,0
Black Jack vs. Matsudajun,PS,2000,Misc,0.03
Clever Kids: Creepy Crawlies,DS,2009,Action,0
Wrath Unleashed,XB,2004,Strategy,0.03
March of the Penguins,DS,2006,Adventure,0.04
Professor Heinz Wolff's Gravity,DS,2008,Puzzle,0.04
Garou Densetsu 3: Road to the Final Victory,SAT,1996,Fighting,0
Lips: Deutsche Partyknaller,X360,2009,Misc,0
Boing! Docomodake DS,DS,2007,Puzzle,0.04
Bleach: Soul Carnival,PSP,2008,Fighting,0
Double Dragon Advance,GBA,2003,Action,0.03
Toukiden Kiwami,PSP,2014,Action,0
Gummy Bears Mini Golf,DS,2010,Sports,0.04
Resident Evil Director's Cut,PS3,2006,Action,0
Color Cross,DS,2008,Misc,0.04
Sesame Street: Elmo's A-to-Zoo Adventure,PC,2010,Misc,0.04
The Bible Game,XB,2005,Misc,0.03
Bubble Bobble Revolution,DS,2005,Puzzle,0.04
Inspector Gadget: Gadget's Crazy Maze,PS,2001,Puzzle,0.03
World Fantasista,PS2,2002,Sports,0
Yager,XB,2003,Shooter,0.03
River City Soccer Hooligans,DS,2010,Sports,0.04
Tabi no Yubisashi Kaiwachou DS: DS Series 1 Thai,DS,2006,Misc,0
Cocoto Kart Racer,DS,2004,Racing,0.04
Root Letter,PSV,2016,Adventure,0
Futurama,XB,2003,Platform,0.03
Supreme Commander,PC,2007,Strategy,0
Pool Hall Pro,Wii,2009,Sports,0.04
Wolfenstein,PC,2009,Shooter,0.01
Cesar Millan's Dog Whisperer,DS,2008,Simulation,0.04
Nazo Waku Yakata: Oto no Ma ni Ma ni,3DS,2011,Misc,0
Choro Q 64 2: Hacha Mecha Grand Prix Race,N64,1999,Racing,0
Microsoft Train Simulator,PC,2001,Simulation,0
Activision Anthology,GBA,2003,Misc,0.03
Mahjong 3D: Warriors of the Emperor,3DS,2011,Misc,0
Wayne Gretzky's 3D Hockey '98,PS,1997,Sports,0.03
Hakuouki SSL: Sweet School Life,PSV,2014,Adventure,0
Resident Evil 6,XOne,2016,Shooter,0.04
Max & the Magic Marker,DS,2011,Platform,0
Trigger Man,XB,2004,Shooter,0.03
Assassin's Creed: Altair's Chronicles,DS,2008,Platform,0.03
Kimi ni Todoke: Tsutaeru Kimochi,DS,2011,Adventure,0
Nora to Koku no Koubou: Kiri no Mori no Majo,DS,2011,Role-Playing,0
Bad Boys: Miami Takedown,GC,2004,Shooter,0.03
Hitman (2016),PS4,2016,Action,0
Short Track Racing: Trading Paint,PS2,2009,Racing,0.02
Atelier Escha & Logy: Alchemists of the Dusk Sky,PSV,2015,Role-Playing,0
Fantastic Four: Rise of the Silver Surfer,Wii,2007,Action,0.04
Galaxy Racers,DS,2010,Racing,0.04
Game no Kanzume Vol 1,SCD,1994,Misc,0
Rat Attack!,PS,1999,Puzzle,0.03
Black Mirror 2,PC,2009,Adventure,0
Pony Friends,DS,2007,Simulation,0
Danny Phantom: Urban Jungle,DS,2006,Action,0.04
Summon Night Craft Sword Monogatari: Hajimari no Ishi,GBA,2005,Role-Playing,0
Sotsugyou II: Neo Generation,PS,1995,Simulation,0
Forza Motorsport 3: Ultimate Edition,X360,2010,Racing,0
The King of Fighters 2002: Unlimited Match,PS2,2009,Fighting,0
Looney Tunes: Cartoon Conductor,DS,2008,Misc,0.04
Art of Fighting Anthology,PS2,2006,Fighting,0.02
Ford Bold Moves Street Racing,PSP,2006,Racing,0.04
Sébastien Loeb Rally Evo,PS4,2016,Racing,0
The Tale of Despereaux,Wii,2008,Platform,0.04
Lux-Pain,DS,2008,Adventure,0.04
Rapala Trophies,PSP,2006,Sports,0.04
Phoenix Wright: Revived Turnabout,DS,2008,Misc,0
Mana Khemia: Alchemists of Al-Revis (JP sales),PS2,2007,Role-Playing,0
Active Life: Magical Carnival,Wii,2011,Misc,0.03
National Geographic Panda (US sales),DS,2008,Simulation,0.04
The Hustle: Detroit Streets,PS2,2006,Sports,0.02
Tomoyo After: It's a Wonderful Life CS Edition,PSP,2009,Adventure,0
Virtua Fighter CG Portrait Series Vol.6: Lau Chan,SAT,1995,Misc,0
Guilty Gear XX Accent Core,PS2,2007,Fighting,0
Nihon Pro Mahjong Kishikai Kanshuu: Pro Ni Naru Mahjong DS,DS,2005,Misc,0
Cheer We Go!,DS,2010,Misc,0.04
Monster High: New Ghoul in School,3DS,2015,Action,0
Millipede / Super Breakout / Lunar Lander,GBA,2005,Misc,0.03
Grey's Anatomy: The Video Game,DS,2009,Adventure,0.03
Mafia,PC,2002,Action,0
Disney's Donald Duck: Goin' Quackers,GC,2002,Platform,0.03
World Trigger: Borderless Mission,PSV,2015,Action,0
Assault Rigs,PS,1996,Action,0.02
Yes! PreCure 5,DS,2007,Action,0
Operation Flashpoint: Elite,XB,2005,Shooter,0.03
Candace Kane's Candy Factory,DS,2008,Action,0.04
Fantastic Four: Rise of the Silver Surfer,DS,2007,Action,0.04
Nanda's Island,DS,2009,Puzzle,0.04
Virtua Tennis 3,X360,2007,Sports,0.03
"Roswell Conspiracies: Aliens, Myths & Legends",PS,2001,Action,0.02
Front Mission,DS,2007,Strategy,0.01
Sushi Go-Round,DS,2010,Simulation,0.04
World Championship Spelling,DS,2010,Misc,0.04
Sekai no Gohan Shaberu! DS Oryouri Navi,DS,2008,Misc,0
Tropico 3,PC,2009,Strategy,0
Boktai 2: Solar Boy Django,GBA,2004,Role-Playing,0.03
Life is Strange,PC,2016,Adventure,0.01
Angelique Duet,PS,1998,Strategy,0
Nobunaga's Ambition (3DS),3DS,2013,Simulation,0
Jewel Master: Cradle Of Rome 2,PC,2011,Puzzle,0
Shin Fortune Quest: Sokutaku no Kishi,PS,1996,Misc,0
Tsumiki: Block Drop Mania,DS,2007,Action,0.04
Crushed Baseball,GBA,2004,Sports,0.03
Dark Arena,GBA,2002,Shooter,0.03
Kamen Rider: Battride War Genesis,PS3,2016,Action,0
Heatseeker,PSP,2007,Action,0.04
Family Fortunes,DS,2009,Misc,0
TOCA Race Driver 2,XB,2004,Racing,0.03
My Body Coach,Wii,2009,Sports,0
Shaun the Sheep,DS,2008,Adventure,0.04
Battlezone,PS4,2016,Action,0.02
I.Q. Remix+: Intelligent Qube,PS2,2000,Puzzle,0
Growlanser,PSP,2009,Role-Playing,0
Card Fight!! Vanguard G: Stride to Victory!!,3DS,2016,Misc,0
Trollz: Hair Affair!,GBA,2005,Misc,0.03
Daito Giken Koushiki Pachi-Slot Simulator: Shake II,PS2,2007,Misc,0
Grand Slam,PS,1997,Misc,0.02
Chou Gekijoban Keroro Gunsou: Gekishin Dragon Warriors de Arimasu!,DS,2009,Action,0
The King of Fighters 2000,PS2,2002,Fighting,0
Hyperdimension Neptunia mk2,PSV,2014,Action,0
Pro Evolution Soccer 2016,PC,2015,Sports,0
The Dark Spire,DS,2008,Role-Playing,0.04
Teenage Mutant Ninja Turtles: Mutants in Manhattan,XOne,2016,Action,0.03
Puyo Puyo Tetris,PS3,2014,Puzzle,0
D.C.F.S.: Da Capo Four Seasons,PS2,2005,Adventure,0
RollerCoaster Tycoon,PC,,Strategy,0.02
Runaway: A Twist of Fate,PC,2009,Adventure,0
Disney's Meet the Robinsons,GC,2007,Action,0.03
Hanayori Danshi: Koi Seyo Onago,DS,2008,Adventure,0
Refrain no Chika Meikyuu to Majo no Ryodan,PSV,2016,Action,0
Minna ga Shuyaku no NHK Kouhaku Quiz Kassen,Wii,2009,Misc,0
Disney Planes Fire & Rescue,Wii,2014,Action,0
Sonic the Hedgehog 2 (8-bit),GG,1992,Platform,0
FlatOut 2,XB,2006,Racing,0.03
Gem Smashers,3DS,2011,Platform,0.04
Rogue Trooper,PS2,2006,Shooter,0.02
Backyard Baseball '09,Wii,2008,Sports,0.04
Spy Fiction,PS2,2003,Action,0.02
Justice League: Chronicles,GBA,2003,Platform,0.03
Tom Clancy's HAWX,PC,2009,Action,0
Enemy Front,X360,2014,Shooter,0.02
Doko Demo Issho: Let's Gakkou!,PSP,2006,Misc,0
Conflict: Desert Storm II - Back to Bagdhad,GC,2004,Shooter,0.03
Honda ATV Fever,Wii,2010,Racing,0.04
Top Gun,DS,2006,Simulation,0.04
M&M's Beach Party,Wii,2009,Misc,0.04
B's-LOG Party♪,PSP,2010,Adventure,0
King Arthur,GC,2004,Action,0.03
Chicken Shoot,GBA,2005,Action,0.03
Shantae and the Pirate's Curse,3DS,2015,Platform,0.01
Yowamushi Pedal,3DS,2015,Action,0
Dai Senryaku VII: Modern Military Tactics,XB,2003,Strategy,0.03
White Album 2: Shiawase no Mukougawa,PS3,2012,Adventure,0
Monster Trux Arenas: Special Edition,Wii,2007,Racing,0.04
Avatar: The Game,PC,2009,Action,0
Go Go Ackman 3,SNES,1995,Platform,0
Advance Guardian Heroes,GBA,2004,Role-Playing,0.03
Castle of Shikigami III,Wii,2007,Shooter,0.04
Nobunaga's Ambition: Sphere of Influence,PS4,2014,Strategy,0.03
FIFA Street 2,DS,2006,Sports,0.04
Star X,GBA,2002,Shooter,0.03
City Life: World Edition,PC,2007,Simulation,0
The King of Fighters Kyo,PS,1998,Fighting,0
Record of Agarest War: Marriage,PSP,2012,Role-Playing,0
San-X Land: Theme Park de Asobou!,DS,2006,Action,0
Corpse Party: Book of Shadows,PSP,2011,Adventure,0
428: Fuusa Sareta Shibuya de,PSP,2009,Adventure,0
Starry ? Sky: After Spring,PSP,2009,Misc,0
Tennis no Oji-Sama: DokiDoki Survival - Sanroku no Mystic,PS2,2006,Adventure,0
Mechanic Escape,PS3,2012,Platform,0
Battle vs. Chess,PS3,,Misc,0
Naruto Shippuden: Dairansen! Kage Bunshin Emaki,DS,2008,Action,0
WarTech: Senko no Ronde,X360,2006,Fighting,0.04
Twilight Syndrome: Kinjiratera Toshi Densetsu,DS,2008,Adventure,0
True Love Story 3,PS2,2001,Simulation,0
Jerry Rice and Nitus' Dog Football,Wii,2011,Sports,0.04
Little Battlers eXperience W,PSV,2012,Role-Playing,0
The Smurfs,PS,1998,Action,0.02
Teenage Mutant Ninja Turtles: Mutants in Manhattan,X360,2016,Action,0.01
Strike Force Bowling,XB,2004,Sports,0.03
IL-2 Sturmovik: 1946,PC,2006,Simulation,0
Chessmaster,GBA,2002,Misc,0.03
Blood Will Tell: Tezuka Osamu's Dororo,PS2,2004,Adventure,0.02
Coraline,DS,2009,Action,0.04
Red Ninja: End of Honor,PS2,2005,Action,0.02
Praetorians,PC,2003,Strategy,0
Kids Learn Music A+ Edition,DS,2011,Misc,0.04
The Wolf Among Us,PSV,2014,Adventure,0.03
Smash Court Tennis 3,PSP,2007,Sports,0.01
Kanuchi: Shiroki Tsubasa no Shou,PS2,2008,Adventure,0
SX Superstar,XB,2003,Racing,0.03
Katekyoo Hitman Reborn! Battle Arena,PSP,2008,Fighting,0
LEGO Friends,3DS,2013,Action,0
Saint Seiya: The Hades,PS2,2006,Fighting,0
Saki Portable,PSP,2010,Adventure,0
Naruto Shippuuden: Shinobi Retsuden III,DS,2009,Action,0
Guild Wars Trilogy,PC,2005,Role-Playing,0
SPRay,Wii,2008,Action,0.04
Outlaw Tennis,XB,2005,Sports,0.03
Ore no Imouto ga Konna ni Kawaii Wake ga Nai Happy EnD,PS3,2013,Simulation,0
Saint Seiya: Soldiers' Soul,PS3,2015,Fighting,0
Nike+ Kinect Training,X360,2012,Sports,0.02
No Rules: Get Phat,GBA,2001,Action,0.03
Star Ocean 5: Integrity and Faithlessness,PS3,2016,Role-Playing,0
Brothers: A Tale of Two Sons,XOne,2015,Adventure,0.03
NHL Legacy,PS3,2015,Action,0.03
Battle Rage,Wii,2008,Shooter,0.04
Attack of the Movies 3D,X360,2010,Shooter,0.04
The History Channel: Great Battles - Medieval,PS3,,Strategy,0
Igor: The Game,DS,2008,Adventure,0.04
Zombi Daisuki,DS,2011,Action,0
Doraemon: Shin Nobita no Daimakyou Peko to 5-nin no Tankenta,3DS,2014,Action,0
"Negima!? Chou Mahora Taisen Kattoiin, Keiyaku Shikkou Dechai masuu",DS,2006,Adventure,0
Sea Monsters: A Prehistoric Adventure,Wii,2007,Adventure,0.04
Get Up and Dance,PS3,2011,Misc,0.03
Secret Files: Tunguska,PC,2006,Adventure,0
The Monkey King: The Legend Begins,Wii,2007,Shooter,0.04
The Invincible Iron Man,GBA,2002,Action,0.03
NASCAR 07,XB,2006,Racing,0.03
Dance Dance Revolution Disney Mix,PS,2000,Simulation,0.02
Casual Mania!,DS,2010,Puzzle,0.04
Maken Shao: Demon Sword,PS2,2001,Action,0
Scaler,XB,2004,Platform,0.03
Super Robot Taisen OG Infinite Battle,PS3,2013,Fighting,0
BeatMania IIDX 16: Empress + Premium Best,PS2,2009,Simulation,0
Emergency Room: Real Life Rescues,DS,2009,Simulation,0.04
FIFA Soccer 2003 (weekly jp sales),PS2,2002,Sports,0
High Heat Baseball 2002,PS,2001,Sports,0.02
Nitroplus Blasterz: Heroines Infinite Duel,PS4,2015,Fighting,0.01
Puyo Pop Fever,PSP,2004,Puzzle,0
Thrillville: Off the Rails,DS,2007,Strategy,0.03
Hana to Ikimo no Rittai Zukan,3DS,2011,Misc,0
Bloody Roar Extreme,XB,2003,Fighting,0.03
Clockwork Empires,PC,,Strategy,0
Split/Second,PC,2010,Racing,0
Tennis Masters Series 2003,XB,2002,Sports,0.03
Resident Evil 6,PC,2012,Shooter,0
Amagami,PSV,2014,Adventure,0
Dead Head Fred,PSP,2007,Action,0.04
MLB SlugFest 20-04,GC,2003,Sports,0.03
Pocket Pool,PSP,2007,Action,0.04
Jissen Pachislot Hisshouhou! Hokuto no Ken DS,DS,2005,Misc,0
Lise no Atelier: Ordre no Renkinjutsushi,DS,2007,Role-Playing,0
Myth Makers: Trixie in Toyland,Wii,2008,Platform,0.04
Arcana Heart 3,PSV,2014,Fighting,0.02
Torino 2006,XB,2006,Sports,0.03
Amnesia,PSP,2011,Adventure,0
Tabi no Yubisashi Kaiwachou DS: DS Series 5 Deutsch,DS,2006,Misc,0
Metal Slug 4 & 5,XB,2005,Shooter,0.03
Great Battle Full Blast,PSP,2012,Action,0
Ride to Hell,PS3,2013,Racing,0.02
Need for Speed: ProStreet,PC,2007,Racing,0
Digimon Rumble Arena 2,GC,2004,Fighting,0.03
NCIS,PC,2011,Adventure,0.01
Doki Doki! PreCure Narikiri Life!,3DS,2013,Action,0
Gravity Falls: Legend of the Gnome Gemulets,3DS,2015,Action,0.03
Rodea the Sky Soldier,3DS,2015,Action,0.03
Major League Baseball 2K12,PC,2012,Sports,0.04
Watashi no Relaxuma,DS,2007,Simulation,0
Phantom Kingdom Portable,PSP,2011,Role-Playing,0
Pac-Man World Rally,PSP,2006,Racing,0.04
Way of the Samurai 2 Portable,PSP,2009,Action,0
Challenge Me: Maths Workout,DS,2009,Puzzle,0.04
Code Geass: Hangyaku no Lelouch R2 - Banjou no Geass Gekijou,DS,2008,Misc,0
Hellboy: The Science of Evil,PSP,2008,Action,0.04
Mortimer Beckett and the Secrets of Spooky Manor,Wii,2008,Puzzle,0.04
Little Busters! Converted Edition,PSP,2010,Adventure,0
Unison: Rebels of Rhythm & Dance,PS2,2000,Misc,0.02
Tennis no Oji-Sama: DokiDoki Survival - Umibe no Secret,PS2,2007,Sports,0
WTF: Work Time Fun,PSP,2005,Puzzle,0.04
The Sims Deluxe,PC,2002,Simulation,0.01
Fashion Week Jr. Designer,DS,2009,Simulation,0.04
B.L.U.E.: Legend of Water,PS,,Adventure,0
Dark Half,SNES,1996,Role-Playing,0
Horses 3D,3DS,2012,Misc,0.04
LEGO Indiana Jones: The Original Adventures,PC,2008,Action,0.02
Bullet Girls 2,PSV,2016,Action,0
The Sims 2: Pets,PC,2006,Simulation,0.01
Deadliest Warrior: Ancient Combat,X360,2012,Fighting,0.04
Zoo Quest: Puzzle Fun!,DS,2008,Puzzle,0.04
Civilization Beyond Earth: Rising Tide,PC,2015,Strategy,0
Hayate no Gotoku! Ojousama Produce Daisakusen Boku Iro ni Somare! Gakkou-Hen,DS,2008,Simulation,0
Nobunaga's Ambition: Sphere of Influence - Sengoku Risshiden,PSV,2016,Misc,0
Shukufuku no Campanella Portable,PSP,2010,Adventure,0
The Kore Gang,Wii,2010,Platform,0.04
National Geographic Challenge!,PS3,2011,Misc,0.01
Duke Nukem Trilogy: Critical Mass,DS,2011,Shooter,0.04
Beastly Frantic Foto,DS,2011,Puzzle,0.04
Chaos;Head - Love Chu*Chu!,PSP,2011,Adventure,0
Yourself Fitness,PS2,2005,Sports,0.02
Rugby Challenge 3,PS4,2016,Sports,0
Dungeon Raiders,DS,2009,Role-Playing,0.04
Romance of the Three Kingdoms 13,PS3,2015,Action,0
Blood Bowl,PC,2009,Sports,0.02
Port Royale 2,PC,2004,Strategy,0
Star Trek: Shattered Universe,XB,2004,Simulation,0.03
Company of Heroes: Tales of Valor,PC,2009,Strategy,0
12Riven: The Psi-Climinal of Integral,PS2,2008,Adventure,0
Battle Spirits: Digital Starter,DS,2010,Role-Playing,0
Farm Frenzy 3,PC,2009,Strategy,0
Guilty Gear XX Accent Core,Wii,2007,Fighting,0.03
Lionel Trains: On Track,DS,2006,Action,0.04
WarJetz,PS2,2001,Shooter,0.02
Breeding Stud 2,PS,1998,Sports,0
Banushi Life Game: Winner's Circle,DS,2007,Sports,0
Stellaris,PC,2016,Strategy,0
Gakuen Hetalia Portable,PSP,2011,Adventure,0
Catwoman,GBA,2004,Action,0.03
Devil May Cry 4,PC,2008,Action,0.01
Chibi Maruko-Chan DS: Maru-Chan no Machi,DS,2009,Puzzle,0
Capcom Fighting Evolution,XB,2005,Fighting,0.03
Gray Matter,X360,2011,Adventure,0
Call of Duty: Modern Warfare Trilogy,X360,2016,Shooter,0.02
Riding Stables: The Whitakers present Milton and Friends,3DS,2011,Sports,0
World Poker Tour,PSP,2006,Misc,0.04
Barnyard,Wii,2006,Action,0.04
Paws & Claws: Regal Resort,DS,2010,Simulation,0.04
Mazes of Fate DS,DS,2008,Role-Playing,0.04
Novastorm,PS,1995,Shooter,0.02
Shiren the Wanderer 4 - God's Eye and the Demon's Navel,PSP,2012,Role-Playing,0
PopCap Arcade Vol 1,X360,2007,Puzzle,0.04
Test Drive: Ferrari Legends,PS3,2012,Racing,0.04
Heroes of Might and Magic V,PC,2006,Strategy,0
Dead Ball Zone,PS,1998,Sports,0.02
NBA in the Zone 2000,N64,2000,Sports,0.04
Winning Post World 2010,PS3,2010,Sports,0
NBA In The Zone '99,N64,1998,Sports,0.04
Do-Konjou Shougakussei: Bon Bita - Hadaka no Choujou Ketsusen!! Bita vs. Dokuro Dei!,DS,2010,Action,0
World Series Baseball,SAT,1994,Sports,0
Haunted Casino,SAT,1996,Adventure,0
Metal Gear Solid: Digital Graphic Novel,PSP,2006,Misc,0.02
Ou to Maou to 7-nin no Himegimitachi: Shin Ousama Monogatari,PSV,2012,Action,0
Aeon Flux,PS2,2005,Action,0.02
MLB 2K12 / NBA 2K12 Combo Pack,X360,2012,Sports,0.04
Age of Mythology: The Titans,PC,2003,Strategy,0.02
Chicken Blaster,DS,2009,Shooter,0.04
S.Y.K Renshouden Portable,PSP,2011,Adventure,0
Psycho-Pass: Mandatory Happiness,PS4,2016,Adventure,0.03
Arctic Tale,Wii,2007,Adventure,0.04
Virtua Tennis 4,PC,2011,Sports,0
Metal Max Returns,SNES,1995,Role-Playing,0
Shattered Union,XB,2005,Strategy,0.03
GRID,PC,,Racing,0
Monster High: New Ghoul in School,PS3,2015,Action,0
Hanaoni: Yume no Tsudzuki,PSP,2012,Action,0
Mat Hoffman's Pro BMX 2,GC,2002,Sports,0.03
Deadliest Warrior: Ancient Combat,PS3,2012,Fighting,0.04
Unchained Blades ,3DS,2011,Role-Playing,0
Terraria,XOne,2014,Action,0
Dolly Kanon Dokidoki Tokimeki Himitsu no Ongaku Katsudou Start Desu!!,3DS,2014,Adventure,0
Company of Heroes: Opposing Fronts,PC,2007,Strategy,0.01
Gal*Gun,X360,2011,Shooter,0
Black & White,PC,2001,Strategy,0
NHL Hitz Pro,GC,,Sports,0.03
Ookami Kakushi,PSP,2009,Action,0
 Haikyu!! Cross Team Match!,3DS,2016,Adventure,0
Gormiti: The Lords of Nature!,Wii,2010,Adventure,0.03
North American Hunting Extravaganza 2,Wii,2010,Sports,0.03
Zen-Nippon GT Senshuken,SNES,1995,Racing,0
Monaco Grand Prix,N64,1999,Racing,0.03
Worms Armageddon,N64,1999,Strategy,0.03
Rally Challenge 2000,N64,1999,Racing,0.03
Looney Tunes Duck Dodgers Starring: Daffy Duck,N64,2000,Platform,0.03
PD Ultraman Battle Collection 64,N64,1999,Strategy,0
Deadly Arts,N64,1998,Fighting,0.03
Superman: Countdown to Apokolips,GBA,2003,Platform,0.03
Sengoku Musou 3 Z Special,PSP,2012,Action,0
Kikou Heidan J-Phoenix 2,PS2,2003,Action,0
Ben 10 Galactic Racing,PSV,2012,Racing,0.02
Dragon's Lair 3D: Return to the Lair,GC,2002,Platform,0.03
Harukanaru Toki no Naka de 5,PSP,2011,Role-Playing,0
Worms 4: Mayhem,XB,2005,Strategy,0.03
Winning Post 7 2012,PSP,2012,Sports,0
Rise of Nations,PC,2003,Strategy,0.01
Who Wants to Be a Millionaire: 3rd Edition,DS,2010,Misc,0.04
Point Blank 2,PS,1998,Shooter,0.02
Saru! Get You! Pipo Saru Senki,PSP,2009,Role-Playing,0
Men of War: Vietnam,PC,2011,Strategy,0
J.League Pro Soccer Club o Tsukurou! 8 Euro Plus,PSP,2013,Sports,0
Imperial Glory,PC,2005,Strategy,0
Imabikisou,PS3,2007,Adventure,0
Hakuouki: Reimeiroku Portable,PSP,2011,Adventure,0
Sega Ages 2500 Series Vol. 33: Fantasy Zone Complete Collection,PS2,2008,Shooter,0
Antz Extreme Racing,PS2,2002,Racing,0.02
Motto TOEIC Test DS Training,DS,2008,Misc,0
Super Robot Gakuen,DS,2009,Adventure,0
Atelier Iris 3: Grand Phantasm (JP Sales),PS2,2006,Role-Playing,0
Ape Escape,PS3,2010,Platform,0
Jojo's Fashion Show: Design in a Dash!,DS,2009,Simulation,0.04
Mike Tyson Boxing,GBA,2002,Sports,0.03
The Legend of Heroes: Trails in the Sky First Chapter,PS3,2012,Role-Playing,0
Go Diego Go!: Safari Rescue,PS2,2008,Action,0.02
System 3 presents Ferrari Challenge Trofeo Pirelli,DS,2008,Racing,0.03
Samurai Warriors 2: Empires,X360,2007,Action,0.03
Metal Slug XX,PSP,2009,Shooter,0.03
Clannad,PS2,2006,Adventure,0
Patrician IV,PC,2010,Strategy,0.03
Katekyoo Hitman Reborn! Battle Arena 2 - Spirits Burst,PSP,2009,Fighting,0
Fisherman's Challenge,PS2,2003,Sports,0.02
Mission: Impossible - Operation Surma,GBA,2003,Platform,0.03
Akko ni Omakase! Brain Shock,DS,2006,Misc,0
Platinum Sudoku,DS,2007,Puzzle,0.03
Resident Evil: Revelations,PC,2013,Action,0
King of Fighters: Maximum Impact Regulation A,PS2,2007,Fighting,0
Date A Live: Rine Utopia,PS3,2013,Adventure,0
Durarara!! 3way Standoff: Alley,PSP,2011,Adventure,0
Gummy Bears Mini Golf,Wii,2010,Sports,0.04
The Da Vinci Code,XB,2006,Action,0.03
Monster Band,DS,2008,Misc,0.04
Famicom Mini: Clu Clu Land,GBA,2004,Puzzle,0
Super Black Bass Fishing,DS,2005,Sports,0.04
Sacred Blaze,PS2,2009,Strategy,0
Painkiller: Hell & Damnation,PS3,2013,Shooter,0.02
Rollin' Rascals,DS,2009,Puzzle,0.04
Haneru no Tobira DS: Tanshuku Tetsudou no Yoru,DS,2007,Misc,0
Pure Pinball,XB,2004,Misc,0.03
Thoroughbred Breeder II Plus,PS,1995,Simulation,0
Hanaoni: Koisomeru Koku - Eikyuu no Shirushi,PSP,2011,Adventure,0
Zac to Ombra: Maboroshi no Yuuenchi,DS,2010,Adventure,0
Shadow of the Colossus,PS3,2011,Action,0
Phantom Breaker,X360,2011,Fighting,0.02
Daikaijuu Battle: Ultra Coliseum DX - Ultra Senshi Daishuuketsu,Wii,2010,Fighting,0
BlazBlue: Chrono Phantasma Extend,PS3,2015,Action,0
Valhalla Knights 2: Battle Stance,PSP,2009,Role-Playing,0
Yuki Yuna is a Hero: Memory of the Forest,PSV,2015,Action,0
99 no Namida,DS,2008,Adventure,0
Cyber Troopers Virtual-On Marz,PS2,2003,Fighting,0.02
Ookami to Koushinryou: Boku to Horo no Ichinen,DS,2008,Adventure,0
Clannad,PSP,2008,Adventure,0
Headhunter: Redemption,PS2,2004,Action,0.02
Stuntman,GBA,2003,Racing,0.03
The Chase: Felix Meets Felicity,DS,2009,Action,0.04
Time Travelers,3DS,2012,Adventure,0
WSC Real 11: World Snooker Championship,X360,2011,Sports,0
Dead Rising,PS4,2016,Action,0.02
Luxor: Pharaoh's Challenge,Wii,,Puzzle,0.01
Grand Theft Auto: Vice City,PC,2003,Action,0
Doraemon: Shin Nobita no Nihon Tanjou,3DS,2016,Misc,0
Syndicate Wars,PS,1997,Strategy,0.02
Sonic PC Collection,PC,2009,Misc,0
Surf's Up,PS3,2007,Sports,0.03
DuckTales: Remastered,X360,2013,Action,0.03
Draglade (JP sales),DS,2007,Fighting,0
Herc's Adventures,PS,1997,Action,0.02
Tiger Woods PGA Tour Golf,GBA,2002,Sports,0.03
SWAT: Target Liberty,PSP,2007,Shooter,0.03
Twin Strike: Operation Thunder,Wii,2008,Shooter,0.04
CSI: Fatal Conspiracy,PC,2010,Adventure,0
Bomberman: Act Zero,X360,2006,Puzzle,0.04
All Points Bulletin,PC,2010,Role-Playing,0
Empire Earth III,PC,2007,Strategy,0
Astro Boy: The Video Game,PSP,2009,Action,0.04
The Sims 4: Spa Day,PC,2015,Simulation,0
Hannspree Ten Kate Honda: SBK Superbike World Championship,PSP,2007,Racing,0.03
Game of Thrones (Telltale),PS3,2015,Adventure,0.02
Resident Evil: Operation Raccoon City,PC,2012,Action,0
Hyperdimension Neptunia Victory II,PS4,2015,Role-Playing,0
Free Running,Wii,2009,Sports,0.02
Tsurugi no Machi no Ihoujin: Kuro no Kyuuden,PSV,2015,Role-Playing,0
Dreamfall: The Longest Journey,XB,2006,Adventure,0.03
Tokimeki Mahjong Paradise: Koi no Tenpai Beat,SAT,1995,Misc,0
Blue Roses: Yousei to Aoi Hitomi no Senshitachi,PSP,2010,Adventure,0
Kidou Gekidan Haro Ichiza Gundam Mahjong DS: Oyaji nimo Agarareta koto nai noni!,DS,2005,Misc,0
Zatch Bell! Mamodo Fury,GC,2005,Fighting,0.03
JASF: Jane's Advanced Strike Fighters,PC,2011,Simulation,0.02
SpongeBob: HeroPants,3DS,2015,Platform,0.03
Dora's Big Birthday Adventure,PS2,2010,Misc,0.02
PopStar Guitar,PS2,2008,Misc,0.02
NHL Blades of Steel 2000,PS,1999,Sports,0.02
Outlaw Volleyball Remixed,PS2,2004,Sports,0.02
Corpse Party: Blood Covered - Repeated Fear,3DS,2015,Adventure,0
The Adventures of Darwin,PS2,2006,Strategy,0.01
Berserk and the Band of the Hawk,PS4,2016,Action,0
Just Sing! Vol. 2,DS,2011,Misc,0
Klonoa Heroes: Densetsu no Star Medal,GBA,2002,Role-Playing,0
Pajama Sam: You are What You Eat From Your Head to Your Feet,PS,2001,Adventure,0.02
Metal Gear Solid V: The Definitive Experience,PS4,2016,Action,0.01
Jewel Quest Mysteries 2: Trail of the Midnight Heart,DS,2011,Puzzle,0
Brothers In Arms DS,DS,2007,Shooter,0.03
Gal Gun: Double Peace,PSV,2015,Action,0
Warhammer: Dark Omen,PS,1998,Strategy,0.02
Denki Blocks!,GBA,2001,Puzzle,0.03
Mobile Suit Gundam: Mokuba no Kiseki,PSP,2012,Action,0
Off-Road Drive,PC,2011,Racing,0
A Ressha de Ikou DS,DS,2009,Simulation,0
Harukanaru Toki no Naka de 4: Aizouban,PSP,2010,Role-Playing,0
Ballistic,PS,1999,Puzzle,0.02
Colin McRae Rally 3,XB,2002,Racing,0.03
City Builder,Wii,2010,Misc,0.04
Don Bradman Cricket 14,XOne,2015,Sports,0
Sega Rally 2006,PS2,,Racing,0
TMNT,DS,2007,Action,0.03
Gundam Battle Online,DC,2001,Action,0
Shonen Jump's One Piece: Grand Adventure,GC,2006,Fighting,0.03
NatGeo Challenge! Wild Life,Wii,2010,Misc,0.03
Holly Hobbie & Friends,DS,2007,Misc,0.04
Stolen,PS2,2005,Action,0.02
Glacier2,Wii,2009,Racing,0.04
Gitaroo Man Lives!,PSP,2006,Misc,0.03
Stoked: Big Air Edition,X360,2009,Sports,0.02
Heathcliff! Frantic Foto,DS,2010,Misc,0.04
Memories Off 6: T-Wave,PS2,2008,Adventure,0
LEGO Jurassic World,PC,2015,Action,0
Pro Race Driver,XB,2003,Racing,0.03
Famicom Remix Best Choice,3DS,2015,Action,0
Ide Yosuke no Mahjong Kazoku,PS,1995,Misc,0
Jig-A-Pix: Pets,DS,2009,Puzzle,0.03
R-Type Command (correct US sales),PSP,2007,Strategy,0.04
Quiz Mobile Gundam: Toi Senshi DX,PSP,2006,Puzzle,0
E.T. The Extra-Terrestrial: Interplanetary Mission,PS,2001,Platform,0.02
Story Hour: Fairy Tales,Wii,2008,Adventure,0.04
The Movies,PC,2005,Simulation,0.01
Countdown Vampires,PS,1999,Adventure,0.02
Dynasty Warriors Vol. 2 (JP sales),PSP,2006,Action,0
Crypt Killer,PS,1997,Shooter,0.02
Tokumei Sentai Go-Busters,DS,2012,Action,0
Dramatic Soccer Game: Nippon Daihyou Senshu Ninarou!,PS2,2002,Sports,0
The Idolm@ster: Must Songs - Red Board / Blue Board,PSV,2015,Misc,0
FIFA World Cup Germany 2006,DS,2006,Sports,0.03
Train Simulator 2016,PC,2015,Simulation,0
PO'ed,PS,1996,Shooter,0.02
Battle Hunter,PS,1999,Strategy,0.02
Wicked Monster Blast!,Wii,2011,Shooter,0.03
Adidas Power Soccer,PS,1996,Sports,0.02
Supreme Commander: Forged Alliance,PC,2007,Strategy,0.01
Darklight Conflict,PS,1997,Simulation,0.02
Shin Hayarigami,PS3,2014,Adventure,0
Warriors Orochi 3,XOne,2014,Action,0.01
Dragon Ball: Advanced Adventure,GBA,2004,Action,0.03
Art of Fighting 3: The Path of the Warrior,NG,1996,Fighting,0
I'm A Celebrity: Get Me Out of Here!,DS,2009,Misc,0
The Ripping Friends,GBA,2002,Action,0.03
Konami Arcade Classics,PS,1999,Misc,0.02
Hunter x Hunter: Wonder Adventure,PSP,2012,Action,0
Lost Planet 3,PC,2013,Shooter,0
Super Army War,GBA,2005,Action,0.03
Ao no Exorcist: Genkoku no Labyrinth,PSP,2012,Action,0
Echo Night Beyond,PS2,2004,Adventure,0.02
Meteos: Disney Magic,DS,2007,Puzzle,0.01
Minna no Chizu,PSP,2006,Misc,0
Doom II: Hell on Earth,GBA,2002,Shooter,0.03
Taikou Risshiden V,PSP,2009,Strategy,0
Jikkyou Powerful Major League,GC,2006,Sports,0
NASCAR Heat Evolution,XOne,2016,Racing,0.03
Suzumiya Haruhi no Tsuisou,PSP,2011,Adventure,0
Beyblade Evolution,3DS,2013,Action,0.02
Ar Nosurge: Ode to an Unborn Star,PSV,2014,Role-Playing,0
Evolution Skateboarding,GC,2002,Sports,0.03
Castlevania: Lords of Shadow 2,PC,2014,Action,0.01
Greg Hastings' Tournament Paintball Max'd,DS,2006,Shooter,0.03
Jikkyou World Soccer 2002,PS2,2002,Sports,0
Sleepover Party,Wii,2009,Misc,0.03
Halo: Combat Evolved,PC,2003,Shooter,0.02
Tenshou Gakuen Gekkouroku,PS2,2006,Adventure,0
Exist Archive: The Other Side of the Sky,PS4,2015,Role-Playing,0.01
Ski-Doo Snowmobile Challenge,X360,2009,Racing,0.03
Little Red Riding Hood's Zombie BBQ,DS,2008,Shooter,0.03
Aquanaut's Holiday: Kakusareta Kiroku,PS3,2008,Adventure,0
Ragnarok Odyssey,PS3,2014,Role-Playing,0.03
Texas Hold 'Em Poker DS,DS,2005,Misc,0.03
Big Mutha Truckers,GBA,2005,Racing,0.03
Magical Starsign (JP sales),DS,2006,Role-Playing,0
Assassin's Creed Chronicles: China,PS4,2015,Action,0
DT Carnage,PSP,2009,Racing,0.03
Worms: Ultimate Mayhem,PC,2011,Strategy,0
Rugby 08,PS2,2007,Sports,0.02
GoPets: Vacation Island,DS,2008,Simulation,0.03
Pia Carrot e Youkoso!! 2.5,DC,2008,Adventure,0
Caesar IV,PC,2006,Strategy,0
Sherlock Holmes: Secret of The Silver Earring,Wii,2010,Adventure,0
Ferrari Challenge Trofeo Pirelli,PS3,2008,Racing,0
Cy Girls,PS2,2004,Action,0.02
Ray Gigant,PSV,2015,Role-Playing,0
APB Reloaded,PC,2011,Role-Playing,0.02
The Sum of All Fears,GBA,2002,Shooter,0.03
Da Capo I & II Plus Situation Portable,PSP,2010,Adventure,0
Winning Post 8 ,PSV,2014,Racing,0
Hisshou Pachinko*Pachi-Slot Kouryaku Series DS Vol. 5: Shinseiki Evangelion - Tamashii no Kiseki,DS,2010,Misc,0
Bubble Bobble Double Shot,DS,2007,Puzzle,0.03
Bionicle Heroes,Wii,2007,Shooter,0.03
Harry Potter and the Order of the Phoenix,PC,2007,Action,0
Minority Report: Everybody Runs,GBA,2002,Action,0.03
Monster Hunter Frontier Online: Season 9.0,X360,2010,Role-Playing,0
C.O.R.E.,DS,2009,Shooter,0.03
Garfield: The Search for Pooky,GBA,2003,Platform,0.03
Galaxy Fight,SAT,1994,Fighting,0
Super Hero Generation,PSV,2014,Role-Playing,0
Chaos Wars,PS2,2006,Strategy,0
Steambot Chronicles,PS2,2005,Role-Playing,0.02
Mr. Driller,PS,1999,Puzzle,0.02
Toki no Kizuna: Sekigahara Kitan,PSP,2012,Action,0
Norn9: Norn + Nonette,PSP,2013,Adventure,0
Simple DS Series Vol. 15: The Kanshikikan 2 - Aratanaru 8-tsu no Jiken wo Touch seyo,DS,2007,Adventure,0
Gumby vs. the Astrobots,GBA,2005,Action,0.03
Hisshou Pachinko*Pachi-Slot Kouryaku Series Vol. 13: Shinseiki Evangelion - Yakusoku no Toki,PS2,2008,Misc,0
Scaler,GC,2004,Platform,0.03
Summer Challenge: Athletics Tournament,PS3,2011,Sports,0
Chaos;Head Noah,X360,2009,Adventure,0
Scarface: The World is Yours,PC,2006,Action,0.01
Tears to Tiara Anecdotes: The Secret of Avalon,PS3,2009,Strategy,0
Legasista,PS3,2012,Role-Playing,0
Fatal Fury: Battle Archives Volume 1,PS2,2006,Fighting,0.02
Logic Machines,DS,2009,Puzzle,0.03
Harry Potter and the Prisoner of Azkaban,PC,2004,Action,0
Nobunaga's Ambition II,3DS,2015,Strategy,0
Harukanaru Toki no Naka de 3: Unmei no Meikyuu Aizouban,PSP,2009,Adventure,0
OutRun 2006: Coast 2 Coast,PSP,2006,Racing,0.03
Nobunaga's Ambition: Sphere of Influence - Sengoku Risshiden,PS3,2016,Misc,0
Rhapsody: A Musical Adventure,PS,1998,Role-Playing,0.02
Fading Shadows,PSP,2008,Puzzle,0.03
Music Maker: Rockstar,PS2,2009,Misc,0.02
Smashing Drive,XB,2002,Racing,0.03
"Minna de Jibun no Setsumeisho: B-Kata, A-Kata, AB-Kata, O-Kata",DS,2008,Misc,0
Without Warning,PS2,2005,Shooter,0.02
Formula 1 06,PS2,2006,Racing,0
Fighting Vipers 2,DC,2000,Fighting,0
Teenage Mutant Ninja Turtles 3: Mutant Nightmare,XB,2005,Action,0.03
Richard Burns Rally,PC,2004,Racing,0
Napoleon Dynamite: The Game,PSP,2007,Puzzle,0.03
Beatdown: Fists of Vengeance,XB,2005,Action,0.03
Saints Row 2,PC,2009,Action,0
Enchanted Arms (JP sales),PS3,2007,Role-Playing,0
Trine 2,PC,2011,Platform,0
Monster Force,GBA,2002,Shooter,0.03
Onsei Kanjou Sokuteiki: Kokoro Scan,DS,2007,Misc,0
Sid Meier's Railroads!,PC,2006,Simulation,0.01
Clock Zero: Shuuen no Ichibyou Portable,PSP,2011,Adventure,0
Trick x Logic: Season 2,PSP,2010,Adventure,0
San Goku Shi DS 3,DS,2010,Strategy,0
Hakuouki: Zuisouroku,PS2,2009,Adventure,0
World Championship Pool 2004,XB,2003,Sports,0.03
Derby Tsuku 5: Derby Uma o Tsukurou!,PS2,2006,Sports,0
Jikkyou Powerful Major League 2009,Wii,2009,Sports,0
Teenage Zombies: Invasion of the Alien Brain Thingys,DS,2008,Adventure,0.03
SD Gundam Force: Showdown!,PS2,2004,Shooter,0.02
The Treasures of Montezuma,DS,2010,Puzzle,0.02
Negima!? 3-Jikanme ~Koi to Mahou to Sekaiju Densetsu~,PS2,2006,Adventure,0
Flow: Urban Dance Uprising,PS2,2005,Misc,0.02
Ailu de Puzzle,PSP,2012,Action,0
Real Soccer 2008,DS,2007,Sports,0.03
Transport Fever,PC,2016,Simulation,0
True Pinball,PS,1996,Misc,0.02
Homefront: The Revolution,PC,2016,Shooter,0.01
Stadium Games,GBA,2003,Sports,0.03
RLH: Run Like Hell,XB,2003,Shooter,0.03
Power Play Pool,DS,2006,Sports,0.03
J-League Pro Striker 2,GEN,1994,Sports,0
Obscure,XB,2004,Adventure,0.03
Mahjong Taikai,DS,2004,Misc,0
Super Robot Taisen: Scramble Commander the 2nd,PS2,2007,Strategy,0
Just Dance 2017,XOne,2016,Misc,0.03
Just Dance 2017,X360,2016,Misc,0.02
Stranger of Sword City,PSV,2015,Role-Playing,0.02
Jane's Hotel,DS,2010,Simulation,0.03
Espgaluda II Black Label,X360,2010,Shooter,0
Hot Potato!,GBA,2001,Action,0.03
The Croods: Prehistoric Party!,3DS,2013,Misc,0.01
World of Goo,PC,2008,Puzzle,0
Kiniro no Corda 2 f,PSP,2009,Role-Playing,0
Pro Evolution Soccer 2017,X360,2016,Sports,0.01
World in Conflict: Complete Edition,PC,2009,Strategy,0
Deception III: Dark Delusion,PS,1999,Role-Playing,0.02
Ultimate Game Room,DS,2009,Misc,0.03
Warhammer: The End Times - Vermintide,PS4,2016,Action,0.01
DoraMoji: Nobita no Kanji Daisakusen,3DS,2015,Misc,0
Secret Files 2: Puritas Cordis,PC,2009,Adventure,0
Half-Minute Hero 2,PSP,,Role-Playing,0
Cook Wars,Wii,2009,Misc,0.03
Monster Kingdom: Jewel Summoner,PSP,2006,Role-Playing,0
Railroad Tycoon 3,PC,2003,Strategy,0
Kuroshitsuji: Phantom & Ghost,DS,2009,Action,0
Zoo Hospital,DS,2007,Simulation,0.03
Fushigi no Dungeon: Fuurai no Shiren 5 - Fortune Tower to Unmei no Dice,DS,2010,Role-Playing,0
Macross ? Scramble,PSV,2016,Action,0
Sudoku Ball Detective,Wii,2009,Puzzle,0.02
The Ant Bully,GBA,2006,Platform,0.03
Shin Koihime Musou: Otome Ryouran * Sangokushi Engi - Shu-Hen,PSP,2010,Adventure,0
Sega Arcade Gallery,GBA,2003,Misc,0.03
Tao Adventure: Curse Demon,DS,2005,Role-Playing,0.03
"My World, My Way (US sales)",DS,2008,Role-Playing,0.04
S.T.A.L.K.E.R.: Clear Sky,PC,2008,Shooter,0
Black Stone: Magic & Steel,XB,2003,Role-Playing,0.03
NHRA Drag Racing: Countdown to the Championship,PS2,2007,Racing,0.02
Sins of a Solar Empire: Trinity,PC,2010,Strategy,0
Bratz Kidz,DS,2008,Misc,0.03
Harukanaru Toki no Naka de: Maihitoyo,PS2,2006,Adventure,0
Painkiller: Hell Wars,XB,2006,Shooter,0.03
Housekeeping,DS,,Action,0
My Hero Academia: Battle for All,3DS,2016,Action,0
FunkMaster Flex's Digital Hitz Factory,PS2,2003,Misc,0.02
Double Value!: ATV Thunder Ridge Riders / Monster Trucks Mayhem,DS,2007,Racing,0.03
Greg Hastings Paintball 2,PS3,2010,Shooter,0.03
Sangoku Koi Senki: Otome no Heihou!,PSP,2012,Adventure,0
Castlevania Bloodlines,GEN,1994,Platform,0
Hakuouki: Zuisouroku DS,DS,2011,Adventure,0
Detective Conan: Prelude from the Past,PSP,2012,Action,0
100 Classic Games,DS,2011,Misc,0
Luminous Arc 3,DS,2009,Role-Playing,0
Adventure Time: Explore the Dungeon Because I Don't Know!,WiiU,2013,Action,0.02
World in Conflict,PC,2007,Strategy,0
XBLAZE Code: Embryo,PS3,2013,Adventure,0.02
The Legend of Heroes: Trails in the Sky SC Evolution,PSV,2015,Role-Playing,0
Major League Baseball 2K8,PSP,,Sports,0.03
FabStyle,3DS,2011,Strategy,0
Rebel Raiders: Operation Nighthawk,PS2,2006,Simulation,0.02
Astrology DS,DS,2009,Misc,0.03
Zenkoku Dekotora Matsuri,Wii,2008,Racing,0
Cooking Mama: My Sweets Shop,3DS,2014,Simulation,0
Super Battle For Money Sentouchuu: Kyuukyoku no Shinobu to Battle Player Choujou Kessen!,3DS,2016,Action,0
Alienators: Evolution Continues,GBA,2001,Action,0.03
Onechanbara Z Kagura,PS3,2013,Action,0
Dead or Alive Xtreme 3: Venus,PSV,2016,Sports,0
Gekiatsu!! Pachi Game Tamashi: CR Evangelion - Hajimari no Fukuin,PS3,2010,Misc,0
Pro Cycling Manager 2016,PC,2016,Sports,0
Pirates: Duels on the High Seas,DS,2008,Action,0.03
MX World Tour Featuring Jamie Little,XB,2005,Racing,0.03
PriPara Mezameyo! Megami no Dress Design,3DS,2016,Action,0
Tomb Raider: Anniversary,PC,2007,Action,0
Sengoku Basara: Sanada Yukimura-Den,PS4,2016,Action,0
Marines: Modern Urban Combat,Wii,2010,Shooter,0.03
Infamous: First Light,PS4,2014,Action,0
The Idolmaster: Gravure For You! Vol. 4,PS3,2012,Misc,0
Puyo Pop Fever(us sales),DS,2004,Puzzle,0.03
Tour de France 2014,PS4,2014,Sports,0
RedCard 20-03,XB,2002,Sports,0.03
Katekyoo Hitman Reborn! DS: Fate of Heat II - Unmei no Futari,DS,2009,Role-Playing,0
Deal or No Deal: Special Edition,DS,2010,Misc,0.03
Puyo Puyo 7,PSP,2009,Puzzle,0
Asterix & Obelix: Kick Buttix,PS2,2004,Action,0.02
Radiant Silvergun,SAT,1998,Shooter,0
The Night of the Rabbit,PC,2013,Adventure,0
Bounty Hounds,PSP,2006,Action,0.03
Care Bears - Care Quest,GBA,2005,Action,0.02
Burnout Paradise: The Ultimate Box,X360,2009,Racing,0
Even in a Game Listen to Me Girls. I Am Your Father!,PSP,2012,Action,0
Tokyo Majin Gakuen: Kenfuuchou,DS,2008,Adventure,0
Challenge Me: Word Puzzles,DS,2011,Puzzle,0.03
Boboboubo Boubobo: Ougi 87.5 Bakuretsu Hanage Shinken,GBA,2002,Action,0
NHRA Drag Racing: Countdown to the Championship,PSP,2007,Racing,0.03
Zatch Bell! Electric Arena,GBA,2003,Fighting,0.02
TOCA Race Driver 3,XB,2006,Racing,0.03
A Game of Thrones: Genesis,PC,2011,Strategy,0
Gothic Universe,PC,2007,Role-Playing,0
Daito Giken Premium Pachi-Slot Collection: Yoshimune,PS2,2006,Misc,0
Diabolik Lovers: Dark Fate,PSV,2015,Action,0
Sky Dancers,GBA,2005,Action,0.02
Need for Speed (2015),PC,2016,Racing,0
Silent Scope,GBA,2002,Shooter,0.02
Deer Drive: Legends,3DS,2012,Action,0.03
World Series of Poker: Tournament of Champions 2007 Edition,PS2,2006,Misc,0.02
Yggdra Union: We'll Never Fight Alone,GBA,2006,Role-Playing,0
The Cursed Crusade,PC,2011,Action,0
Hotel Giant 2,PC,2008,Strategy,0
Gakusen Toshi Asterisk Festa: Houka Kenran,PSV,2016,Fighting,0
Gekiatsu!! Pachi Game Tamashi Max: Evangelion 7 x Seimei no Kodou,PS3,2012,Misc,0
Caesar III,PC,1998,Strategy,0
DarkStar One,PC,2006,Simulation,0
Wangan Midnight,PS3,2007,Racing,0
ESPN NBA 2Night 2002,PS2,2002,Sports,0.02
Cabela's Dangerous Hunts 2,GC,2005,Sports,0.03
Kekkaishi: Kokubourou no Kage,Wii,2007,Action,0
"Crouching Tiger, Hidden Dragon",GBA,2003,Action,0.02
Suzumiya Haruhi no Tsuisou,PS3,2011,Adventure,0
Mame Goma: Shiro to Kuro no Meikyuu,3DS,2012,Action,0
Trap Gunner: Countdown to Oblivion,PS,1998,Strategy,0.02
Hitman: Blood Money,PC,2006,Action,0
Simple DS Series Vol. 8: The Kanshikikan - Kinkyuu Shutsudou!! Jiken Genba wo Touch Seyo,DS,2006,Adventure,0
Harukanaru Toki no Naka de Yumenoukihashi Special,PS2,2009,Adventure,0
Duke Nukem 3D: 20th Anniversary World Tour,PS4,2016,Shooter,0.03
Section 8,PC,2009,Shooter,0.02
Tsuyo Kiss: Mighty Heart,PS2,2006,Adventure,0
Sabre Wulf,GBA,,Platform,0.02
Alpha Protocol,PC,2010,Role-Playing,0
Planescape: Torment,PC,1998,Role-Playing,0.01
Gacharoku,PS2,2002,Misc,0
Cake Mania: Baker's Challenge,PSP,2008,Puzzle,0.03
SX Superstar,GC,2003,Racing,0.03
Zoo Vet: Endangered Animals,DS,2008,Simulation,0.03
Paddington: Adventures in London,3DS,2015,Puzzle,0
Driven,GBA,2001,Racing,0.02
Star Wars Jedi Knight: Jedi Academy,PC,2003,Shooter,0
Red Faction II,GC,2003,Shooter,0.03
Langrisser: Re:Incarnation Tensei,3DS,2015,Role-Playing,0.02
Atelier Firis: The Alchemist of the Mysterious Journey,PS4,2016,Role-Playing,0
Original Story from Fairy Tail: Gekitotsu! Kardia Daiseidou,DS,2011,Role-Playing,0
SD Gundam G Generation: Gather Beat 2,WS,2001,Strategy,0
Battle Engine Aquila,PS2,2003,Shooter,0.02
Hello Kitty: Roller Rescue,PC,2005,Action,0
Special Forces: Nemesis Strike,XB,2005,Shooter,0.03
Women's Volleyball Championship,PS2,2007,Sports,0
Jikkyou Powerful Pro Yakyuu Wii Ketteiban,Wii,2007,Sports,0
Rakushou! Pachi-Slot Sengen 5: Rio Paradise,PS2,2007,Misc,0
Crimson Tears,PS2,2004,Role-Playing,0.02
Battle Assault 3 featuring Gundam Seed,PS2,2004,Action,0.02
WRC: FIA World Rally Championship,PSP,2005,Racing,0.02
Hayate no Gotoku! Ojousama Produce Daisakusen Boku Iro ni Somare! Oyashiki-Hen,DS,2008,Simulation,0
Batman Forever: The Arcade Game,PS,1996,Action,0.02
Romance of the Three Kingdoms (3DS),3DS,2013,Strategy,0
Living Legends: Frozen Beauty,PC,2014,Action,0
Cabela's Outdoor Adventures,GC,2005,Sports,0.03
Penguins of Madagascar,WiiU,2014,Action,0.01
Rapala Tournament Fishing!,X360,2006,Sports,0.03
Makai Senki Disgaea 4: Fuuka & Desco-hen Hajime Mashita,PS3,2011,Strategy,0
Backyard NFL Football 2006,GBA,2005,Sports,0.02
Superstars V8 Racing,PS3,2009,Racing,0
,GEN,1993,,0
Detective Conan: Phantom Rhapsody,3DS,2014,Action,0
Mashiro Iro Symphony: *mutsu-no-hana,PSP,2011,Adventure,0
Monster Guardians,GBA,2001,Role-Playing,0
Sunday vs Magazine Shuuketsu! Choujou Daikessen,PSP,2009,Fighting,0
An American Tail: Fievel's Gold Rush,GBA,2002,Platform,0.02
Magna Carta Portable,PSP,2006,Role-Playing,0
Diabolik Lovers: More Blood,PSP,2013,Adventure,0
Swords,Wii,,Fighting,0.03
The Italian Job,GC,2003,Racing,0.03
Super Dodgeball Brawlers (jp sales),DS,2008,Sports,0
Makai Senki Disgaea Portable: Tsuushin Taisen Hajime Mashita,PSP,2007,Role-Playing,0
Crazy Chicken: Star Karts,DS,2008,Racing,0.03
JoJo's Bizarre Adventure: Eyes of Heaven,PS4,2015,Fighting,0
M&Ms Shell Shocked,PS,2001,Action,0.02
K-On! After School Live!! HD Ver.,PS3,2012,Action,0
Metal Gear Solid: The Essential Collection (JP sales),PS2,2007,Adventure,0
Ukiyo no Shishi,PS3,2015,Action,0
3D Baseball,PS,1996,Sports,0.02
Pachitte Chonmage Tatsujin 12: Pachinko Ultraman,PS2,2007,Misc,0
First Queen: Ornic Senki,SNES,1994,Role-Playing,0
Dream C Club Zero,X360,2011,Simulation,0
Shining Stars,DS,2008,Action,0.03
Medabots 9: Metabee / Rokusho,3DS,2015,Role-Playing,0
The Void,PC,2008,Adventure,0
Tail Concerto,PS,1998,Adventure,0.02
Supreme Ruler: Cold War,PC,2011,Strategy,0
Rise of Nations: Rise of Legends,PC,2006,Strategy,0
The Sum of All Fears,GC,2003,Shooter,0.03
James Pond: Codename Robocod,GBA,2005,Platform,0.02
Yumi's Odd Odyssey,3DS,2013,Platform,0
Might & Magic X: Legacy,PC,2014,Role-Playing,0
Night Head: The Labyrinth,PS,1995,Adventure,0
Emma at the Farm,DS,2008,Adventure,0.03
Utawarerumono Portable,PSP,2009,Role-Playing,0
Gaia Saver Hero Saidai no Sakusen,SNES,1994,Role-Playing,0
EverBlue 2,PS2,2002,Adventure,0.02
Kevin Van Dam: Big Bass Challenge,Wii,2010,Sports,0.03
Sacra Terra: Angelic Night,PC,2011,Puzzle,0.01
Higurashi no Naku Koro ni Kizuna: Dai-San-Kan - Rasen,DS,2009,Adventure,0
7 Wonders: Treasures of Seven,DS,2011,Puzzle,0.01
YoKai Watch Dance: Just Dance Special Version,WiiU,2015,Misc,0
Safari Adventures: Africa,Wii,2007,Adventure,0.03
Junior Island Adventure,DS,2011,Puzzle,0.03
Clever Kids: Pirates,DS,2008,Misc,0
Daito Giken Koushiki Pachi-Slot Simulator: Yoshimune Portable,PSP,2006,Misc,0
Yumeiro Patissiere: My Sweets Cooking,DS,2010,Simulation,0
Prey,PC,2006,Shooter,0
Clannad,PS3,2011,Adventure,0
Electroplankton,DS,2005,Misc,0.01
Just Dance 2017,PS4,2016,Misc,0.02
PowerSlave,PS,1996,Shooter,0.02
SBK 2011: FIM Superbike World Championship,PC,2011,Racing,0
Championship Manager Season 01/02,PC,2001,Sports,0
Project Gotham Racing 2 (JP weekly sales),XB,2003,Action,0
Maximum Racing: Drag & Stock Racer,Wii,2010,Racing,0.03
CT Special Forces,GBA,2002,Action,0.02
Let's Sing 2016,PS4,2015,Action,0.03
Casino Chaos With Las Vegas Players Collection,PC,2011,Misc,0.03
Jewel Master: Cradle of Rome,Wii,2008,Puzzle,0.03
Dragon's Dogma Online,PS3,2015,Role-Playing,0
Nancy Drew: Alibi In Ashes,PC,2011,Adventure,0.03
FIFA World Cup: Germany 2006,GBA,2006,Sports,0.02
Crash Time: Autobahn Pusuit,X360,2008,Racing,0.03
Earthworm Jim 2,GBA,2002,Platform,0.02
Angler's Club: Ultimate Bass Fishing 3D,3DS,2011,Sports,0
Dungeon Maker: Hunting Ground,PSP,2006,Role-Playing,0.03
Zoo Tycoon,PC,2001,Strategy,0
Super Hero Generation,PS3,2014,Role-Playing,0
Tamagotchi no Doki Doki Dream Omisecchi,3DS,2013,Simulation,0
MotoGP,PSP,2006,Racing,0.03
Toushin Toshi,3DS,2014,Role-Playing,0
Trine 2,WiiU,2012,Platform,0
Suujin Taisen,DS,2007,Strategy,0
Street Supremacy,PSP,2005,Racing,0.03
Driv3r,GBA,2005,Racing,0.02
Best Friends Tonight,DS,2010,Misc,0.03
Apache: Air Assault,PC,2010,Simulation,0
Fritz Chess,PS3,2009,Strategy,0
River King: Mystic Valley (jp sales),DS,2007,Sports,0
Winning Post World,PS2,2009,Sports,0
Beyond the Labyrinth,3DS,,Role-Playing,0
Call of Juarez: Bound in Blood,PC,2009,Shooter,0
Atelier Sophie: The Alchemist of the Mysterious Book,PS3,2015,Role-Playing,0
Red Faction: Guerrilla,PC,2009,Shooter,0
.hack: Sekai no Mukou ni + Versus,PS3,2012,Action,0
Medarot 9: Kabuto Ver. / Kuwagata Ver.,3DS,2015,Role-Playing,0
Disney Sports Soccer,GC,2002,Sports,0.03
Clash of Elementalists,3DS,2013,Action,0
Rugby 15,PSV,2015,Sports,0
Cooking Mama 5: Bon Appetit!,3DS,2013,Simulation,0
Legend of the Dragon,PSP,2007,Fighting,0.03
Mame Goma: Honobo no Nikki,DS,2007,Simulation,0
F1 2016 (Codemasters),PC,2016,Racing,0
Disney's Hide & Sneak,GC,2003,Action,0.03
Deus Ex: Mankind Divided,PC,2016,Role-Playing,0
Super Robot Taisen OG Saga: Masou Kishin III - Pride of Justice,PSV,2013,Strategy,0
Nobunaga no Yabou: Kakushin with Power-Up Kit,PS2,2008,Strategy,0
Astonishia Story,PSP,2006,Role-Playing,0.03
Raw Danger!,PS2,2006,Action,0.02
Monster Rancher Hop-A-Bout,PS,2000,Action,0.02
3DS Classic Collection,3DS,2016,Misc,0.03
Prince of Persia: The Forgotten Sands,PC,2010,Action,0
Custom Beat Battle: Draglade 2,DS,2008,Fighting,0
Gotouchi Kenkei DS,DS,2006,Misc,0
The Sims 2: Glamour Life Stuff,PC,2006,Simulation,0
Bikkuriman Daijiten,DS,,Misc,0
Accel World: Ginyoku no Kakusei,PS3,2012,Adventure,0
Elf Bowling 1 & 2,GBA,2005,Sports,0.02
Turbo: Super Stunt Squad,DS,2013,Sports,0
Game of Thrones (Telltale),XOne,2015,Adventure,0.03
GunGriffon: Allied Strike,XB,2004,Simulation,0.02
Batman: A Telltale Game Series,X360,2016,Adventure,0.01
Mystery Case Files: Ravenhearst,PC,2007,Puzzle,0.01
Stacked with Daniel Negreanu,PSP,2006,Misc,0.03
Vitamin X Evolution,DS,2008,Adventure,0
Saru! Get You! SaruSaru Daisakusen,PSP,2007,Platform,0
Midnight Mysteries: The Edgar Allan Poe Conspiracy,PC,2009,Adventure,0
Barbie and Her Sisters Puppy Rescue,3DS,2015,Action,0
Arthur and the Invisibles,DS,2007,Adventure,0.03
The Flintstones: Big Trouble in Bedrock,GBA,2001,Platform,0.02
RACE On,PC,2009,Racing,0
PopCap Arcade Vol 2,X360,2009,Misc,0.03
Sekai no Hate Made Itte Q! Chinjuu Hunter Mono no Daibouken,DS,2010,Misc,0
Summon Night 6: Lost Borders,PS4,2016,Action,0
Majesty 2: The Fantasy Kingdom Sim,X360,,Simulation,0.03
Silverlicious,DS,2012,Action,0.03
Smart Girl's Winter Wonderland,DS,2008,Misc,0.03
BeatMania IIDX 14 Gold,PS2,2008,Simulation,0
Big Ichigeki! Pachi-Slot Taikouryku Universal Museum,SAT,1996,Misc,0
Toriko: Ultimate Survival,3DS,2013,Action,0
Song of the Deep,PC,2016,Action,0.03
Vegas Casino,DS,2007,Misc,0.03
The Binding of Isaac,PC,2012,Action,0
Madou Monogatari,SAT,1998,Role-Playing,0
Maximum Racing: GP Classic Racing,Wii,2010,Racing,0.03
Togainu no Chi: True Blood,PS2,2008,Adventure,0
Castlevania: Lords of Shadow - Reverie,PS3,2011,Action,0.02
Onna no Ko to Misshitsu ni Itara **shichau Kamoshirenai,3DS,2012,Adventure,0
Tork: Prehistoric Punk,XB,2005,Platform,0.02
Chicken Shoot 2,GBA,2005,Adventure,0.02
Tokyo Xanadu eX+,PS4,2016,Role-Playing,0
Airship Q,PSV,2015,Platform,0
A Good Librarian Like a Good Shepherd: Library Party,PSV,2015,Action,0
Overlord II,PC,2009,Action,0
Flipper Critters,DS,2007,Simulation,0.03
River City Super Sports Challenge,DS,2010,Sports,0.01
Sea Park Tycoon,DS,2010,Simulation,0.02
Underground Pool,DS,2007,Sports,0.03
Pachinko Kamen Rider: Shocker Zenmetsu Daisakusen,PS2,2008,Misc,0
Accel World: Ginyoku no Kakusei,PSP,2012,Adventure,0
Travel Coach: Europe 1,DS,2008,Misc,0
Jikandia: The Timeless Land,PSP,2010,Role-Playing,0.03
Classic Dungeon: Fuyoku no Masoujin,PSP,2010,Role-Playing,0
Rampo,SAT,1995,Adventure,0
Toy Shop,DS,2008,Simulation,0.03
DiRT Rally,PC,2016,Racing,0
Trials Fusion,PC,2014,Racing,0
SuperCar Challenge,PS3,2009,Racing,0
My Pet Shop (JP sales),DS,2008,Simulation,0
Prison Architect,PS4,2016,Action,0.01
Hallowed Legends: Samhain,PC,2011,Adventure,0
Exstetra,PSV,2013,Role-Playing,0
Dodge Racing: Charger vs Challenger,DS,2009,Racing,0.03
Hakuoki Zuisouroku Omokage Hana,PSV,2015,Action,0
Beastly,Wii,2011,Misc,0.03
Gokujou!! Mecha Mote Iinchou: MM My Best Friend!,DS,2010,Simulation,0
Rome: Total War - Gold Edition,PC,2006,Strategy,0
Breath of Fire III,PSP,2005,Role-Playing,0
Biker Mice From Mars,DS,2007,Racing,0.03
Atelier Shallie Plus: Alchemists of the Dusk Sea,PSV,2016,Role-Playing,0
Hiiro no Kakera 2: Hisui no Shizuku,PS2,2007,Adventure,0
Summer Athletics 2009,X360,2009,Sports,0
PriPara & Pretty Rhythm: PriPara de Tsukaeru Oshare Item 1450!,3DS,2015,Action,0
JoJo's Bizarre Adventure: Eyes of Heaven,PS3,2015,Fighting,0
Pro Yakyuu Spirits 5 Kanzenban,PS3,2008,Sports,0
Rugby World Cup 2015,X360,2015,Sports,0
Sorcery Saga: The Curse of the Great Curry God,PSV,2013,Role-Playing,0
Cabela's Big Game Hunter: Pro Hunts,PS3,2014,Shooter,0.03
Hajime no Ippo: The Fighting! (2014),PS3,2014,Sports,0
Game of Thrones (Telltale),X360,2015,Adventure,0.02
Dance Factory,PS2,2006,Action,0.02
Totally Spies!,GBA,2005,Platform,0.02
Jig-A-Pix: Wild World,DS,2009,Puzzle,0.03
DragonHeart: Fire & Steel,PS,1996,Action,0.02
Chaos;Head - Love Chu*Chu!,X360,2010,Adventure,0
Nishijin Pachinko Monogatari 2,SNES,1996,Misc,0
The Walking Dead: Season One,PC,2012,Adventure,0
Hyperdimension Neptunia Re;Birth 2,PSV,2014,Action,0.02
RoadKill,GC,2003,Action,0.02
The Legend of Heroes III: Song of the Ocean,PSP,2006,Role-Playing,0.03
Combat Mission: Shock Force,PC,2007,Strategy,0
Top Gun: Hard Lock,PS3,2012,Action,0
Alia's Carnival! Sacrament,PSV,2015,Adventure,0
F1 2002,GC,2002,Racing,0.02
Mushihimesama Futari Ver 1.5,X360,2009,Shooter,0
Pocket Fighter,SAT,1998,Fighting,0
Toaru Majutsu no Kagaku no Ensemble,PSP,2013,Adventure,0
Ojyousama Express,SAT,1998,Strategy,0
Starsky & Hutch,GBA,2003,Racing,0.02
Sitting Ducks,GBA,2003,Platform,0.02
Brothers Conflict: Brilliant Blue,PSP,2013,Adventure,0
Garfield: A Tale of Two Kitties,DS,2006,Platform,0.03
Men of War,PC,2009,Strategy,0.01
Eyeshield 21: Field Saikyou no Senshi Tachi,Wii,2007,Role-Playing,0
Fullmetal Alchemist: Brotherhood,PSP,,Action,0
Bad Apple Wars,PSV,2015,Action,0
To LoveRu Trouble: Waku Waku! Rinkangakkou-Hen,DS,2008,Adventure,0
House M.D.,DS,2010,Adventure,0.02
thinkSMART FAMILY!,Wii,2010,Misc,0.03
Ultimate Block Party,PSP,2004,Puzzle,0.03
Last Escort: Club Katze,PSP,2010,Adventure,0
Renai Revenge,PSV,2015,Adventure,0
Stacked with Daniel Negreanu,XB,2006,Misc,0.02
Mahjong 300,DS,2011,Puzzle,0
Shin Koihime Musou: Otome Ryouran * Sangokushi Engi - Wei-Hen,PSP,2010,Adventure,0
Konami Classics Series: Arcade Hits,DS,2007,Misc,0.01
WRC 5: FIA World Rally Championship,PSV,2015,Sports,0
Infinite Stratos 2: Ignition Hearts,PSV,2014,Adventure,0
Otometeki Koi Kakumei * Love Revo,PS2,2006,Adventure,0
Guitar Hero: World Tour,PC,2009,Misc,0
Super Meat Boy: Ultra Edition!,PC,2011,Platform,0
Dr. Muto,GC,2002,Platform,0.02
Super Heroine Chronicle,PS3,2014,Role-Playing,0
Otomedius Gorgeous,X360,2008,Shooter,0
Egg Mania: Eggstreme Madness,PS2,2002,Puzzle,0.02
Alter Ego,PC,1985,Simulation,0
Kiniro no Corda 3,PS2,2010,Adventure,0
Zero Escape: Virtue's Last Reward,3DS,2012,Adventure,0.03
Darkstalkers Resurrection,PS3,2013,Fighting,0
Transformers: Devastation,PC,2015,Action,0
MotoGP 15,XOne,2015,Racing,0
Highschool Terra Story,SAT,1998,Adventure,0
Summer Athletics: The Ultimate Challenge,X360,2008,Sports,0.02
The Golf Club,XOne,2014,Sports,0.03
Emergency! Disaster Rescue Squad,DS,2009,Simulation,0.03
Neverwinter Nights,PC,2002,Role-Playing,0
Suggoi! Arcana Heart 2,PS2,2009,Fighting,0
Crazy Machines,DS,2008,Puzzle,0
Ebikore Photo Kano Kiss ,PSV,2015,Action,0
East India Company Collection,PC,2010,Misc,0
Mother Goose no Himitsu no Yakata,PSP,2011,Adventure,0
Fast & Furious: Showdown,X360,2013,Action,0
Winning Post 7 2009,PSP,2009,Sports,0
Puzzle & Action: Tant-R,GEN,1994,Misc,0
Code Lyoko: Quest for Infinity,PSP,2008,Action,0.03
The Voice,PS3,2014,Action,0.02
Digimon World 4,XB,2005,Role-Playing,0.02
Guilty Gear XX Accent Core Plus,Wii,2009,Fighting,0.01
Kekkaishi: Kokubourou Shuurai,DS,2008,Action,0
Galleon: Islands of Mystery,XB,2004,Action,0.02
Montessori Music,DS,2008,Misc,0.01
World Sports Competition,PS3,2009,Sports,0.02
Shugo Chara! Amunonijiro Chara Change,DS,2008,Action,0
Renai 0 Kilometer,PSP,2013,Adventure,0
Sunny Garcia Surfing,PS2,2001,Sports,0.02
Far East of Eden Shinden,NG,1995,Fighting,0
Tantei Jinguuji Saburo DS: Kienai Kokoro,DS,2008,Adventure,0
Lock On: Modern Air Combat,PC,2003,Simulation,0
MotorHead,PS,1998,Racing,0.02
Max & the Magic Marker,Wii,2011,Platform,0
Ao no Kanata no Four Rhythm,PSV,2016,Adventure,0
StormLover,PSP,2010,Adventure,0
Gloria Union,PSP,2011,Role-Playing,0
Gensou Suikoden I & II,PSP,2006,Role-Playing,0
Worms: WMD,PS4,2016,Action,0.01
Shaun White Skateboarding,PC,2010,Sports,0
Eyeshield 21: DevilBats DevilDays,GBA,2006,Role-Playing,0
Gotouchi Tetsudou: Gotouchi Chara to Nihon Zenkoku no Tabi,WiiU,2014,Misc,0
Jyuzaengi: Engetsu Sangokuden,PSP,2012,Action,0
Ratatouille,PC,2007,Action,0.01
Shin Sangoku Musou Online: Kamishou Ranbu,PS3,2010,Action,0
Rabbids Land,WiiU,2012,Misc,0.01
Dancing Blade II: Tears of Eden,PS,1999,Adventure,0
Kokoro no Kokoron,DS,2011,Misc,0
Hiiro no Kakera 3: Aoikuro no Kusabi,PS2,2008,Adventure,0
BeatMania IIDX 13: DistorteD,PS2,2007,Simulation,0
Guild Wars,PC,2005,Role-Playing,0.03
Go! Go! Hypergrind,GC,2003,Sports,0.02
Great Edo Blacksmith,PSV,2014,Adventure,0
Keshisasu-Kun: Battle Kas-tival,DS,2010,Action,0
Kaidan Restaurant: Zoku! Shin Menu 100-Sen,DS,2011,Misc,0
Peak Performance,PS,1997,Racing,0.02
Take On Helicopters,PC,2011,Simulation,0
Young Justice: Legacy,3DS,2013,Action,0.03
Kyokugen Dasshutsu ADV: Zennin Shiboudesu,3DS,2012,Adventure,0
DokiDoki Majo Shinpan! 2,DS,2008,Adventure,0
S.L.A.I.: Steel Lancer Arena International,PS2,2005,Simulation,0.01
Freaky Flyers,XB,2003,Racing,0.02
Nacho Libre,DS,2006,Action,0.03
Power Rangers Super Megaforce ,3DS,2014,Action,0.01
Homeworld 2,PC,2003,Strategy,0
Zoboomafoo: Leapin' Lemurs!,PS,2001,Action,0.02
Rayman 3: Hoodlum Havoc,PC,2003,Platform,0
Dennou Senki Virtual-On Force,X360,2010,Fighting,0
Rugby 15,X360,2015,Sports,0
Nettou! Powerful Koushien,DS,2010,Sports,0
Graffiti Kingdom,PS2,2004,Role-Playing,0.01
King Arthur II,PC,2011,Strategy,0
Armored Core SL: Silent Line Portable,PSP,2009,Simulation,0
Looney Tunes: Galactic Sports,PSV,2015,Action,0
To LoveRu Trouble: Doki Doki! Rinkaigakkou-Hen,PSP,2008,Adventure,0
Combat Elite: WWII Paratroopers,XB,,Shooter,0.02
Lethal Enforcers I & II,PS,1996,Shooter,0.02
Bubble Bobble Evolution,PSP,2006,Puzzle,0.03
Klonoa 2: Dream Champ Tournament,GBA,2002,Platform,0.02
Who Wants to be a Millionaire: 1st Edition,DS,2007,Misc,0
N+,PSP,2007,Platform,0.03
Minna no Golf Jou Vol.1,PSP,2007,Sports,0
Ducati World Racing Challenge,PS,2001,Racing,0.02
Super Collapse! II,GBA,2004,Puzzle,0.02
Pop'n Music 14 Fever!,PS2,2007,Misc,0
Golden Nugget Casino / Texas Hold 'Em Double Pack,GBA,2005,Misc,0.02
Judie no Atelier: Guramnat no Renkinjutsu - Toraware no Morito,PSP,2010,Role-Playing,0
Lux-Pain (JP sales),DS,2008,Adventure,0
Smashing Drive,GBA,2004,Racing,0.02
Away: Shuffle Dungeon,DS,2008,Role-Playing,0.02
Big Mountain 2000,N64,1998,Sports,0.02
Starshot: Space Circus Fever,N64,1998,Platform,0.02
Charlie Blasts Territory,N64,1999,Action,0.02
Senko no Ronde DUO,X360,2010,Fighting,0
Knights of Honor,PC,2004,Strategy,0
CIMA: The Enemy,GBA,2003,Role-Playing,0.02
Tokimeki Memorial Girl's Side 1st Love Plus,DS,2009,Adventure,0
The Inner World,PC,2013,Adventure,0
Katekyoo Hitman Reborn! Kizuna no Tag Battle,PSP,2010,Fighting,0
Code Geass: Hangyaku no Lelouch,DS,2007,Action,0
Terraria,WiiU,2016,Action,0
Hudson x GReeeeN Live!? DeeeeS!?,DS,2010,Misc,0
Daibakushou: Jinsei Gekijou,SNES,1995,Misc,0
Marble Madness / Klax,GBA,2005,Puzzle,0.02
Downstream Panic!,PSP,2008,Action,0.03
Suzumiya Haruhi no Chokuretsu,DS,2009,Adventure,0
DJ Max Portable 3,PSP,2010,Misc,0.01
Boot Camp Academy,Wii,2010,Action,0.03
The Idolmaster: Gravure For You! Vol. 5,PS3,2012,Misc,0
S.Y.K Renshouden,PS2,2010,Adventure,0
Empire Earth II,PC,2005,Strategy,0
Hiiro no Kakera: Shin Tamayori Hime Denshou - Piece of Future,PSP,2011,Adventure,0
Pet Alien: An Intergalactic Puzzlepalooza,DS,2007,Action,0.03
Nectaris: Military Madness,PS,1998,Strategy,0.02
Galaxy Angel II: Mugen Kairou no Kagi,PS2,2007,Strategy,0
D.C.I.F.: Da Capo Innocent Finale,PS2,2009,Adventure,0
Konpeki no Kantai,SNES,1995,Strategy,0
Who Wants to be a Millionaire: 1st Edition,Wii,2007,Misc,0
BRAHMA Force: The Assault on Beltlogger 9,PS,1996,Shooter,0.02
Tenka-bito,PS2,2006,Strategy,0
Hot Pixel,PSP,2007,Puzzle,0.03
Doodle Hex,DS,2008,Puzzle,0
Hyperdimension Neptunia Vs. Sega Hard Girls: Yume no Gattai Special,PSV,2015,Role-Playing,0
Valentino Rossi: The Game,XOne,2016,Racing,0.01
Katekyoo Hitman Reborn! DS: Ore ga Boss! Saikyou Family Taisen,DS,2009,Action,0
Codename: Panzers Cold War,PC,2009,Strategy,0
Samurai Spirits: Tenkaichi Kenkakuden,PS2,,Fighting,0
Robo Pit,PS,1995,Fighting,0.02
Story Hour: Adventures,Wii,2008,Adventure,0.03
Muv-Luv Alternative: Total Eclipse,PS3,2013,Simulation,0
R-Type III: The Third Lightning,GBA,2004,Shooter,0.02
Star Wars: The Force Unleashed II,PC,2010,Action,0.03
Heathcliff! The Fast and the Furriest,Wii,2010,Racing,0.03
Darius Burst: Chronicle Saviours,PSV,2016,Action,0
Blokus Portable: Steambot Championship,PSP,2006,Puzzle,0.03
Medabots Girls Mission: Metabee Ver. / Rokusho Ver.,3DS,2016,Role-Playing,0
Hakuouki,PS2,2008,Adventure,0
Atomic Betty,GBA,2005,Puzzle,0.02
"Princess Natasha: Student, Secret Agent, Princess",DS,2006,Action,0.03
Doom,PC,1992,Shooter,0.02
Robin Hood: Defender of the Crown,XB,2003,Strategy,0.02
Monster Hunter Frontier Online: Season 10,X360,2011,Role-Playing,0
Street Jam Basketball,GBA,2004,Sports,0.02
Armored Core: Last Raven Portable,PSP,2010,Simulation,0
Master of Monsters: Disciples of Gaia,PS,1997,Strategy,0.02
SD Gundam: Gashapon Wars,Wii,2010,Strategy,0
Curious George,XB,2006,Action,0.02
Disney's Aladdin,GBA,2003,Platform,0.02
Virtual Pool: Tournament Edition,XB,2005,Sports,0.02
Phantasy Star Online 2: Episode 3 Deluxe Package,PSV,2015,Action,0
SimCity,PC,1988,Simulation,0
Nippon no Asoko de,PSP,2008,Misc,0
Harry Potter and the Half-Blood Prince,PC,2009,Action,0
Higurashi no Naku Koro ni Iki,PSV,2015,Action,0
Harley-Davidson: Road Trip,Wii,2010,Racing,0.03
MeiQ no Chika Ni Shisu: A Maze to Eradicate Them All,PSV,2015,Role-Playing,0.01
MapleStory DS,DS,2010,Role-Playing,0
Playmobil Top Agents,DS,2010,Action,0
Doom 3 BFG Edition,PC,2012,Shooter,0
Pimp My Ride: Street Racing,DS,2009,Racing,0.03
Romance of the Three Kingdoms II,3DS,2015,Strategy,0
Popeye: Rush for Spinach,GBA,2005,Platform,0.02
Culdcept,PS2,2002,Strategy,0.01
Blue Breaker: Ken Yorimo Hohoemi o,PCFX,1996,Role-Playing,0
Bladestorm: Nightmare,PS3,2015,Action,0
BeatMania IIDX 15: DJ Troopers,PS2,2008,Simulation,0
Gekiatsu!! Pachi Game Tamashi Vol. 1: CR Evangelion - Shinjitsu no Tsubasa,PSP,2011,Misc,0
Planet of the Apes,GBA,2001,Action,0.02
OZMAFIA!! -vivace-,PSV,2015,Adventure,0
Drake & Josh: Talent Showdown,DS,2007,Adventure,0.03
Hissatsu Pachinko Collection 3,SNES,1995,Misc,0
Real World Golf,XB,2006,Sports,0.02
Kung Fu Panda: Showdown of Legendary Legends,3DS,2015,Action,0
Oumagatoki: Kaidan Romance,PSP,2012,Action,0
GTR Evolution,PC,2008,Racing,0
Mahjong Kakutou Club: Zenkoku Taisenban,PS3,2006,Misc,0
Hayate no Gotoku! Nightmare Paradise,PSP,2009,Adventure,0
Lords of the Fallen,PC,2014,Role-Playing,0
NBA 08,PSP,2007,Sports,0.03
Sins of a Solar Empire,PC,2008,Strategy,0
New Tokyo Legacy: Operation Babel,PSV,2015,Role-Playing,0
The Wolf Among Us,X360,2011,Adventure,0.01
HappinessCharge PreCure! Kawarun Collection,3DS,2014,Misc,0
Nanashi no Game Me,DS,2009,Action,0
NBA 2K13,PC,2012,Sports,0
Resident Evil 4,PC,2007,Action,0
DICE: DNA Integrated Cybernetic Enterprises,PS2,2005,Shooter,0.01
007: Quantum of Solace,PC,2008,Action,0.01
Treasure Gaust: Gaust Diver Crimson Red / Deep Purple,DS,2007,Action,0
Megpoid the Music#,PSP,2013,Misc,0
Batman: A Telltale Game Series,XOne,2016,Adventure,0.02
Wallace & Gromit in Project Zoo,XB,2003,Platform,0.02
Boulder Dash: Rocks!,DS,2007,Puzzle,0
Grid Runner,PS,1996,Action,0.02
Saihai no Yukue,DS,2008,Strategy,0
Metal Dungeon,XB,2002,Role-Playing,0.02
Drome Racers,GC,2003,Racing,0.02
World of Zoo,PC,2009,Simulation,0
Guitar Freaks V & DrumMania V,PS2,2006,Simulation,0
Tago Akira no Atama no Taisou Dai-1-Shuu: Nazotoki Sekai Isshuu Ryokou,DS,2009,Adventure,0
Royal Palace of White Sword and The City of Gentiles,PC,2009,Role-Playing,0
Triple Pack: Xbox Live Arcade Compilation,X360,2011,Misc,0.03
Gekido Advance: Kintaro's Revenge,GBA,2002,Action,0.02
Dream Pinball 3D,DS,2008,Misc,0.03
Future Tactics: The Uprising,XB,2004,Strategy,0.02
Winter Sports 3: The Great Tournament,PS3,2010,Sports,0
Power Poke Dash,GBA,2006,Sports,0
Hisshou Pachinko*Pachi-Slot Kouryaku Series DS Vol. 4: Shinseiki Evangelion - Saigo no Mono,DS,2009,Misc,0
Detective Opera: Milky Holmes 2,PSP,2012,Adventure,0
Nisekoi: Yomeiri!?,PSV,2014,Adventure,0
Blaze Union: Story to Reach the Future,PSP,2010,Role-Playing,0
Barbie and Her Sisters Puppy Rescue,Wii,2015,Action,0
Handball 16,PS3,2015,Sports,0
Commander: Conquest of the Americas,PC,2010,Strategy,0
World of Tanks,X360,,Shooter,0
LEGO Pirates of the Caribbean: The Video Game,PC,2011,Action,0.03
Race Driver 2006,PSP,2006,Racing,0.03
Higurashi no Naku Koro ni Kizuna: Dai-Yon-Kan - Kizuna,DS,2010,Adventure,0
Samurai Warriors: Sanada Maru,PS4,2016,Action,0
Buffy the Vampire Slayer: Wrath of the Darkhul King,GBA,2003,Action,0.02
Battlefield 1942: The WW II Anthology,PC,2004,Shooter,0.01
Genkai Tokki: Seven Pirates,PSV,2016,Role-Playing,0
Gekiatsu!! Pachi Game Tamashi Vol. 2: CR Evangelion - Shinjitsu no Tsubasa,PS3,2011,Misc,0
Parfait,PSV,2015,Adventure,0
Mighty No. 9,WiiU,2016,Platform,0.02
Roadsters,PS,2000,Racing,0.02
Merv Griffin's Crosswords,DS,2008,Puzzle,0.03
DeathSmiles II,X360,2010,Shooter,0
The Great Mystery Hidden Object Package 5,PC,2015,Adventure,0
Kenka Bancho Otome,PSV,2016,Action,0
Calcio Bit,GBA,2006,Sports,0
Star Trek: The Game,PC,2013,Action,0
Whiteout,XB,2002,Racing,0.02
Galaxy Angel II: Zettairyouiki no Tobira,PS2,2006,Strategy,0
Kung Fu Panda: Legendary Warriors,DS,2008,Action,0.02
Hyakumanton no Bara Bara,PSP,2010,Strategy,0
Superdimension Neptune vs Sega Hard Girls,PSV,2016,Role-Playing,0
The Talos Principle,PS4,2015,Puzzle,0
Hajime no Ippo: The Fighting,GBA,2002,Fighting,0
Sokukoku no Kusabi: Hiiro no Kakera 3 Portable,PSP,2010,Adventure,0
Spectral Souls: Resurrection of the Ethereal Empires,PSP,2005,Role-Playing,0.03
Syberia II,XB,2004,Adventure,0.02
Motor Trend presents Lotus Challenge,XB,2003,Racing,0.02
Braid,PC,2009,Platform,0
Gudetama: Hanjuku de Tanomuwa,3DS,2015,Action,0
LEGO Legends of Chima: Laval's Journey,DS,2013,Adventure,0
Bleach DS 4th: Flame Bringer,DS,2009,Action,0
Syberia,PC,2002,Action,0
Pacific Liberator,Wii,2009,Action,0.03
Tago Akira no Atama no Taisou Dai-2-Shuu: Ginga Oudan Nazotoki Adventure,DS,2009,Adventure,0
The King of Fighters Portable '94~'98: Chapter of Orochi,PSP,2010,Fighting,0
Puzzle Challenge: Crosswords and More!,Wii,2009,Puzzle,0.03
Turn It Around,DS,2006,Action,0.03
Nisenochigiri: Omoide no Saki e,PSP,2011,Adventure,0
Jack Keane,PC,2008,Adventure,0
Girls Only,DS,2010,Simulation,0.03
Monsters vs. Aliens,PC,2009,Action,0.01
In Cold Blood,PS,2000,Adventure,0.02
Fireblade,GC,2002,Action,0.02
Kamigami no Asobi,PSP,2013,Adventure,0
Harukanaru Toki no Naka de 6,PSV,2015,Action,0
Kong: King of Atlantis,GBA,2005,Action,0.02
Kidou Senshi V Gundam,SNES,1994,Action,0
Ganbare Goemon: Toukai Douchuu Ooedo Tengurigaeshi no Maki,DS,2005,Action,0
Wrestle Angels: Survivor 2,PS2,2008,Fighting,0
Onechanbara Z Kagura,X360,2012,Action,0
Ride,PC,2015,Racing,0
The King of Fighters 02/03,XB,2005,Fighting,0.02
ESPN Winter X Games: Snowboarding 2002,XB,2002,Sports,0.02
Mega Minis Volume 2,PSP,2011,Misc,0
Safari Adventures: Africa,DS,2008,Adventure,0.03
Tsuku Monogatari,PSP,2011,Adventure,0
Vitamin Z,PS2,2009,Adventure,0
Kaitou Tenshi Twin Angel: Toki to Sekai no Meikyuu,PSP,2011,Adventure,0
Shin Koihime Musou: Otome Ryouran * Sangokushi Engi - Wu-Hen,PSP,2010,Adventure,0
Battle vs. Chess,PC,,Misc,0
Harukanaru Toki no Naka de 5: Kazahanaki,PSP,2012,Role-Playing,0
The Island of Dr. Frankenstein,Wii,2009,Adventure,0.03
Tom and Jerry in War of the Whiskers,XB,,Fighting,0.02
Nobunaga no Yabou DS 2,DS,2008,Strategy,0
The IdolM@ster: Gravure For You! Vol. 6,PS3,2012,Action,0
Metal Saga: Hagane no Kisetsu,DS,2006,Role-Playing,0
Animaniacs: The Great Edgar Hunt,GC,2005,Platform,0.02
SingStar Fussballhits,PS3,2010,Misc,0
Yahari Game Demo Ore no Seishun Love-Kome wa Machigatteiru. Zoku,PSV,2016,Adventure,0
Dream Club Zero Portable,PSV,2011,Simulation,0
LEGO Harry Potter: Years 1-4,PC,2010,Action,0.02
Samurai Warriors 2,PS3,2013,Action,0
Bus Simulator 16,PC,2016,Simulation,0
Mystery Trackers: The Void,PC,2011,Puzzle,0
Diabolik Lovers: Lunatic Parade,PSV,2016,Adventure,0
Battle Arena Toshinden URA,SAT,1995,Fighting,0
The Croods: Prehistoric Party!,WiiU,2013,Misc,0.01
Betty Boop's Double Shift,DS,2007,Puzzle,0.03
Battle vs. Chess,X360,2011,Misc,0
Biohazard: Revival Selection,X360,2011,Action,0
Cabela's Big Game Hunter: Pro Hunts,X360,2014,Shooter,0.02
Labyrinth Cross Blood: Infinity,PSV,2013,Role-Playing,0
Super Duper Sumos,GBA,,Action,0.02
UK Truck Simulator,PC,2010,Simulation,0
CID The Dummy,PSP,2009,Platform,0.02
MechAssault: Phantom War,DS,2006,Simulation,0.03
Loading Human,PS4,2016,Adventure,0.01
The Settlers II 10th Anniversary,PC,2006,Action,0
The Last Guy,PS3,2009,Action,0
Disney Sports Soccer,GBA,2002,Sports,0.02
Kangokutou Mary Skelter,PSV,2016,Role-Playing,0
101-in-1 Sports Party Megamix,Wii,2010,Sports,0.02
Akane Iro ni Somaru Saka Parallel,PS2,2008,Adventure,0
Otome wa Oanesama ni Koi Shiteru Portable: 2-Jin no Elder,PSP,2011,Adventure,0
Monster Hunter Frontier Online: Forward 1,X360,2011,Role-Playing,0
SingStar Chartbreaker,PS3,2009,Misc,0
Botanicula,PC,2012,Adventure,0
D1 Professional Drift Grand Prix Series,PS2,2005,Racing,0.01
Max Payne,GBA,2003,Shooter,0.02
Timeshock! Pro Pinball,PS,1998,Misc,0.02
Little Bears,DS,2009,Simulation,0.03
Starry ? Sky: In Winter,PSP,2011,Misc,0
Rush Hour,PS,1997,Misc,0.02
Pro Cast Sports Fishing,XB,2003,Sports,0.02
Gintama: Banji Oku Chuubu!,Wii,2007,Action,0
Pro Evolution Soccer 2012,3DS,2011,Action,0.02
Saka Agari Hurricane Portable,PSP,2011,Adventure,0
Negima!? Dream Tactic Yumemiru Otome Princess,PS2,2007,Strategy,0
Rugby League Live,X360,2010,Sports,0
Star Trek: Tactical Assault,PSP,2006,Strategy,0.02
Cossacks: European Wars,PC,2001,Strategy,0
Yuusha Shisu.,PSV,2016,Role-Playing,0
MX vs. ATV Supercross,PS3,2014,Racing,0.02
Dakar 2: The World's Ultimate Rally,GC,2003,Racing,0.02
Sengoku Basara: Sanada Yukimura-Den,PS3,2016,Action,0
Kisuato,PSV,2015,Adventure,0
NBA 2K7,XB,2006,Sports,0.02
Auto Modellista,GC,2003,Racing,0.02
"Hanayaka Kana, Ware ga Ichizoku Twin Pack",PSP,2011,Misc,0
1000 Cooking Recipes from ELLE à table,DS,2010,Misc,0
Greg Hastings' Tournament Paintball Max'd,GBA,2006,Shooter,0.02
Dave Mirra Freestyle BMX 3,GBA,2002,Sports,0.02
Himoutou! Umaru-Chan: Himoutou Ikusei Keikaku,PSV,2015,Simulation,0
Kintaihi Shounen no Jiken: Kyakusen Eris-Gou no Sangeki,DS,2009,Adventure,0
XBLAZE Code: Embryo,PSV,2013,Adventure,0.01
Eco Creatures: Save The Forest,DS,2007,Adventure,0.03
Frogger: Ancient Shadow,XB,2005,Platform,0.02
Kaizoku Sentai Gokaiger: Atsumete Henshin! 35 Sentai!,DS,2011,Action,0
Dragon Tamer: Sound Spirit,DS,2007,Role-Playing,0
Dream Girl Premier,3DS,2015,Misc,0
Kiniro no Corda 2 f Encore,PSP,2009,Role-Playing,0
La Pucelle: Ragnarok,PSP,2009,Role-Playing,0
Darius II,SAT,1995,Shooter,0
Bleach: Soul Carnival 2,PSP,2009,Fighting,0
ParaParaParadise,PS2,2001,Misc,0
Warhammer: Mark of Chaos,PC,2006,Strategy,0
Tiger & Bunny: On-Air Jack!,PSP,2012,Action,0
Eureka Seven AO: Jungfrau no Hanabanatachi,PS3,2012,Action,0
The Battle of Yuu Yuu Hakusho: Shitou! Ankoku Bujutsukai! 120%,PS2,2007,Fighting,0
Warship Gunner 2,PS2,2006,Simulation,0.01
Putty Squad,PSV,2013,Platform,0.01
Gotcha Force,GC,2003,Shooter,0.01
Driver: Parallel Lines,Wii,2007,Racing,0.01
Battlefield Vietnam,PC,2004,Shooter,0
Rugby League Live,PS3,2010,Sports,0
Secret Files 2: Puritas Cordis,Wii,2009,Adventure,0
The Perfect Golf,PS,1995,Sports,0
Wrestle Kingdom,PS2,2006,Fighting,0
Demon Driver: Time to Burn Rubber!,GBA,2003,Racing,0.02
Dead Rising 2,PS4,2016,Action,0.01
Mojo!,XB,2003,Puzzle,0.02
Age of Conan: Rise of the Godslayer,PC,2010,Role-Playing,0
Infinite Stratos 2: Ignition Hearts,PS3,2014,Adventure,0
Young Justice: Legacy,Wii,2013,Action,0
Steins;Gate 0,PS3,2015,Adventure,0
The Peanuts Movie: Snoopy's Grand Adventure,3DS,2015,Action,0
Mahou Sensei Negima! Kagai Jugyou ~Otome no Dokidoki Beachside~,PS2,2006,Adventure,0
Totally Spies! Totally Party,PC,2008,Misc,0
Nekketsu Kouha Kunio-Kun SP: Rantou Kyousoukyoku,3DS,2013,Fighting,0
Buffy the Vampire Slayer: Chaos Bleeds,GC,2003,Action,0.02
Brothers Conflict: Passion Pink,PSP,2012,Action,0
Clannad,X360,2008,Adventure,0
Kuryuu Youma Gakuenki Recharge,PS2,2006,Adventure,0
Jet Grind Radio,GBA,2003,Action,0.02
Rugby Challenge 3,PS3,2016,Sports,0
Prince of Persia (2008),PC,2008,Action,0
My Frogger: Toy Trials,DS,2006,Action,0.02
Strike Witches: Aoi no Dengekisen - Shin Taichou Funtousuru!,DS,2009,Action,0
Max Payne 2: The Fall of Max Payne,PC,2003,Shooter,0
Magicka,PC,2011,Role-Playing,0
Schlag den Raab,PC,2010,Misc,0
Baldur's Gate: Dark Alliance,GBA,2004,Role-Playing,0.02
The Adventures of Lomax,PS,1996,Platform,0.01
Under the Skin,PS2,2004,Action,0.01
Emily Archer and the Curse of Tutankhamun,DS,2011,Adventure,0
Kabu Trader Shun,DS,2007,Action,0
Hermie Hopperhead: Scrap Panic,PS,1995,Platform,0
Poy Poy,PS,1997,Action,0.01
NHL 07,XB,2006,Sports,0.02
MX vs. ATV Supercross Encore,XOne,2015,Sports,0.02
AMNESIA World,PSV,2014,Adventure,0
DrumMania 7th Mix,PS2,2001,Simulation,0
Runabout 3: Neo Age,PS2,2002,Racing,0
The Technomancer,XOne,2016,Role-Playing,0.01
Resident Evil 5 HD,PS4,2016,Action,0.02
Aegis of Earth: Protonovus Assault,PSV,2016,Action,0.01
Teddy Together,3DS,2016,Simulation,0
Clannad: Mitsumi Mamoru Sakamichi de - Gekan,PSP,2010,Adventure,0
Guild Wars: Nightfall,PC,2006,Role-Playing,0
NatGeo Challenge! Wild Life,X360,2010,Misc,0
Archer Maclean Presents: Pool Paradise,GC,2004,Sports,0.02
Sengoku Efuda Yuugi: Hototogisu Tairan,PSP,2010,Strategy,0
Battlezone,PSP,2006,Shooter,0.02
Ookiku Furikabutte: Honto no Ace ni Nareru kamo,DS,2007,Sports,0
Medal of Honor: Vanguard,PS2,2007,Shooter,0
Touch Shot! Love Application,PS3,2012,Adventure,0
Nanotek Warrior,PS,1997,Shooter,0.01
Galileo,DS,2008,Adventure,0
God Eater Off Shot: Lindow-hen Twin Pack & Animation Vol. 2,PS4,2015,Misc,0
Cake Mania: Baker's Challenge,PS2,2008,Puzzle,0.01
Super Monkey Ball Adventure,PS2,2006,Platform,0.01
Captain Tsubasa J: The Way to World Youth,SNES,1995,Sports,0
Madden NFL 07,GBA,2006,Sports,0.02
One Piece: Daikaizoku Coliseum,3DS,2016,Fighting,0
Renegade Racers,PS,1999,Racing,0.01
The Legend of Korra (3DS),3DS,2014,Strategy,0.02
MySims,PC,2008,Simulation,0
The Sims 2: Bon Voyage,PC,2007,Simulation,0.01
AniMates!,DS,2007,Simulation,0.02
Franklin the Turtle,GBA,2005,Misc,0.02
Senran Kagura: Bon Appétit!,PSV,2014,Misc,0
Star Wars The Clone Wars: Republic Heroes,PC,2009,Action,0
The Peanuts Movie: Snoopy's Grand Adventure,PS4,2015,Action,0
My Ballet Studio,Wii,2009,Simulation,0.02
Backyard NFL Football,Wii,2007,Sports,0.02
Aegis of Earth: Protonovus Assault,PS4,2016,Action,0.02
Gauntlet / Rampart,GBA,2005,Misc,0.02
Bully: Scholarship Edition,PC,2008,Action,0
River King: Wonderful Journey,PS2,2005,Sports,0.01
Sengoku Otome: Legend Battle,PSV,2016,Action,0
RollerCoaster Tycoon 2: Triple Thrill Pack,PC,2003,Strategy,0
Justice League Heroes: The Flash,GBA,2006,Action,0.02
Pop Cutie! Street Fashion Simulation (JP sales),DS,2008,Simulation,0
Harvest Moon: Skytree Village,3DS,2016,Simulation,0.02
Age of Empires III: Gold Edition,PC,2007,Strategy,0
Bae Yong-joon to Manabu Kankokugo DS,DS,2009,Misc,0
World War II Combat: Road To Berlin,XB,2006,Shooter,0.02
Metal Saga,PS2,2005,Role-Playing,0.01
Divinity II: Flames of Vengeance,PC,2010,Role-Playing,0
CID The Dummy,Wii,2009,Platform,0.02
Battlefield 2142,PC,2006,Shooter,0
Imagine: Sweet 16,DS,2010,Simulation,0.02
Last Escort 2: Shinya no Amai Toge,PS2,2008,Adventure,0
Pop'n Music 13 Carnival,PS2,2006,Simulation,0
Air Conflicts: Secret Wars,PC,2011,Simulation,0
Bookworm,GBA,2004,Puzzle,0.02
Monster Mayhem: Build and Battle,Wii,2009,Simulation,0.02
Tokushu Houdoubu,PSV,2012,Adventure,0
My DoItAll,DS,2009,Misc,0.02
Shakugan no Shana,PS2,2006,Adventure,0
Hokuto no Ken: Hokuto Shinken Denshousha no Michi,DS,2008,Action,0
Lost Planet 2,PC,2010,Shooter,0
Kawasaki Snowmobiles,Wii,2008,Racing,0.02
X3: Terran Conflict,PC,2008,Simulation,0
The King of Fighters: Maximum Impact - Maniax,XB,,Fighting,0.02
Wand of Fortune 2: Jikuu ni Shizumu Mokushiroku,PSP,2011,Adventure,0
HotBrain,PSP,2007,Puzzle,0.02
Hankou Shashin,SAT,1996,Adventure,0
Little Busters! Converted Edition,PSV,2012,Action,0
Open Season,PS2,2006,Platform,0.01
Pro Yakyuu Family Stadium,Wii,2008,Sports,0
Marker Man Adventures,DS,2009,Platform,0.02
Monster Hunter Frontier Online: Forward 2,X360,2011,Role-Playing,0
Agatha Christie's The ABC Murders,PS4,2016,Adventure,0.01
Moyashimon DS,DS,2009,Action,0
Ocean Commander,Wii,2009,Simulation,0.02
Let's Play Ballerina,Wii,2010,Sports,0.02
Atari Flashback Classics: Volume 1,PS4,2016,Misc,0.02
A Ressha de Gyoukou 2001,PS2,2001,Simulation,0
Starry ? Sky: In Autumn,PSP,2010,Misc,0
TV Anime Idolm@ster: Cinderella Girls G4U! Pack Vol.9,PS3,2016,Misc,0
Pitball,PS,1996,Sports,0.01
D.C. III: Da Capo III,PSP,2013,Adventure,0
Combat Wings: The Great Battles of WWII,Wii,,Simulation,0.02
Judge Dredd: Dredd Vs Death,PS2,2003,Shooter,0.01
Ducati Moto,DS,2008,Racing,0.02
Drome Racers,GBA,2003,Racing,0.02
SWAT 4,PC,2005,Shooter,0
Wand of Fortune 2 FD: Kimi ni Sasageru Epilogue,PSP,2012,Adventure,0
Heroes of Hellas 2: Olympia,DS,2012,Puzzle,0
X-Men Origins: Wolverine - Uncaged Edition,PC,2009,Action,0.02
Battlefield 1942,PC,2002,Shooter,0.01
Tenkaichi * Sengoku Lovers,DS,2010,Adventure,0
Daito Giken Koushiki Pachi-Slot Simulator Hihouden: Taiyou o Motomeru Monotachi,PS3,2013,Misc,0
Jissen Pachi-Slot Hisshouhou! Hokuto no Ken 2,PS2,2007,Misc,0
Bode Miller Alpine Skiing,PS2,2006,Sports,0.01
Magicka Collection,PC,2011,Adventure,0
Mahou Sensei Negima! Private Lesson 2: Ojama Shimasu Parasite de Chu,GBA,2006,Role-Playing,0
R-Type Delta,PS,1998,Shooter,0.01
Petz: Catz Playground,DS,2010,Simulation,0.02
Senjou no Waltz,PSV,2014,Adventure,0
Angelique: Maren no Rokukishi,PSP,2011,Adventure,0
Secrets of the Titanic,DS,2012,Action,0
Captain Morgane and the Golden Turtle,PC,2012,Adventure,0
Napoleon Dynamite: The Game,DS,2007,Puzzle,0.02
Soul Eater: Battle Resonance,PSP,2009,Action,0
Hisshou Pachinko*Pachi-slot Kouryaku Series DS Vol. 3: Shinseiki Evangelion - Yakusoku no Toki,DS,2008,Misc,0
The Great Battle Gaiden 2: Matsuri da Wasshoi,SNES,1994,Action,0
Shinseiki Evangelion Ayanami Ikusei Keikaku DS with Asuka Hokan Keikaku,DS,2008,Simulation,0
Rock 'N' Roll Adventures,Wii,2007,Platform,0.02
War Gods,PS,1996,Fighting,0.01
Monster Mayhem: Build and Battle,DS,2009,Simulation,0.02
BlazBlue: Chrono Phantasma Extend,PSV,2015,Action,0
Legend of Kay Anniversary,PS4,2015,Action,0
Evangelion: Jo,PS2,2009,Action,0
Duke Nukem 3D: 20th Anniversary World Tour,XOne,2016,Shooter,0.02
 Beyblade Burst,3DS,2016,Role-Playing,0
Dungeon Siege II,PC,2005,Role-Playing,0
Doki Oki,PS,1995,Adventure,0
Gakuen Alice: WakuWaku * Happy Friends,DS,2007,Adventure,0
Battlestations: Pacific,PC,2009,Strategy,0
Kyokugen Dasshutsu ADV: Zennin Shiboudesu,PSV,2012,Adventure,0
Konohana 2: Todoke Kanai Requiem,PS2,2002,Adventure,0
Derby Time 2006,PSP,2006,Sports,0
I Heart Geeks,DS,2011,Puzzle,0.02
The Legend of Heroes: Trails in the Sky Third Chapter,PSV,2016,Role-Playing,0
Let's Dance with Mel B,PS3,2011,Sports,0
Jewel Quest 5: The Sleepless Star,DS,2012,Action,0
MAPLUS: Portable Navi 3,PSP,2009,Misc,0
Neverwinter Nights Diamond,PC,2004,Role-Playing,0
DEATH NOTE: L o Tsugu Mono,DS,2007,Adventure,0
ZooCube,GC,2002,Puzzle,0.02
GRID Autosport,PC,2014,Racing,0
Spy Hunter / Super Sprint,GBA,2005,Racing,0.02
Demon Gaze 2,PSV,2014,Role-Playing,0
Clover no Kuni no Alice: Wonderful Wonder World,PS2,2010,Adventure,0
Otometeki Koi Kakumei * Love Revo! Portable,PSP,2010,Adventure,0
Room Zoom: Race for Impact,XB,2004,Racing,0.02
Yahari Game Demo Ore no Seishun Love-Kome Hamachi Gatteiru,PSV,2013,Adventure,0
Tube Slider,GC,,Racing,0.02
America Oudan Ultra-Quiz,SAT,1995,Misc,0
DoDonPachi Dai-Oujou: Black Label Extra,X360,2009,Shooter,0
Shinseiki Evangelion: Battle Orchestra,PS2,2007,Fighting,0
Let's Play Garden,Wii,2010,Simulation,0.02
My Animal Centre,Wii,2009,Simulation,0
Blade Arcus from Shining EX,PS4,2015,Fighting,0
TV Anime Idolm@ster: Cinderella Girls G4U! Pack Vol.6,PS3,2015,Adventure,0
Yes! Precure 5 Go Go Zenin Shu Go! Dream Festival,DS,2008,Action,0
Battlefield 2: Modern Combat(JP sales),PS2,2005,Shooter,0
Petz: Dolphinz Encounter,DS,2009,Simulation,0.01
The Lord of the Rings: Conquest,PC,2009,Action,0
The Idolmaster: Gravure For You! Vol.7,PS3,2012,Action,0
Monster High: New Ghoul in School,X360,2015,Action,0
Stake: Fortune Fighters,XB,2003,Fighting,0.02
Assault Suit Leynos,PS4,2016,Shooter,0.02
Umineko no Naku Koro ni San: Shinjitsu to Gensou no Yasoukyoku,PS3,,Adventure,0
Serious Sam Advance,GBA,2004,Shooter,0.02
Pop'n Music 12 Iroha,PS2,2006,Simulation,0
Foto Showdown,DS,2010,Role-Playing,0.02
Juusanshi Engi Engetsu Sangokuden 2,PSP,2014,Action,0
Turbo: Super Stunt Squad,WiiU,2013,Sports,0
BeatMania IIDX 11: IIDX Red,PS2,2006,Simulation,0
Disney Planes Fire & Rescue,WiiU,2014,Action,0.01
Let's Dance with Mel B,Wii,2011,Sports,0
Jikkyou Powerful Pro Yakyuu 12 Ketteiban,GC,2005,Sports,0
Road Trip: The Arcade Edition,GC,2002,Racing,0.02
Alien Breed Trilogy,X360,2011,Shooter,0
No More Heroes: Heroes' Paradise,X360,2010,Action,0
Virtua Tennis: World Tour (jp sales),PSP,2005,Sports,0
Captain Morgane and the Golden Turtle,DS,2012,Adventure,0
Cold War,XB,2005,Shooter,0.02
Ano Hi Mita Hana no Namae o Bokutachi wa Mada Shiranai,PSP,2012,Action,0
Steel Battalion: Line of Contact,XB,2004,Simulation,0.02
Reco Love: Blue Ocean,PSV,2016,Adventure,0
Ken to Mahou to Gakuen Mono. 2G,PS3,2010,Role-Playing,0
NBA Starting Five,XB,2002,Sports,0.02
Kami Naru Kimi to,PSP,2011,Adventure,0
Spy Hunter: Nowhere To Run,PS2,2006,Racing,0.01
Ikki Tousen: Eloquent Fist,PSP,2008,Fighting,0
Final Fantasy XIV: Heavensward,PC,2015,Action,0.01
Omega Quintet,PS4,2014,Role-Playing,0
Disney's Magical Quest 3 Starring Mickey and Donald,GBA,2003,Action,0.02
TV Anime Idolm@ster: Cinderella Girls G4U! Pack Vol.1,PS3,2015,Action,0
Carmen Sandiego: The Secret of the Stolen Drums,XB,2004,Action,0.02
Strike Witches 2: Iyasu Naosu Punipunisuru,DS,2010,Action,0
Final Fantasy XIV: Heavensward,PS3,2015,Action,0.01
Diabolik Lovers: Vandead Carnival,PSV,2014,Action,0
"Ed, Edd n Eddy: The Mis-Edventures",XB,2005,Platform,0.02
Bunmei Haruka: Aoiza Ibunroku,PSP,2011,Action,0
Atari Flashback Classics: Volume 2,PS4,2016,Misc,0.02
Vantage Master Portable,PSP,2008,Role-Playing,0
Viva Pinata,PC,2007,Simulation,0
Lilpri DS: Hime-Chen! Apple Pink,DS,2010,Adventure,0
Moto Racer DS,DS,2008,Racing,0
Neverwinter Nights 2,PC,2006,Role-Playing,0
O.M.G. 26 - Our Mini Games,DS,2007,Puzzle,0.02
"Hisshou Pachinko*Pachi-Slot Kouryaku Series DS Vol. 1: Shinseiki Evangelion - Magokoro o, Kimi ni",DS,2008,Misc,0
PopCap Hits! Vol 2,X360,2011,Misc,0
Star Wars: Empire at War - Forces of Corruption,PC,2006,Strategy,0
Jurassic Park: Operation Genesis,PC,2003,Simulation,0
Warhammer Online: Age of Reckoning,PC,2008,Role-Playing,0
Ty the Tasmanian Tiger 3: Night of the Quinkan,XB,2005,Action,0.02
Total Overdose: A Gunslinger's Tale in Mexico,XB,2005,Shooter,0.02
Bomberman Fantasy Race,PS,1998,Racing,0.01
AMF Xtreme Bowling,PS2,2006,Sports,0.01
Carnage Heart EXA,PSP,2010,Strategy,0
Worms,PS3,2009,Strategy,0
Capcom Digital Collection,X360,2012,Action,0.02
Colin McRae Rally 2.0,GBA,2002,Racing,0.02
Bust-A-Move,3DO,1994,Puzzle,0
Bugriders: The Race of Kings,PS,1997,Racing,0.01
The Settlers: Rise of an Empire,PC,2007,Strategy,0.01
Payout Poker & Casino,PSP,,Misc,0.02
Sheep,PS,2000,Strategy,0.01
Wii de Asobu: Metroid Prime,Wii,,Shooter,0
Tank Beat,DS,2006,Strategy,0.01
Wangan Midnight Portable,PSP,2007,Racing,0
Who Wants to be a Millionaire: 2nd Edition,Wii,2008,Misc,0
Rugby League Live 3,PS4,2015,Action,0
Cross Ange: Tenshi to Ryuu no Rondo tr.,PSV,2015,Action,0
Tropico Reloaded,PC,2009,Strategy,0
Canvas 2,PS2,2006,Adventure,0
Pony Luv,DS,2008,Simulation,0.02
Memories Off: Sorekara Again,PS2,2006,Adventure,0
11eyes: CrossOver,X360,2009,Adventure,0
ParaWorld,PC,2006,Strategy,0
Chuck E. Cheese's Sports Games,Wii,2011,Sports,0.02
Puppet Show 3: Lost Town,PC,2011,Puzzle,0
Stronghold 2 Deluxe,PC,2005,Strategy,0
AirForce Delta Storm,GBA,2002,Shooter,0.02
Winning Post 8 2015,PSV,2015,Action,0
Peter Pan in Disney's Return to Never Land,PS,2002,Platform,0.01
Xenosaga I·II,DS,2006,Role-Playing,0
Mesaze!! Tsuri Master: Sekai ni Challenge! Hen,Wii,2008,Sports,0
La Corda d'Oro 4,PSV,2016,Action,0
Kuusen II,PS2,2004,Simulation,0
Cross Channel: In Memory of All People,X360,2011,Adventure,0
Ghost Pirates of Vooju Island,PC,2009,Adventure,0
Clannad: Mitsumi Mamoru Sakamichi de - Joukan,PSP,2010,Adventure,0
Future Tactics: The Uprising,GC,2004,Strategy,0.02
Are You Alice?,PSP,2011,Adventure,0
Bella Sara 2 - The Magic of Drasilmare,3DS,2013,Adventure,0
Dance Dance Revolution: Hottest Party 5,Wii,2011,Misc,0
Rengoku II:  The Stairway To H.E.A.V.E.N.,PSP,2006,Action,0.02
Kensei: Sacred Fist,PS,1997,Fighting,0.01
Okashi na Shima no Peter Pan: Sweet Never Land,PSP,2011,Adventure,0
Backyard NFL Football,DS,2007,Sports,0.02
Urakata Hakuoki,PSP,2013,Adventure,0
Here They Lie,PS4,2016,Adventure,0
George of the Jungle and the Search for the Secret,Wii,2008,Platform,0.02
Gift: Prism,PS2,2006,Adventure,0
Rugby League Live 3,X360,2015,Action,0
Legacy of Ys: Books I & II,DS,,Role-Playing,0.02
Shanghai: True Valor,PS,1998,Puzzle,0.01
Supermodel Makeover by Lauren Luke,DS,2009,Simulation,0
Pharaoh,PC,1998,Strategy,0
Major Dream: Major DS Dream Baseball,DS,2008,Sports,0
Steins;Gate: Senkei Kousoku no Phonogram,X360,2013,Adventure,0
Escape the Emerald Star,PC,2011,Puzzle,0.02
Thunderbirds,GBA,2004,Shooter,0.02
TV Total Events,Wii,2011,Misc,0
Vitamin Z Revolution,PSP,2010,Adventure,0
Aegis of Earth: Protonovus Assault,PS3,2016,Action,0.01
Aria: The Origination ~Aoi Wakusei no El Cielo~,PS2,2008,Adventure,0
Inkheart,DS,2009,Adventure,0.02
Lunatic Dawn Tempest,PS2,2001,Role-Playing,0
Strike Witches: Shirogane no Tsubasa,PSP,2012,Strategy,0
Total Immersion Racing,XB,2002,Racing,0.02
Luxor: The Wrath of Set,PSP,2006,Puzzle,0.02
Board Game: Top Shop,PS,1999,Misc,0.01
Blade Arcus from Shining EX,PS3,2015,Fighting,0
Bigfoot King of Crush,Wii,2011,Racing,0.02
NANA: Live Staff Daiboshuu! Shoshinsha Kangei,DS,2007,Action,0
Demigod,PC,2009,Strategy,0
Cocoto Magic Circus,Wii,2008,Shooter,0.02
Rugby Challenge 3,X360,2016,Sports,0
Toukiden 2,PS3,2016,Action,0
Europa Universalis III Complete,PC,2008,Strategy,0
Zero no Tsukaima: Shou-akuma to Harukaze no Concerto,PS2,2007,Adventure,0
Dunamis 15,PS3,2011,Adventure,0
DemiKids: Dark Version,GBA,2002,Role-Playing,0.02
Resident Evil: Umbrella Corps,PS4,2016,Action,0
Mage Knight: Destiny's Soldier,DS,2006,Strategy,0.02
Fishdom 2 Deluxe,PC,2010,Puzzle,0
Blender Bros.,GBA,2002,Platform,0.02
Treasure Chase,DS,2011,Puzzle,0.02
Suzumiya Haruhi no Heiretsu,Wii,2009,Adventure,0
Stronghold Crusader Extreme,PC,2008,Strategy,0
Nanatsuiro * Drops Pure!!,PS2,2007,Adventure,0
DemiKids: Light Version,GBA,2002,Role-Playing,0.02
Pe-Jongju to Manabu Kankokugo DS: Test-Hen,DS,2010,Misc,0
Cities XL 2011,PC,2010,Simulation,0
Farm Frenzy 3,DS,2011,Strategy,0
Bottom of the 9th '97,PS,1997,Sports,0.01
Shaman King: Chou Senjiryokketsu 3,GBA,2002,Role-Playing,0
Rapala for Kinect,X360,2011,Sports,0
Line Rider 2: Unbound,Wii,2008,Puzzle,0.02
Hyakka Hyakurou: Sengoku Ninpoujou,PSV,2016,Adventure,0
HatsuKare * Renai Debut Sengen!,PSP,2013,Adventure,0
QUIZ PARTY,Wii,2012,Misc,0
SimCity Societies,PC,2007,Simulation,0
Winx Club: Rockstars,DS,2010,Adventure,0
World Series of Poker 2008: Battle for the Bracelets,PSP,2007,Misc,0.02
Star Trek Online,PC,2010,Role-Playing,0
Kingdom: Ikkitousen no Ken,PSP,2010,Action,0
Wrestle Kingdom 2: Pro Wrestling Sekai Taisen,PS2,2007,Fighting,0
RayCrisis: Series Termination,PS,1999,Shooter,0.01
Bomberman Story DS,DS,2007,Role-Playing,0
Anima - Gate of Memories,PS4,2016,Action,0
Ikki Tousen: Shining Dragon,PS2,2007,Role-Playing,0
Tom Clancy's Rainbow Six: Vegas 2,PC,2008,Shooter,0
Kimi ga Aruji de Shitsuji ga Ore de: Oshie Nikki,PS2,2008,Adventure,0
Toxic Grind,XB,2002,Sports,0.02
Tropico 4: Modern Times,PC,2012,Strategy,0
Daito Giken Koushiki Pachi-Slot Simulator: Hihouden - Fuujirareta Megami Portable,PSP,2011,Misc,0
ScrapLand,XB,2005,Action,0.02
Enchanted Arms (JP sales),X360,2006,Role-Playing,0
Utawarerumono: Futari no Hakuoro,PS3,2016,Misc,0
Geten no Hana,PSP,2013,Misc,0
Harukanaru Toki no Naka de 3 with Izayoiki Aizouban,PSP,2009,Adventure,0
Indianapolis 500 Evolution,X360,2009,Racing,0.02
Brothers in Arms: Hell's Highway,PC,2008,Shooter,0
D.Gray-man: Sousha no Shikaku,PS2,2008,Adventure,0
Crazy Machines,Wii,2010,Puzzle,0.01
Ookami to Koushinryou: Omiowataru Kaze,DS,2009,Adventure,0
DiRT,PC,2007,Racing,0
School Days LxH,PS2,2008,Adventure,0
IL-2 Sturmovik: Forgotten Battles,PC,2003,Simulation,0
Serious Sam HD: Gold Edition,X360,2011,Shooter,0
Big Idea's VeggieTales: LarryBoy and the Bad Apple,PS2,2006,Action,0.01
Neo Angelique,PS2,2006,Adventure,0
Psycho-Pass: Mandatory Happiness,PSV,2016,Adventure,0
Namco Museum Battle Collection (JP sales),PSP,2005,Misc,0
Ceville,PC,2009,Action,0
Brandish: The Dark Revenant,PSP,2009,Role-Playing,0
Thomas and Friends: Steaming around Sodor,3DS,2015,Action,0
Chaos;Head Noah,PSP,2010,Adventure,0
Summon Night: Swordcraft Story,GBA,2003,Role-Playing,0.02
Samurai Shodown V,XB,2006,Fighting,0.02
Falcon 4.0: Allied Force,PC,2005,Simulation,0
Minna no Chizu 2,PSP,2007,Misc,0
Pro Fishing Challenge,XB,2004,Sports,0.02
Franklin's Great Adventures,DS,2006,Action,0.02
Atelier Firis: The Alchemist of the Mysterious Journey,PSV,2016,Role-Playing,0
Phoenix Wright: Ace Attorney Trilogy,3DS,2014,Adventure,0
Princess Saver! Eternal Love for My Lady,PS2,2010,Adventure,0
Jitsumei Jikkyou Keiba Dream Classic 2002,PS2,2002,Sports,0
Ice Age: Dawn of the Dinosaurs,PC,2009,Action,0.02
To Love-Ru Trouble: Darkness - True Princess,PSV,2015,Action,0
Tokyo Mew Mew,PS,2002,Role-Playing,0
Kawasaki Jet Ski,Wii,2008,Racing,0.02
Interactive Storybook DS Series 3,DS,2007,Misc,0.02
Twinkle * Crusaders GoGo!,PSP,2010,Adventure,0
Moujuutsukai to Oujisama: Snow Bride Portable,PSP,2012,Adventure,0
Rule of Rose,PS2,2006,Action,0.01
RedCard 20-03,GC,2002,Sports,0.02
Bejeweled 2 Deluxe,PC,2006,Puzzle,0
Freestyle Metal X,XB,2003,Racing,0.02
Captain Morgane and the Golden Turtle,PS3,2012,Adventure,0
Shonen Jump's One Piece: Grand Adventure,PS2,2005,Fighting,0.01
Dino Dini's Kick Off Revival,PS4,2016,Sports,0
Pac-Man World Rally,PS2,2006,Racing,0.01
Winning Post 8 2015,PS3,2015,Action,0
GT Legends,PC,2005,Racing,0
Monster High 13 Wishes,WiiU,2013,Action,0.02
Ukiyo no Roushi,PSV,2015,Action,0
Uta Kumi 575,PSV,2014,Misc,0
The Professor's Brain Trainer: Logic,DS,2005,Puzzle,0.02
Street Fighter X Tekken,PC,2012,Fighting,0
Kung Fu Panda,PC,2008,Action,0
428: Fuusa Sareta Shibuya de,PS3,2009,Adventure,0
Catan,DS,2009,Strategy,0
Frontlines: Fuel of War,PC,2008,Shooter,0
Jewel Match 2,DS,2012,Puzzle,0
Hisshou Pachinko * Pachi-Slot Kouryaku Series Portable Vol. 2: CR Evangelion - Hajimari no Fukuin,PSP,2010,Misc,0
Rugby World Cup 2015,XOne,2015,Sports,0
NFL Blitz Pro,GC,2003,Sports,0.02
Tom Clancy's EndWar,PC,2009,Strategy,0
Totally Spies! 2: Undercover,DS,2006,Action,0.01
Black Rose Valkyrie,PS4,2016,Role-Playing,0
Commandos: Strike Force,XB,2006,Shooter,0.02
Warriors of the Lost Empire (JP sales),PSP,2007,Role-Playing,0
Jojo's Bizarre Adventure,PS,1999,Fighting,0.01
Lode Runner,DS,2006,Puzzle,0
Evolution Snowboarding,PS2,2002,Sports,0.01
Zathura,XB,2005,Adventure,0.02
Jissen Pachinko Hisshouhou! CR Sakura Taisen,PS2,2007,Misc,0
Zillions of Enemy X: Zetsukai no Crusade,PS3,2013,Role-Playing,0
Super Nazo Puyo Tsuu: Ruruu no Tetsuwan Hanjyouki,SNES,1996,Puzzle,0
Plants vs. Zombies: Garden Warfare,PC,2014,Shooter,0
Happiness! De-Lucks,PS2,2007,Adventure,0
Doki Majo Plus,DS,2009,Adventure,0
Eureka Seven Vol. 2: The New Vision,PS2,2006,Shooter,0
Love Once: Mermaid's Tears,PS3,2011,Adventure,0
Castlevania: Lords of Shadow - Reverie,X360,2011,Action,0.02
Puzzle Challenge: Crosswords and More!,PS2,2006,Puzzle,0.01
Muppets Party Cruise,GC,2003,Misc,0.02
"Simple 2500 Series Portable!! Vol. 12: The Hohei 2: Senyuu yo, Sakini Ike",PSP,2009,Action,0
Test Drive Unlimited,PC,2007,Racing,0
Shippuu Mahou Daisakusen: Kingdom-Grandprix,SAT,1996,Shooter,0
Saint,Wii,,Shooter,0.02
Grey's Anatomy: The Video Game,PC,2009,Adventure,0
Yamasa Digi Portable: Matsuri no Tatsujin - Win-Chan no Natsumatsuri,PSP,2006,Misc,0
Let's Play Flight Attendant,DS,2010,Simulation,0.02
F1 Race Stars,PC,2012,Racing,0
Quiz Present Variety Q-Sama!! DS: Pressure Study x Atama Gai Kunaru Drill SP,DS,2011,Misc,0
Call of Duty: Modern Warfare Trilogy,PS3,2016,Shooter,0.01
Motto! SoniComi,PS3,2014,Simulation,0
Heart no Kuni no Alice Anniversary Ver.: Wonderful Wonder World,PSP,2011,Adventure,0
Serious Sam: Next Encounter,GC,2004,Shooter,0.02
Diabolik Lovers: More Blood,PSV,2015,Adventure,0
PachiPara 15: Super Umi Monogatari in Okinawa 2,PS3,2010,Misc,0
Serious Sam HD: Gold Edition,PC,2010,Shooter,0
Knight's Apprentice: Memorick's Adventures,XB,2004,Action,0.02
Akai Ito DS,DS,2008,Adventure,0
Natsuiro no Sunadokei,PS2,2002,Adventure,0
Freedom Wings,DS,2006,Simulation,0.02
Unreal Anthology,PC,2006,Shooter,0
Jissen Pachi-Slot Hisshouhou! Mister Magic Neo,PS2,2007,Misc,0
Triple Crown Championship Snowboarding,Wii,2010,Sports,0.02
Dream Chronicles,DS,2010,Adventure,0.02
18 Wheels of Steel: Extreme Trucker,PC,2009,Racing,0
X3: Terran War Pack,PC,2012,Misc,0
Geon Cube,Wii,2009,Puzzle,0.02
Left 4 Dead,PC,2008,Shooter,0
Steal Princess,DS,,Platform,0.02
Ballblazer Champions,PS,1997,Sports,0.01
Azada,3DS,2012,Puzzle,0
Gochuumon wa Usagi Desu ka?? Wonderful Party!,PSV,2016,Adventure,0
Koisuru Otome to Shugo no Tate: The Shield of AIGIS,PS2,2008,Adventure,0
Galaxy Angel II: Eigou Kaiki no Koku,PS2,2009,Strategy,0
Moujuutsukai to Oujisama Portable,PSP,2011,Adventure,0
Genroh,PSP,2012,Action,0
Otome wa Oanesama Boku ni Koi Shiteru Portable,PSP,2010,Adventure,0
Iron Phoenix,XB,2005,Fighting,0.02
Kuon,PS2,2004,Adventure,0.01
Kannou Mukashi Banashi Portable,PSP,2012,Adventure,0
Tennis no Oji-Sama: Driving Smash! Side King,DS,2008,Sports,0
Umineko no Naku Koro ni: Majo to Suiri no Rinbukyoku,PS3,2010,Adventure,0
Rose to Tasogare no Kojou,PSV,2016,Action,0
Tale of a Hero,PC,2010,Adventure,0
UnchainBlades EXXiV,3DS,2012,Role-Playing,0
Mount & Blade,PC,2008,Role-Playing,0
Carmen Sandiego: The Secret of the Stolen Drums,GC,2004,Action,0.02
Fritz Chess,DS,2009,Strategy,0.02
Puyo Puyo! 15th Anniversary,PSP,2007,Puzzle,0
Mind over Matter,DS,2010,Puzzle,0.02
Dies Irae: Amantes Amentes,PSP,2012,Action,0
The Idolmaster: Gravure For You! Vol.9,PS3,2012,Action,0
Casper's Scare School: Classroom Capers,DS,2008,Adventure,0.02
Discovery Kids: Snake Safari,DS,2009,Simulation,0.02
Heavy Fire: The Chosen Few 3D,3DS,2011,Shooter,0.02
Fuel,PC,2009,Racing,0
The Settlers IV,PC,2001,Strategy,0
Ryu-koku,PS2,2006,Adventure,0
Dungeon Defenders,PC,2011,Role-Playing,0.02
Maji de Manabu: LEC de Ukaru - DS Hishou Boki 3-Kyuu,DS,2008,Misc,0
GunParade Orchestra: Midori no Shou,PS2,2006,Adventure,0
Group S Challenge,XB,2003,Racing,0.02
Fritz Chess,Wii,2009,Strategy,0.02
G1 Jockey Wii,Wii,2007,Sports,0
Shooter: Starfighter Sanvein,PS,2000,Shooter,0.01
Sakura Wars 1 & 2,PSP,2006,Strategy,0
Dragon's Lair,DS,2010,Platform,0.02
Disney's Meet the Robinsons,DS,2007,Action,0.02
Mata Hari: Betrayal is only a Kiss Away,PC,2008,Adventure,0
Cities in Motion Collection,PC,2011,Simulation,0
Date A Live: Arusu Install,PS3,2014,Adventure,0
Terminator 3: The Redemption,GC,2004,Shooter,0.02
Farm Frenzy,PC,2008,Strategy,0.02
Tengen Toppa Gurren-Lagann,DS,2007,Action,0
Mario Tennis,3DS,,Sports,0
Sugoi Hebereke,SNES,1994,Fighting,0
Pebble Beach Golf Links,SAT,1994,Sports,0
Veggy World,DS,2011,Shooter,0.02
Dakar 2: The World's Ultimate Rally,XB,2003,Racing,0.02
Balls of Fury,Wii,2007,Sports,0.02
Indigo Prophecy,PC,2005,Adventure,0
Overlord,PC,2007,Strategy,0
Higurashi Daybreak Portable Mega Edition,PSP,2009,Adventure,0
The Lord of the Rings: The Battle for Middle-Earth II,PC,2006,Strategy,0.01
Whiteout,PS2,2002,Racing,0.01
Shinken de Watashi ni Koi Shinasai! R,PS3,2012,Action,0
Command & Conquer: The First Decade,PC,2006,Strategy,0.01
Shiratsuyu no Kai,PSP,2013,Adventure,0
Rugby League Team Manager 2015,PC,2015,Action,0
FIFA Soccer 09,PC,2008,Sports,0
Quake 4,PC,2005,Shooter,0
XGRA: Extreme G Racing Association,GC,2003,Racing,0.02
World Neverland 2in1 Portable: Olerud Kingdom & Republic of Pluto,PSP,2008,Simulation,0
Max Payne,PC,2001,Shooter,0
Taito Legends 2,PS2,2006,Misc,0.01
Touhou Genso Rondo: Bullet Ballet,PS4,2016,Shooter,0.02
Kill.Switch,GBA,2004,Shooter,0.02
"Renai Banchou: Inochi Meishi, Koiseyo Otome! Love is Power!!!",PSP,2010,Adventure,0
Jinsei Game Wii,Wii,2007,Misc,0
So Blonde,PC,2008,Adventure,0
Atari Flashback Classics: Volume 1,XOne,2016,Misc,0.02
The Sims: Complete Collection,PC,2005,Simulation,0.01
Motto Hayaku! Seikaku Ni! Suu Sense Keisan Ryuoku Up Training - SuuTore,DS,2008,Misc,0
SBK: Snowboard Kids,DS,2005,Sports,0.02
Gekka Ryouran Romance,PSP,2011,Adventure,0
Guess the Logos,XB,2004,Puzzle,0.02
Ore no Yome: Anata Dake no Hanayome,X360,2010,Adventure,0
Resident Evil Zero,PC,2016,Action,0.01
NightTruth: Explanation of the Paranormal - The Making of Nighttruth: Voice Selection,SAT,1996,Misc,0
Final Approach 2: 1st Priority,PS2,2008,Adventure,0
Mind Your Language: Learn English! / French! / German! / Spanish! /Japanese!,DS,2009,Misc,0
Homeworld,PC,1998,Strategy,0
Back to the Future: The Game,X360,2015,Adventure,0.02
Sniper Elite V2,WiiU,2013,Shooter,0
Moujuutsukai to Oujisama: Snow Bride,PS2,2011,Adventure,0
Detective Jinguuji Saburo: Ronde Revenge,3DS,2012,Action,0
Casper: Spirit Dimensions,GC,2002,Platform,0.02
Meitantei Evangelion,PS2,2007,Adventure,0
Tsuyo Kiss 2 Portable,PSP,2010,Adventure,0
Paragon,PS4,2016,Action,0.02
Order of War,PC,2009,Strategy,0
The Fast and the Furious,PSP,2007,Racing,0.02
Butt-Ugly Martians: Zoom or Doom!,PS2,2002,Racing,0.01
Mar Heaven: Karudea no Akuma,DS,2006,Role-Playing,0
Vampire Mansion: Linda Hyde,DS,2011,Adventure,0
Brain Dead 13,PS,1996,Adventure,0.01
Robotics;Notes,X360,2012,Adventure,0
Maximum Capacity: Hotel Giant,PC,2002,Strategy,0
Sacred Gold,PC,2005,Role-Playing,0
Shaberu! DS Oryouri Navi: Marugoto Teikoku Hotel: Saikouhou no Ryouri-chou ga Oshieru Katei Ryouri,DS,2007,Misc,0
T.A.C. Heroes : Big Red One,DS,2010,Strategy,0.02
The King of Fighters NeoWave,XB,2006,Fighting,0.02
Dungeons & Dragons: Shadow over Mystara,PS3,2013,Role-Playing,0
Super PickUps,PS2,2007,Racing,0.01
Command & Conquer 3: Deluxe Edition,PC,2008,Strategy,0
Legend: Hand of God,PC,2007,Role-Playing,0
Negima!? Chou Mahora Taisen Chuu: Checkiin Zenin Shuugou! Yappari Onsen Kichaimashitaa,DS,2007,Adventure,0
Atari Flashback Classics: Volume 2,XOne,2016,Misc,0.02
Aquanaut's Holiday,PS,1995,Adventure,0.01
Hakuoki: Shinkai - Hana no Shou,PSV,2016,Adventure,0
Hot 'n' Cold,DS,2009,Action,0.02
Nisenochigiri,PSP,2010,Adventure,0
Sacred 3,PC,2014,Role-Playing,0
Pro Evolution Soccer 2017,PC,2016,Sports,0
Wakeboarding Unleashed Featuring Shaun Murray,GBA,2003,Sports,0.01
Last Escort,PS2,2006,Adventure,0
Kikou Heidan J-Phoenix: Cobalt Shoutaihen,PS2,2002,Action,0
SAW,PC,2009,Action,0
World Championship Poker featuring Howard Lederer: All In,Wii,2006,Misc,0.02
Meikyuu Cross Blood: Reloaded,X360,2011,Action,0
Livly Garden,DS,2010,Simulation,0
Nicktoons Collection: Game Boy Advance Video Volume 3,GBA,2005,Misc,0.01
The Awakened Fate Ultimatum,PS3,2014,Role-Playing,0
Spider-Man 3,PC,2007,Platform,0.02
Xblaze: Lost Memories,PS3,2015,Adventure,0.02
Elminage III: Ankoku no Shito to Yaiyou no Kyuuden,PSP,2011,Role-Playing,0
Commando: Steel Disaster,DS,2008,Shooter,0.02
Aria: The Natural ~Tooi Yume no Mirage~,PS2,2006,Adventure,0
Fallout Trilogy,PC,2004,Role-Playing,0
Katekyoo Hitman Reborn! Dream Hyper Battle! Wii,Wii,2008,Fighting,0
Natalie Brooks: Mystery at Hillcrest High,DS,2012,Action,0
Gal Gun,PS3,2012,Shooter,0
Hakuouki: Yuugi Roku DS,DS,2011,Adventure,0
Shonen Jump's Shaman King: Master of Spirits 2,GBA,2005,Role-Playing,0.01
Toki no Kizuna: Hanayui Tsuzuri,PSP,2013,Adventure,0
Rinne no Lagrange: Kamogawa Days,PS3,2012,Adventure,0
Code R,SAT,1998,Adventure,0
The Idolmaster: Gravure For You! Vol.8,PS3,2012,Action,0
Spirits and Demons: 5 Game Pack,PC,2015,Misc,0
Disney Sports Football,GBA,2002,Sports,0.01
Chicken Hunter,DS,2007,Shooter,0.02
Net High,PSV,2015,Adventure,0
Kao Challengers,PSP,2005,Platform,0.02
Hakuoki: Shinkai - Furi no Shou,PSV,2015,Action,0
Jake Hunter: Detective Chronicles,DS,2008,Adventure,0.02
Spider-Man: Web of Shadows,PC,2008,Action,0
Demolition Company: Gold Edition,PC,2011,Simulation,0
Onechanbara Special,PSP,2011,Action,0
Headhunter: Redemption,XB,2004,Action,0.02
Jewel Master: Cradle Of Rome 2,DS,2011,Puzzle,0
Daikaijuu Battle: Ultra Coliseum,Wii,2008,Fighting,0
Saki: Achiga-Hen Portable,PSP,2013,Adventure,0
Minna de Dokusho: Keatai Shousetsu Desu,PSP,2008,Misc,0
Polar Bowler,DS,2008,Sports,0.02
Prehistorik Man,GBA,2001,Platform,0.01
Winter Sports 2011,X360,2011,Sports,0
F1 2002,GBA,2002,Racing,0.01
Chicago Enforcer,XB,2005,Shooter,0.02
TV Anime Idolm@ster: Cinderella Girls G4U! Pack Vol.7,PS3,2015,Misc,0
The Lord of the Rings Online: Mines of Moria,PC,2008,Role-Playing,0
Chevrolet Camaro: Wild Ride,DS,2010,Racing,0.02
Jinguuji Saburou DS: Akai Chou,DS,2010,Adventure,0
Carmageddon: Max Damage,XOne,2016,Action,0.01
Stormrise,PC,2009,Strategy,0
Dance Dance Revolution Extra Mix,PS,2001,Simulation,0
UnchainBlades EXXiV,PSP,2012,Role-Playing,0
Meitantei Conan: Kieta Hakase to Machigai Sagashi no Tou,DS,2008,Adventure,0
Nobunaga's Ambition: Tenshouki with Power-Up Kit HD Version,PSV,2015,Strategy,0
Super Bowling,N64,1999,Sports,0.02
Rat Attack!,N64,2000,Puzzle,0.02
Kawaii Koinu DS 3,DS,2010,Simulation,0
Hoppie,DS,2011,Platform,0.02
Chuugen no Hasha: Sangoku Shouseiden,PSP,2006,Strategy,0
Resident Evil 4 HD,XOne,2016,Shooter,0.02
Largo Winch .// Commando Sar,PS,2002,Adventure,0.01
Joker no Kuni no Alice: Wonderful Wonder World,PSP,2011,Adventure,0
Cross Treasures,DS,2009,Role-Playing,0
Painkiller,PC,2004,Shooter,0
Ruff Trigger: The Vanocore Conspiracy,PS2,2006,Platform,0.01
Fast & Furious: Showdown,PS3,2013,Action,0
Princess Isabella: A Witch's Curse,Wii,2010,Adventure,0.02
Casper's Scare School: Spooky Sports Day,Wii,2009,Sports,0.02
War Leaders: Clash of Nations,PC,2009,Strategy,0
Ferrari Challenge Trofeo Pirelli Deluxe,Wii,2009,Racing,0
Silent Bomber,PS,1999,Action,0.01
Samurai & Dragons,PSV,2012,Action,0
Elminage Original: Majo to Megami to Kamigami no Yubiwa,PSP,2011,Role-Playing,0
PDC World Championship Darts: Pro Tour,X360,2010,Sports,0
TalkMan,PSP,2006,Misc,0
RollerCoaster Tycoon World,PC,2016,Simulation,0
Oil Rush,PC,2012,Strategy,0
XGRA: Extreme G Racing Association,XB,2003,Racing,0.02
Arslan: The Warriors of Legend,XOne,2016,Action,0.01
Darksiders: Warmastered Edition,PS4,2016,Action,0.02
Uta no * Prince-Sama,PSP,2010,Adventure,0
Agatha Christie: The ABC Murders,PC,2016,Adventure,0
Elminage Gothic: Ulm Zakir to Yami no Gishiki,PSP,2012,Role-Playing,0
Planetarium Creator Ohira Takayuki Kanshuu: HomeStar Portable - 21st Century Star Navigator,PSP,2006,Misc,0
Crayon Shin-Chan: Uchuu de Achoo!? Yuujou no Oba-Karate!!,3DS,2011,Action,0
Mushishi: Amefuru Sato,DS,2008,Simulation,0
Timmy Time,DS,2011,Action,0
Arcana Famiglia: Vascello Phantasma no Majutsushi,PSP,2012,Action,0
Lara Croft and the Temple of Osiris,PC,2014,Action,0
The Legend of Heroes: Trails in the Sky Second Chapter,PS3,2013,Role-Playing,0
Airport Simulator,PC,2011,Simulation,0
Motocross Mania 3,XB,2005,Racing,0.01
Winning Post 7: Maximum 2007,PS2,2007,Sports,0
ESPN MLS ExtraTime 2002,GC,2002,Sports,0.02
Strike Witches: Anata to Dekiru Koto - A Little Peaceful Days,PS2,2010,Action,0
Vitamin R,PSP,2013,Adventure,0
Angelique Retour,PSV,2015,Action,0
Fist of the North Star: Ken's Rage 2,WiiU,2013,Fighting,0
Blazing Angels: Squadrons of WWII,PC,2006,Simulation,0.02
Hellgate: London,PC,2007,Role-Playing,0
Gakuen K: Wonderful School Days,PSP,2014,Adventure,0
Dragon Ball Z: Buu's Fury / Dragon Ball GT: Transformation,GBA,2006,Action,0.01
Guitar Freaks V2 & DrumMania V2,PS2,2006,Simulation,0
Backyard Baseball '09,PS2,2008,Sports,0.01
Dynasty Warriors 8: Empires,PSV,2015,Action,0
Puzzle City,DS,2009,Puzzle,0.02
Dance! It's Your Stage,PS3,2011,Misc,0
CV Casting Voice,PS3,2014,Adventure,0
Pastel Chime Continue,PSP,2010,Adventure,0
Zwei!!,PSP,2008,Role-Playing,0
The Sims 2: Happy Holiday Stuff,PC,2006,Simulation,0.01
Ro-Kyu-Bu! Lost Secret,PSP,2013,Adventure,0
Pump It Up: Exceed,XB,2005,Misc,0.01
Tenkai Knights: Brave Battle,3DS,2014,Action,0.01
TOCA Race Driver 3,PC,2006,Racing,0
Malice,PS2,2004,Platform,0.01
Devil Survivor: Over Clock,3DS,2015,Strategy,0
Defendin' De Penguin,DS,2008,Strategy,0.02
Sega Ages 2500 Series Vol. 32: Phantasy Star Complete Collection,PS2,2008,Role-Playing,0
Kokoro Connect: Yochi Random,PSP,2012,Action,0
Littlest Pet Shop,PC,2008,Simulation,0
Warship Gunner 2 Portable,PSP,2009,Simulation,0
Downtown Nekketsu Jidaigek,3DS,2015,Action,0
B-17: Fortress in the Sky,DS,2007,Simulation,0.02
Spanish for Everyone!,DS,2007,Puzzle,0.02
Battle Princess of Arcadias,PS3,2013,Role-Playing,0
Chuck E. Cheese's Super Collection,Wii,2011,Action,0.02
Runaway: A Twist of Fate,DS,,Adventure,0
Uchuu Keiji Tamashii: The Space Sheriff Spirits,PS2,2006,Action,0
X-Plane 10 Global,PC,2013,Simulation,0
Drakensang: The Dark Eye,PC,2009,Role-Playing,0.02
WRC 2: FIA World Rally Championship,PC,2011,Racing,0
Car Battler Joe,GBA,2001,Role-Playing,0.01
StormLover Karen!!,PSP,2011,Adventure,0
Digimon Rumble Arena 2,XB,2004,Fighting,0.01
Steins;Gate: Hiyoku Renri no Darling,PS3,2012,Adventure,0
Ten Pin Alley 2,Wii,2008,Sports,0.02
Coded Soul: Uke Keigareshi Idea,PSP,2008,Role-Playing,0
AIR,PSP,2007,Adventure,0
Hana to Otome ni Shukufuku o: Harekaze no Okurimono,PS2,2010,Adventure,0
Otoko Yukaku,PSV,2015,Action,0
Mount & Blade Collection,PC,2012,Role-Playing,0
Ridge Racer Unbounded,PC,2012,Racing,0
Mortal Kombat,PC,1994,Fighting,0.02
TV Anime Idolm@ster: Cinderella Girls G4U! Pack Vol.5,PS3,2015,Action,0
Virtua Pro Football,PS2,2006,Sports,0
Date-A-Live Twin Edition: Rio Reincarnation,PSV,2015,Action,0
Adidas Power Soccer 98,PS,1998,Sports,0.01
Natsuiro High School: Seishun Hakusho,PS4,2015,Action,0
Yu-Gi-Oh! 5D's Wheelie Breakers (JP sales),Wii,,Racing,0
Heroes VS,PSP,2013,Fighting,0
Mini Ninjas,PC,2009,Action,0
Sotsugyou II: Neo Generation Special,3DO,1995,Simulation,0
Tsuki ni Yori Sou Otome no Sahou: Hidamari no Hibi,PSV,2015,Adventure,0
Kazoku Keikaku,PSP,2010,Adventure,0
Resident Evil 5 HD,XOne,2016,Action,0.02
Super Fruit Fall,Wii,2006,Puzzle,0.01
Jelly Belly: Ballistic Beans,Wii,2009,Puzzle,0.02
Army Rescue,Wii,2009,Shooter,0.02
Tom Clancy's Splinter Cell Classic Trilogy HD,PS3,2011,Action,0.02
"Transformers: Revenge of the Fallen (XBox 360, PS3, & PC Versions)",PC,2009,Shooter,0.02
UFO: Trilogy,PC,2007,Strategy,0
Amatsumi Sora ni! Kumo no Hatate ni,PSV,2015,Adventure,0
Dark Tales: Edgar Allan Poe's The Premature Burial,PC,2012,Puzzle,0
Aoishiro,PS2,2008,Adventure,0
Mount & Blade: Warband,PC,2010,Role-Playing,0.01
Virtual Kasparov,GBA,2002,Strategy,0.01
Codename: Kids Next Door: Operation V.I.D.E.O.G.A.M.E.,XB,2005,Platform,0.01
PC Engine Best Collection: Tengai Makyou Collection,PSP,2008,Role-Playing,0
Kung Fu Panda: Showdown of Legendary Legends,PS3,2015,Action,0
Kung Fu Panda: Showdown of Legendary Legends,X360,2015,Action,0
Speed Kings,GC,2003,Racing,0.01
Mighty No. 9,XOne,2016,Platform,0.02
You Don't Know Jack,PC,1995,Misc,0.02
Crysis: Warhead,PC,2008,Shooter,0
ESPN MLS ExtraTime 2002,XB,2002,Sports,0.01
Worldwide Soccer Manager 2007,PC,2006,Sports,0
Zettai Meikyuu Grimm: Nanatsu no Kagi to Rakuen no Otome,PSP,2010,Misc,0
The Sims 2: Family Fun Stuff,PC,2006,Simulation,0
Dreamer Series: Horse Trainer,DS,2008,Simulation,0.02
Hogs of War,PS,2000,Strategy,0.01
Elven Legacy,PC,2009,Strategy,0.02
Katekyoo Hitman Reborn! Dream Hyper Battle!,PS2,2007,Fighting,0
Muchi Muchi Pork & Pink Sweets,X360,2011,Shooter,0
Trapped Dead,PC,2011,Strategy,0
Meiji Toukyou Renka,PSP,2013,Adventure,0
Point Blank 3,PS,2000,Shooter,0.01
Mushihimesama,X360,2012,Action,0
Higurashi no Naku Koro ni: Jan,PSP,2009,Misc,0
Ratchet & Clank Collection,PSV,2014,Action,0
Elvandia Story,PS2,2007,Role-Playing,0
Winning Post 8 2016,PS4,2016,Simulation,0
Soukoku no Kusabi: Hiiro no Kakera 3 - Ashita e no Tobira,PSP,2012,Action,0
Triggerheart Excelica Enhanced,PS2,2009,Shooter,0
Vietcong,PC,2003,Shooter,0
Nervous Brickdown,DS,2007,Puzzle,0
Puzzle Star Sweep,PS,1997,Puzzle,0.01
Battle Spirits: Kiseki no Hasha,PSP,2009,Role-Playing,0
Maximum Racing: Crash Car Racer,Wii,2010,Racing,0.01
The Conveni 4,PS2,2006,Simulation,0
The Cheetah Girls,GBA,2006,Misc,0.01
Charlie's Angels,GC,2003,Action,0.01
Kamen Rider: Battride War II,WiiU,2014,Action,0
Niko Puchi Girls Runway,3DS,2015,Misc,0
uDraw Studio: Instant Artist,X360,2011,Misc,0.01
The Testament of Sherlock Holmes,X360,2012,Adventure,0
Seitokai no Ichizon: DS-suru Seitokai,DS,2010,Adventure,0
Disney Infinity,PSV,2013,Action,0.01
Guitar Hero III: Legends of Rock,PC,2007,Misc,0.02
Teenage Mutant Ninja Turtles Double Pack,GBA,2006,Action,0.01
The Crew: Wild Run,XOne,2015,Action,0
Prism Ark: Awake,PS2,2008,Adventure,0
TV Anime Idolm@ster: Cinderella Girls G4U! Pack Vol.8,PS3,2016,Misc,0
Rozen Maiden: Duellwalzer,PS2,2006,Adventure,0
Rugby 06,XB,2006,Sports,0.01
Winter Blast: 9 Snow & Ice Games,Wii,2010,Sports,0.02
Coven and Labyrinth of Refrain,PSV,2016,Action,0
Marvel Avengers: Battle for Earth,X360,2012,Action,0.02
Natsuiro High School: Seishun Hakusho,PS3,2015,Action,0
Uppers,PSV,2016,Action,0
Shrek / Shark Tale Game Boy Advance Video,GBA,2006,Misc,0.01
Lovely x Cation 1 & 2,PSV,2015,Action,0
Urban Chaos: Riot Response,XB,2006,Shooter,0.01
Starship Troopers,PC,2005,Shooter,0
Downtown Nekketsu Koushinkyoku: Soreyuke Daiundoukai All-Star Special,PS3,2015,Action,0
Ginga Fukei Densetsu: Sapphire,TG16,1995,Shooter,0
Katekyoo Hitman Reborn!! Let's Ansatsu!? Nerawareta 10 Daime!,PS2,2007,Action,0
The Mummy,GBA,2002,Action,0.01
Guitar Freaks V3 & DrumMania V3,PS2,2007,Simulation,0
Chrysler Classic Racing,DS,2008,Racing,0.02
The Crow: City of Angels,PS,1997,Action,0.01
Military History: Commander - Europe at War,PSP,2009,Strategy,0
Snow Portable,PSP,2007,Adventure,0
Heroes of the Pacific,PC,2005,Simulation,0
Poyo Poyo Kansatsu Nikki,3DS,2012,Action,0
Jinsei Game DS,DS,2006,Misc,0
Guitar Freaks & DrumMania: Masterpiece Gold,PS2,2007,Simulation,0
7 Roses: A Darkness Rises,PC,2015,Misc,0
Nil Admirari no Tenbin: Teito Genwaku Toukidan,PSV,2016,Adventure,0
Broken Sword: The Sleeping Dragon,XB,2003,Adventure,0.01
Reversal Challenge,DS,2009,Misc,0.02
Darksiders,PS3,2010,Action,0.01
Tycoon City: New York,PC,2006,Strategy,0
Miyako,PSP,2010,Adventure,0
Motto NUGA-CEL!,PSP,2010,Adventure,0
NHL 09,PC,2008,Sports,0
Yu-Gi-Oh! GX: The Beginning of Destiny (JP sales),PS2,2007,Strategy,0
Super Dodge Ball,NG,1995,Sports,0
11eyes: CrossOver,PSP,2010,Adventure,0
Gon: BakuBakuBakuBaku Adventure,3DS,2012,Action,0
Style Book: Junior City,DS,2006,Misc,0
Earth Seeker,Wii,2011,Role-Playing,0
The Crew: Wild Run,PC,2015,Action,0
"Warhammer 40,000: Dawn of War: Soulstorm",PC,2008,Strategy,0
IGT Slots: Lucky Larry's Lobstermania,PC,2011,Simulation,0.02
Atlantic Quest,PC,2011,Puzzle,0
Bakumatsu Rock: Ultra Soul,PSV,2014,Misc,0
Barbie as the Princess and the Pauper,GBA,2004,Adventure,0.01
Tantei Opera: Milky Holmes,PSP,2010,Adventure,0
PopCap Hits!,X360,2011,Misc,0
Entaku no Seito: The Eternal Legend,PSP,2012,Role-Playing,0
New Atelier Rorona: Hajimari no Monogatari,3DS,2015,Action,0
WorldShift,PC,2009,Strategy,0.02
My Hero: Doctor,DS,2009,Action,0.02
Rainbow Islands Revolution,DS,2005,Platform,0.01
Sega Ages 2500 Series Vol. 29: Monster World Complete Collection,PS2,2007,Role-Playing,0
Pillars of Eternity,PC,2014,Role-Playing,0
Cabela's Alaskan Adventure,PS2,,Sports,0.01
Metal Fight Beyblade Portable: Chouzetsu Tensei Vulcan Horses,PSP,2010,Action,0
Elf Bowling 1 & 2,DS,2005,Sports,0.02
"Moshi, Kono Sekai ni Kami-sama ga Iru to suru Naraba.",PSV,2016,Adventure,0
Germany's Next Topmodel 2011,Wii,2011,Simulation,0
Heavy Fire: Afghanistan,PC,2011,Shooter,0.02
Arabians Lost: The Engagement on Desert,PS2,2007,Adventure,0
Legendary,PC,2008,Shooter,0
Densha de Go! Tokubetsu-hen: Fukkatsu Shouwa no Yamatesen,DS,2010,Simulation,0
Garfield Gets Real,DS,2009,Action,0
SD Gundam Sangokuden Brave Battle Warriors: Shin Mirisha Taisen,DS,2010,Action,0
Gakken DS: Shin TOEIC Test Kanzen Kouryaku,DS,2007,Misc,0
Summon Night Granthese: Horobi no Ken to Yakusoku no Kishi,PS2,2010,Role-Playing,0
Crime Scene,DS,2009,Adventure,0
Puzzle Guzzle,PSP,2007,Puzzle,0.02
Starry ? Sky: After Summer,PSP,2013,Misc,0
Thomas & Friends: Hero of the Rails,Wii,2010,Misc,0
Empire Deluxe,PC,1992,Strategy,0.02
ESPN NFL Primetime 2002,XB,2002,Sports,0.01
Gallop Racer Inbreed,PS2,2006,Sports,0
Red Ninja: End of Honor,XB,2005,Action,0.01
Ketsui: Kizuna Jigoku Tachi Extra,X360,2010,Shooter,0
Frisbee Disc Freestyle / Frisbee Disc Golf,DS,2007,Sports,0.02
The King of Fighters Collection: The Orochi Saga (JP sales),PS2,2006,Fighting,0
Suzumiya Haruhi-Chan no Mahjong,PSP,2011,Misc,0
Commandos 3: Destination Berlin,PC,2003,Strategy,0
Tsuki no Hikari: Shizumeru Kane no Satsujin,PS2,2002,Adventure,0
James Bond 007: Blood Stone,PC,2010,Shooter,0.02
Chili Con Carnage,PSP,2007,Shooter,0
Writing and Speaking Beautiful Japanese DS,DS,,Misc,0
Sega Ages 2500 Series Vol. 26: Dynamite Deka,PS2,2006,Action,0
Kong: The Animated Series,GBA,2002,Action,0.01
Puzzle Quest: Challenge of the Warlords,PSP,2007,Puzzle,0.01
Casper's Scare School: Spooky Sports Day,DS,2009,Sports,0.02
Koisuru Otome to Shugo no Tate Portable,PSP,2010,Adventure,0
PachiPara 3D: Ooumi Monogatari 2 - Pachi Pro Fuuunroku Hana,3DS,2012,Action,0
Garfield's Nightmare,DS,2007,Platform,0.01
"Shounen Onmyouji: Tsubasa Yoima, Ten e Kaere",PS2,2007,Adventure,0
Bakumatsu Renka: Karyuu Kenshi-den,PS2,2007,Adventure,0
Grisaia no Rakuen: Le Eden de la Grisaia,PSV,2014,Adventure,0
Iridium Runners,PS2,2008,Racing,0.01
Nodame Cantabile: Tanoshii Ongaku no Jikan Desu,DS,2010,Misc,0
Tiny Toon Adventures: Wacky Stackers,GBA,2001,Puzzle,0.01
Princess Frontier Portable,PSP,2011,Adventure,0
Rock Blast,Wii,2010,Puzzle,0.02
Touch Detective (JP sales),DS,2006,Adventure,0
Emergency Mayhem,Wii,2008,Racing,0.02
Mary King's Riding School,DS,2008,Simulation,0
Voodoo Chronicles: First Sign,PC,2011,Adventure,0.02
Rising Zan: The Samurai Gunman,PS,1998,Action,0.01
Uru: Ages Beyond Myst,PC,2003,Adventure,0
Prince of Stride,PSV,2015,Adventure,0
Robopon 2: Cross Version,GBA,2001,Role-Playing,0.01
Mai-Otome Hime: Otome Butou Shi,PS2,2006,Fighting,0
Ben 10 Omniverse 2,3DS,2013,Action,0
TMNT: Mutant Melee,XB,2005,Fighting,0.01
Ultimate Puzzle Games,GBA,2005,Puzzle,0.01
Kimikare: New Semester,PSP,2012,Action,0
Katekyoo Hitman Reborn! Kindan no Yami no Delta,PS2,2008,Action,0
Prototype: Biohazard Bundle,PS4,2016,Action,0.01
RoboCop,XB,2003,Shooter,0.01
Haneru no Tobira Wii: Girigirissu,Wii,2007,Misc,0
Elminage II: Sousei no Megami to Unmei no Daichi,PSP,2009,Role-Playing,0
Titanic Mystery,Wii,2010,Puzzle,0.02
Aqua Panic!,DS,2009,Puzzle,0.01
Blazing Souls,PS2,2006,Role-Playing,0
Blood Bowl: Legendary Edition,PC,2010,Sports,0
Invizimals: The Lost Kingdom,PS3,2013,Action,0
Worms,X360,2007,Strategy,0
Seinaru Kana: Orichalcum no Na no Motoni,PSP,2012,Action,0
NHL 2K3,GC,2002,Sports,0.01
The Hustle: Detroit Streets,XB,2006,Sports,0.01
Tail of the Sun,PS,1996,Role-Playing,0.01
Revolution: 25th Anniversary Collection,PC,2016,Adventure,0
Barnyard Blast: Swine of the Night,DS,2008,Platform,0.02
Back to the Future: The Game,XOne,2015,Adventure,0
Space Channel 5: Ulala's Cosmic Attack,GBA,2002,Misc,0.01
Balls of Fury,DS,2007,Sports,0.02
Still Life 2,PC,2009,Adventure,0
Virtua Quest,PS2,,Role-Playing,0.01
Disney Sports Basketball,GBA,2002,Sports,0.01
Ozzy & Drix,GBA,2003,Platform,0.01
Nobunaga no Yabou: Soutensoku with Power-Up Kit,PSP,2011,Strategy,0
Yamasa Digi World SP: Moeyo! Kung Fu Shukujo,PS2,2006,Misc,0
Disney Sports Football,GC,2002,Sports,0.01
Castle Shikigami 2,PS2,2004,Shooter,0.01
Wizardry Twin Pack,PS3,2011,Role-Playing,0
Rabbids Invasion: The Interactive TV Show,PS4,2014,Misc,0
Gadget Racers (PAL),PS2,2002,Racing,0
Moe Star: Moeru Toudai Eigojuku,DS,2008,Misc,0
The Cube,Wii,2012,Action,0
Bejeweled Blitz,PC,2010,Puzzle,0
Peggle Nights,PC,2008,Puzzle,0
Pulse Racer,XB,2003,Racing,0.01
Freestyle Metal X,GC,2003,Racing,0.01
Tegami Bachi: Kokoro Tsumugu Mono e,PSP,2010,Role-Playing,0
Spirits & Spells,GC,2003,Platform,0.01
Agatha Christie: Death on the Nile,PC,2008,Adventure,0
Antiphona no Seikahime: Tenshi no Gakufu Op.A,PSP,2009,Role-Playing,0
NBA 07,PS2,2006,Sports,0.01
Mystery Tales 2: The Spirit Mask,DS,2011,Puzzle,0
Rogue Trooper,XB,2006,Shooter,0.01
Combat Flight Simulator 3: Battle for Europe,PC,2002,Simulation,0.01
TV Anime Idolm@ster: Cinderella Girls G4U! Pack Vol.2,PS3,2015,Action,0
Tomb Raider: Legend,PC,2006,Action,0
Command & Conquer 3: Kane's Wrath,PC,2008,Strategy,0
Eyeshield 21: Portable Edition,PSP,2006,Role-Playing,0
Taishou Moebius Line Vitable,PSV,2016,Adventure,0
Robotics;Notes,PSV,2014,Adventure,0
Kabushiki Baibai Trainer: Kabutore! Next,DS,2007,Simulation,0
Machi: Unmei no Kousaten,PSP,2006,Adventure,0
Golden Nugget Casino DS,DS,2005,Misc,0.02
Machi-ing Maker 4,PS3,2011,Strategy,0
World Class Rugby 2: Kokunai Gekitou Hen '93,SNES,1994,Sports,0
Ketsui Death Label,DS,2008,Shooter,0
This War of Mine,PS4,2016,Action,0
Mechanic Master 2,DS,2010,Puzzle,0.02
SD Gundam Force,GBA,2004,Shooter,0.01
Clover no Kuni no Alice: Wonderful Wonder World,PSP,2011,Adventure,0
Abunai: Koi no Sousa Shitsu,PSV,2015,Action,0
Shonen Jump's Yu-Gi-Oh! GX Card Almanac,DS,,Misc,0
Hisshou Pachinko*Pachi-Slot Kouryaku Series Vol. 9: CR Fever Captain Harlock,PS2,2007,Misc,0
Raven Squad: Operation Hidden Dagger,PC,2009,Shooter,0.02
Monster High 13 Wishes,3DS,2013,Action,0
Myth Makers: Super Kart GP,Wii,2007,Racing,0.01
Canada Hunt,Wii,2010,Sports,0.02
Planetarian: Chiisana Hoshi no Yume,PSP,2009,Adventure,0
GA - Geijutsuka Art Design Class: Slapstick Wonder Land,PSP,2010,Adventure,0
Roommate Asami: Okusama wa Joshikousei,PS2,2002,Adventure,0
Cabbage Patch Kids: The Patch Puppy Rescue,GBA,2007,Misc,0.01
Pirates: Legend of the Black Buccaneer,PS2,2006,Adventure,0.01
Let's Dance with Mel B,X360,2011,Sports,0
Horrid Henry: Missions of Mischief,Wii,2010,Adventure,0
East India Company,PC,2009,Strategy,0.01
Ultraman Star Chronicles,PSP,2013,Strategy,0
Amagoushi no Yakata,PS2,2007,Adventure,0
TV Anime Idolm@ster: Cinderella Girls G4U! Pack Vol.3,PS3,2015,Action,0
Ginga Tetsudou 999 DS,DS,2010,Adventure,0
Aedis Eclipse: Generation of Chaos,PSP,2006,Role-Playing,0.02
Koihime Enbu,PS4,2016,Fighting,0
Franklin: A Birthday Surprise,PS2,2006,Misc,0.01
Without Warning,XB,,Shooter,0.01
Suzunone Seven: Rebirth Knot,PS2,2010,Adventure,0
"Hanayaka Kana, Ware ga Ichizoku: Tasogare Polarstar",PSP,2013,Adventure,0
Zoids Dash,DS,2006,Role-Playing,0
Digimon Rumble Arena,PS,2001,Fighting,0.01
Vitamin X Evolution Plus,PSP,2010,Adventure,0
NEVES,DS,2007,Puzzle,0.01
Dynasty Warriors: Eiketsuden,PS4,2016,Action,0
Wild West Shootout,Wii,2010,Shooter,0.01
MuvLuv Double Pack,PSV,2016,Adventure,0
Super Speed Machines,DS,2009,Racing,0.02
Goblin Commander: Unleash the Horde,GC,2003,Strategy,0.01
Final Fight: Streetwise,XB,2006,Action,0.01
Nano Diver,PSP,2011,Action,0
Mary King's Riding School 2,Wii,2009,Simulation,0
Elkrone no Atelier: Dear for Otomate,PSP,2012,Action,0
Top Gear RPM Tuning,XB,2005,Racing,0.01
Painkiller: Hell & Damnation,X360,2013,Shooter,0
Memories Off: Yubikiri no Kioku,X360,2010,Adventure,0
Otometeki Koi Kakumei * Love Revo!! DS,DS,2008,Adventure,0
TV Anime Idolm@ster: Cinderella Girls G4U! Pack Vol.4,PS3,2015,Action,0
Clock Zero: Shuuen no Ichibyou - ExTime,PSV,2015,Action,0
Cross + Channel,PSP,2010,Adventure,0
Mark McMorris Infinite Air,PS4,2016,Sports,0.01
Shin Hayarigami 2,PSV,2016,Adventure,0
Cabela's Big Game Hunter: Pro Hunts,WiiU,2014,Shooter,0.02
Kochira Katsushikaku Kameari Kouenmae Hashutsujo: Machiteba Tengoku! Makereba Jigoku! Ryoutsuryuu Ikkakusenkin Daisakusen!,DS,2010,Misc,0
Micro Machines V4,PSP,2006,Racing,0.01
Root Infinity Rexx,PSV,2015,Adventure,0
Dungeons - The Dark Lord,PC,2011,Strategy,0
Zero no Tsukaima: Muma ga Tsumugu Yokaze no Nocturne,PS2,2007,Adventure,0
Memories Off: Yubikiri no Kikou,PSP,2011,Adventure,0
Hurry Up Hedgehog!,DS,2009,Racing,0.02
L.G.S: Shinsetsu Houshinengi,PSP,2012,Action,0
Battle Engine Aquila,XB,2003,Shooter,0.01
Divinity: Original Sin,PC,2014,Role-Playing,0
One Piece Mansion,PS,2001,Action,0.01
Discworld II: Mortality Bytes!,PS,1996,Adventure,0.01
Uchi no 3 Shimai DS,DS,2008,Misc,0
Airline Tycoon,PC,2000,Simulation,0
Soul Eater: Monotone Princess,Wii,2008,Action,0
Strike Witches: Shirogane no Tsubasa,X360,2010,Strategy,0
Kaleidoeve,PSV,2015,Adventure,0
Big Idea's VeggieTales: LarryBoy and the Bad Apple,GBA,2006,Action,0.01
Broken Sword 5: The Serpent's Curse,XOne,2015,Adventure,0
My Ballet Studio,DS,2009,Simulation,0.01
Metal Fight Beyblade: Choujou Kessen! Big Bang Bladers,DS,2010,Action,0
Moujuutsukai to Oujisama,PS2,2010,Adventure,0
Rocksmith 2014 Edition Remastered,PS4,2016,Misc,0.01
Bomberman 2,DS,2008,Puzzle,0
Unreal Tournament 2004,PC,2004,Shooter,0
Shinseiki GPX Cyber Formula: Road To The INFINITY 4,PS2,2007,Racing,0
Cube,PSP,2007,Puzzle,0.02
Pirates of the Burning Sea,PC,2008,Role-Playing,0
Just Cause,PC,2006,Action,0
Army Men: Major Malfunction,XB,2006,Shooter,0.01
Dunamis 15,X360,2011,Adventure,0
Sansuu Puzzle de Migaku: Gakken Otona no Shikou Sense,DS,2007,Misc,0
Yoake Yori Ruriiro na Portable,PSP,2010,Adventure,0
Big Bass Fishing,PS,2002,Action,0
Storm Lover 2nd V,PSV,2016,Adventure,0
Reine des Fleurs,PSV,2015,Action,0
Densha de Go! Shinkansen EX: Sanyou Shinkansen-hen,Wii,2007,Simulation,0
Namco Museum 50th Anniversary (JP sales),PS2,2005,Misc,0
Turbo: Super Stunt Squad,PS3,2013,Sports,0
The Haunted: Hell's Reach,PC,2011,Shooter,0.02
Disciples III: Renaissance,PC,2010,Strategy,0
The Longest Journey,PC,1999,Adventure,0
Mana Khemia 2: Ochita Gakuen to Renkinjutsushi Tachi Portable+,PSP,2009,Role-Playing,0
Let's Pilates!,DS,2007,Misc,0.02
Irritating Stick,PS,1998,Action,0.01
Chou!! Super Nep League DS,DS,2008,Sports,0
WTA Tour Tennis,GBA,2002,Sports,0.01
Lost: Via Domus,PC,2008,Action,0
Judge Dredd: Dredd Vs Death,XB,2003,Shooter,0.01
Rugby League Live 3,PS3,2015,Action,0
Simple 2000 Series Vol. 105: The Maid Fuku to Kikanjuu,PS2,2006,Action,0
Platypus,PSP,2006,Shooter,0.02
Davis Cup Tennis,GBA,2002,Sports,0.01
Pro Rally,GC,2002,Racing,0.01
Kimi ni Todoke: Sodateru Omoi,DS,2009,Adventure,0
Elven Legacy Collection,PC,2010,Strategy,0
Hands On! Tangrams,DS,2009,Puzzle,0.02
Brave Story: Boku no Kioku to Negai,DS,2006,Role-Playing,0
Zombie Hunters 2,PS2,2006,Action,0
Memories Off #5: Encore,PS2,2007,Adventure,0
Custom Drive,PSP,2012,Action,0
Dark Void,PC,2010,Action,0
LEGO Star Wars: The Video Game,PC,2005,Action,0
Tsuyo Kiss 2 Gakki: Swift Love,PS2,2009,Adventure,0
Konductra,DS,2006,Puzzle,0.02
Samurai Jack: The Shadow of Aku,GC,2004,Action,0.01
Cookie & Cream,DS,2007,Platform,0.01
Winning Post 7 2013,PSV,2013,Sports,0
The Incredibles: Rise of the Underminer,PC,2005,Action,0.01
Psychedelica of the Black Butterfly,PSV,2015,Action,0
Stronghold Legends,PC,2006,Strategy,0
Let's Yoga!,DS,2007,Misc,0
Busou Renkin: Youkoso Papillon Park e,PS2,2007,Action,0
Ore wa Shoujo Mangaka,PSP,2012,Action,0
Emergency 2012,DS,2010,Simulation,0
Puyo Puyo Tetris,WiiU,2014,Puzzle,0
Exhibition Volume 6,XB,2004,Misc,0.01
Oshiri Kajiri Mushi no Rhythm Lesson DS: Kawai Ongaku Kyoushitsu Kanshuu,DS,2008,Misc,0
Kuma no Pooh-San: 100 Acre no Mori no Cooking Book,DS,2011,Misc,0
Collar x Malice,PSV,2016,Action,0
Kao the Kangaroo Round 2,GC,2005,Platform,0.01
The Dark Hills of Cherai,PC,2009,Puzzle,0
Pirates PlundArrr,Wii,2010,Action,0.02
Zoey 101: Field Trip Fiasco,DS,2007,Action,0.02
Dream C Club: GoGo ,PS3,2014,Adventure,0
Usavichi: Game no Jikan,DS,2011,Action,0
Summer Challenge: Athletics Tournament,Wii,2011,Sports,0
Battle Spirits: Hero's Soul,PSP,2010,Role-Playing,0
Pachi-Slot Higrashi no Naku Koro ni Matsuri,PS2,2010,Misc,0
Otona no Renai Shousetsu: Harlequin Selection,DS,2010,Misc,0
White Album 2: Shiawase no Mukougawa,PSV,2013,Adventure,0
W.L.O. Sekai Renai Kikousen,X360,2010,Adventure,0
New Interpretation Stranger of Sword City,PSV,2016,Role-Playing,0
Final Fantasy XI: All-In-One Pack 2006,X360,2006,Role-Playing,0
Pippa Funnell: Ranch Rescue,Wii,2007,Adventure,0
Joint Operations: Combined Arms,PC,2009,Shooter,0.01
Kadenz fermata//Akkord:fortissimo,PSV,2014,Adventure,0
Worms World Party,PC,2001,Strategy,0
Poupee Girl DS 2: Elegant Mint / Sweet Pink Style,DS,2010,Misc,0
Dancing on Ice,DS,2010,Sports,0
Winning Post 7: Maximum 2007,PS3,2007,Sports,0
Professional Farmer 2016,PS4,2015,Action,0
Sarah: Keeper of the Unicorn,DS,2009,Adventure,0.01
Storm Lover 2nd,PSP,2013,Misc,0
Gears of War,PC,2007,Shooter,0
Dragon Booster,DS,2005,Shooter,0.02
Dragon's Dogma Online: Season 2,PS4,2016,Action,0
Gaist Crusher God,3DS,2014,Action,0
DJ Star,DS,2009,Misc,0.01
Arcana Famiglia 2,PSP,2013,Adventure,0
Shinkyoku Soukai Polyphonica,PS2,2007,Adventure,0
PDC World Championship Darts 2008,DS,,Sports,0.01
Post Mortem,PC,2003,Adventure,0
Kiss Bell,PSV,2014,Adventure,0
San Goku Shi DS 2,DS,2007,Strategy,0
Strongest Tokyo University Shogi DS,DS,1985,Action,0
Shin Sangoku Musou Online: Souten Ranbu,PS3,2010,Action,0
V-Rally 3,XB,2003,Racing,0.01
Wall-E,PC,2008,Platform,0
Majesty 2: The Fantasy Kingdom Sim,PC,2009,Simulation,0.01
LEGO Star Wars II: The Original Trilogy,PC,2006,Action,0
Dead to Rights,GBA,2004,Shooter,0.01
Thunder Force VI,PS2,2008,Shooter,0
Full House Kiss 2,PS2,2006,Adventure,0
Dinotopia: The Sunstone Odyssey,GC,,Action,0.01
Daito Giken Koushiki Pachi-Slot Simulator: Ossu! Misao + Maguro Densetsu Portable,PSP,2010,Misc,0
PachiPara 3D,3DS,2011,Misc,0
Earth Defense Force 2017 (old JP sales),X360,2006,Shooter,0
I Doll U,PSV,2015,Adventure,0
Star Trek: Legacy,PC,2006,Simulation,0
Sengoku Hime: Senran ni Mau Otometachi,PS2,2009,Adventure,0
GTI Club: Supermini Festa!,Wii,2010,Racing,0.01
Syberia II,PC,2004,Adventure,0
Paranormal Pursuit: The Gifted One,PC,2015,Action,0
Command & Conquer Collection,PC,2003,Strategy,0.01
Marvel Superheroes 3D: Grandmaster's Challenge,Wii,2010,Action,0
A Vampyre Story,PC,2008,Adventure,0
Monster Trux Offroad,Wii,2007,Racing,0.01
The Sims 4: Luxury Party Stuff,PC,2015,Simulation,0
Sniper Elite,PC,2005,Shooter,0
Achtung Panzer: Kharkov 1943,PC,2010,Strategy,0
Mission: Impossible - Operation Surma,GC,2004,Platform,0.01
Sora no Otoshimono Forte: Dreamy Season,DS,2011,Adventure,0
Romance of the Three Kingdoms XII,WiiU,2012,Strategy,0
Hiiro no Kakera Portable,PSP,2008,Adventure,0
Trigger Man,GC,2004,Shooter,0.01
Yuu Yuu Hakusho DS: Ankoku Bujutsukai Hen,DS,2006,Action,0
Antz Extreme Racing,XB,2002,Racing,0.01
Wand of Fortune R,PSV,2016,Adventure,0
Rugby World Cup 2015,PSV,2015,Sports,0
Majesty 2 Collection,PC,2011,Strategy,0
God Eater Off Shot: Soma Shikkuzaru-hen Twin Pack & Animation Vol.4,PS4,2016,Action,0
God Eater Off Shot:Shiou-hen Twin Pack & Animation Vol.5,PS4,2016,Misc,0
"Nogizaka Haruka no Himitsu Cosplay, Hajime Mashita",PS2,2008,Adventure,0
Harukanaru Toki no Naka de 6,PSP,2015,Action,0
Triggerheart Exelica,DC,2007,Shooter,0
Jet Impulse,DS,,Simulation,0
Games Explosion!,GBA,2006,Action,0.01
Gummy Bears Magical Medallion,Wii,2011,Platform,0.01
Saenai Kanojo no Sodatekata: Blessing Flowers,PSV,2015,Action,0
Berserk and the Band of the Hawk,PSV,2016,Action,0
Tennis no Oji-Sama: Card Hunter,PS2,2007,Strategy,0
Brave: The Video Game,DS,2012,Action,0
Night Wizard the Video Game: Denial of the World,PS2,2008,Adventure,0
Enemy Territory: Quake Wars,PC,2007,Shooter,0.01
Portable Island: Tenohira Resort,PSP,2006,Simulation,0
Sengoku Efuda Yuugi: Hototogisu Ran,PSP,2008,Misc,0
Tokyo Friend Park II DS,DS,2006,Misc,0
Adventure Time: The Secret of the Nameless ,3DS,2014,Adventure,0.01
Kao the Kangaroo Round 2,PS2,2005,Platform,0.01
Shin Hisui no Shizuku: Hiiro no Kakera 2 Portable,PSP,2010,Adventure,0
Dead Rising 2,XOne,2016,Action,0.01
Robopon 2: Ring Version,GBA,2001,Role-Playing,0.01
Mark McMorris Infinite Air,XOne,2016,Sports,0.01
Sid Meier's Civilization Revolution 2+,PSV,2015,Strategy,0
Dream Dancer,DS,,Misc,0.01
Moe Moe 2-ji Taisen (Ryoku) * Deluxe,PSP,2008,Adventure,0
Dragon Tales: Dragon Adventures,GBA,2003,Platform,0.01
Powerbike,DS,2009,Racing,0.01
Colin McRae Rally 2005,PC,2004,Racing,0
Violet no Atelier: Gramnad no Renkinjutsushi 2 - Gunjou no Omoide,PSP,2011,Role-Playing,0
Elminage II DS Remix: Sousei no Megami to Unmai no Daichi,DS,2010,Role-Playing,0
Gaku ? Ou: The Royal Seven Stars,PSP,2012,Role-Playing,0
Quantum Break,PC,2016,Action,0
Online Chess Kingdoms,PSP,2006,Misc,0.01
Rayman 10th Anniversary,GBA,2005,Platform,0.01
RollerCoaster Tycoon: Gold Edition,PC,2002,Strategy,0.01
Race Driver: Create & Race,DS,2007,Racing,0.01
Storm Lover Kai!!,PSP,2012,Action,0
Minna to Issho,PSV,2011,Misc,0
Nurarihyon no Mago: Hyakki Ryouran Taisen,PS3,2011,Fighting,0
FIFA Soccer 08,PC,2007,Sports,0
Enkaku Sousa: Sana e no 23 Hiai,PSP,2009,Adventure,0
Pac-Man Championship Edition 2 + Arcade Game Series,XOne,2016,Action,0.01
Command & Conquer 4: Tiberian Twilight,PC,2010,Strategy,0
Hummer Badlands,XB,2006,Racing,0.01
Katekyoo Hitman Reborn! DS: Mafia Daishuugou Bongole Festival,DS,2008,Action,0
Grisaia no Meikyuu: Le Labyrinthe de la Grisaia,PSV,2014,Adventure,0
Oyaku de Asoberu DS Ehon: Ukkari Penelope,DS,2008,Simulation,0
Iron Soldier 3,PS,1999,Simulation,0.01
UNO 52,DS,2006,Misc,0.01
Tiger & Bunny: Hero's Day,PSP,2013,Action,0
Turbo: Super Stunt Squad,Wii,2013,Sports,0
Turbo: Super Stunt Squad,3DS,2013,Sports,0
Pachinko Kaou: Misora Hibari,PS2,2007,Misc,0
Accel World: Kasoku no Chouten,PS3,2013,Adventure,0
Poupee Girl DS,DS,2009,Misc,0
Choro Q,PS2,2003,Racing,0.01
Just Cause,PS2,2006,Action,0.01
Narcissus: Moshimo Ashita ga Runara,PSP,2010,Adventure,0
Girl Friend Beta: Kimi to Sugosu Natsuyasumi,PSV,2015,Action,0
IHRA Drag Racing: Sportsman Edition,XB,2006,Racing,0.01
"Sharin no Kuni, Himawari no Shoujo",X360,2010,Adventure,0
Simple DS Series Vol. 42: The Haioku Byoutou,DS,2008,Adventure,0
Drone Tactics,DS,2007,Strategy,0.01
So-Ra-No-Wo-To: Otome no Gojuusou,PSP,2010,Adventure,0
Technic Beat,PS2,2002,Misc,0.01
Dance! It's Your Stage,Wii,,Misc,0
Worldwide Soccer Manager 2006,PC,2004,Sports,0
I Love Horses: Rider's Paradise,Wii,2010,Simulation,0.01
DuckTales: Remastered,PC,2013,Action,0
Yume Neko DS,DS,2008,Simulation,0
Germany's Next Topmodel 2011,DS,2011,Simulation,0
Dream C Club,PS3,2012,Simulation,0
Assetto Corsa,XOne,2016,Racing,0
SBK Superbike World Championship,PS2,2008,Racing,0.01
Memories Off 6: Next Relation,PS2,2009,Adventure,0
Meiji Toukyou Renka: Twilight Kiss,PSP,2015,Action,0
Scared Rider Xechs,PS2,2010,Adventure,0
4 Play Collection - Dark Mysteries,PC,2014,Misc,0
Vitamin X: Detective B6,PSP,2012,Adventure,0
Misshitsu no Sacrifice,PSP,2010,Adventure,0
Evil Genius,PC,2004,Strategy,0
Ouran Koukou Host Bu,PS2,2007,Adventure,0
King's Quest: The Complete Collection,PS4,2016,Adventure,0.01
Lotus Challenge,GC,2004,Racing,0.01
Imperium Romanum,PC,2008,Strategy,0
Football Manager 2007,X360,,Sports,0
Ferrari: The Race Experience,Wii,,Racing,0
Dragon Zakura DS,DS,2007,Misc,0
Chameleon: To Dye For!,DS,2006,Puzzle,0.01
Sora no Otoshimono: DokiDoki Summer Vacation,PSP,2010,Adventure,0
Shinseiki Evangelion: Battle Orchestra Portable,PSP,2009,Fighting,0
Blackthorne,GBA,2003,Action,0.01
Donkey Kong Jungle Beat,Wii,2008,Platform,0
DokuSui: DokiDoki Suikoden,PSP,2011,Role-Playing,0
Contrast,PC,2013,Platform,0
Bomberman (jp sales),PSP,2006,Puzzle,0
Blazblue: Continuum Shift Extend,PSP,2012,Fighting,0
S.Y.K: Shinsetsu Saiyuuki,PS2,2009,Adventure,0
Black Cat,PS2,2006,Action,0
Smart Kid's Mega Game Mix,DS,2009,Misc,0.01
Space Invaders Revolution,DS,2005,Shooter,0.01
Wiffle Ball Advance,DS,2007,Sports,0.01
Red Stone DS: Akaki Ishi ni Michibikareshi Monotachi,DS,2011,Role-Playing,0
Wand of Fortune: Mirai e no Prologue Portable,PSP,2010,Adventure,0
Secret Game Portable,PSP,2010,Adventure,0
Sengoku Hime: Senran ni Mau Otometachi,PSP,2009,Adventure,0
SpongeBob: HeroPants,PSV,2015,Platform,0.01
Kimi no Yuusha,DS,2008,Role-Playing,0
Tom Clancy's  Ghost Recon Advanced Warfighter (weekly JP sales),X360,2006,Shooter,0
Period Cube: Torikago no Amadeus,PSV,2016,Action,0
Nobunaga no Yabou Online: Houou no Shou,PS3,2012,Strategy,0
Cosmetic Paradise: Make no Kiseki,DS,2008,Misc,0
Turok,PC,2008,Action,0
Legoland,PC,1999,Action,0
Nobunaga no Yabou DS,DS,2006,Strategy,0
Winter Sports 3: The Great Tournament,X360,2010,Sports,0
Valentino Rossi: The Game,PC,2016,Racing,0
Wand of Fortune Portable,PSP,2010,Adventure,0
Sengoku,PC,2011,Strategy,0
Republique,PS4,2016,Action,0
Sousaku Alice to Oujisama!,3DS,2015,Simulation,0
Ship Simulator 2008,PC,2007,Simulation,0
Rengoku II: The Stairway to H.E.A.V.E.N. (jp sales),PSP,2006,Action,0
Brave: The Video Game,Wii,2012,Action,0
Simple DS Series Vol. 14: The Jidousha Kyoushuujo DS,DS,2007,Misc,0
Ten Pin Alley 2,GBA,2004,Sports,0.01
NBA 2K17,PC,2016,Sports,0
Postman Pat: Special Delivery Service,DS,2009,Misc,0
Himawari: Pebble in the Sky Portable,PSP,2010,Adventure,0
Rise of Flight: Iron Cross Edition,PC,2010,Simulation,0.01
WRC 5: FIA World Rally Championship,XOne,2015,Sports,0
Katekyoo Hitman Reborn Nerae!? Ring x Bongole Returns,PS2,2008,Adventure,0
NiGHTS into dreams...,PS2,2008,Platform,0
Kono Aozora ni Yakusoku o: Tenohira no Rakuen,PSP,2009,Adventure,0
Guild Wars: Factions,PC,2006,Role-Playing,0
Shinobi Koutsutsu,PSP,2014,Adventure,0
WinBack 2: Project Poseidon,PS2,2006,Shooter,0.01
Kaitou Rousseau,DS,2006,Action,0
GunParade Orchestra: Ao no Shou,PS2,2006,Adventure,0
Totally Spies! Totally Party,PS2,2008,Misc,0.01
Puyo Pop Fever,GC,2004,Puzzle,0.01
Super Stardust Ultra VR,PS4,2016,Shooter,0
Total War Attila: Tyrants & Kings,PC,2016,Strategy,0
Wizardry XTH: Unlimited Students,PS2,2006,Role-Playing,0
Instant Brain,X360,2011,Adventure,0
Coronation Street: The Mystery of the Missing Hotpot Recipe,PC,2011,Adventure,0
Dead Rising,XOne,2016,Action,0.01
Abunai: Koi no Sousa Shitsu,PSP,2012,Action,0
MLB 15: The Show,PSV,2015,Sports,0.01
Azure Striker Gunvolt,3DS,2016,Action,0.01
Penguins of Madagascar,Wii,2014,Action,0
Magic Encyclopedia: Moonlight,DS,2010,Misc,0
Don Bradman Cricket 14,PS3,2014,Sports,0
SoulLink Extension,PS2,2006,Adventure,0
Codename: Panzers Phase Two,PC,2005,Strategy,0
Winning Post 7 Maximum 2008,PS2,2008,Sports,0
Samurai Shodown Anthology (JP sales),PS2,2008,Fighting,0
Sangoku Koi Senki: Otome no Heihou!,PS2,2011,Adventure,0
Alfa Romeo Racing Italiano,PS2,2005,Racing,0.01
"Pachi-Slot Teiou: Golgo 13 Las Vegas (JP sales, but wrong system)",PS2,2002,Misc,0
The Last Remnant,PC,2009,Role-Playing,0
Kaitou Joker: Toki o Koeru Kaitou to Ushinawareta Houseki,3DS,2015,Action,0
Super Robot Taisen XO,X360,2006,Strategy,0
Aquaman: Battle for Atlantis,XB,,Action,0.01
Raven's Cry,PS4,2015,Role-Playing,0
Call of Juarez,PC,2006,Shooter,0
Pachitte Chonmage Tatsujin 16: Pachinko Hissatsu Shigotojin III,PS2,2010,Misc,0
Unreal Tournament 2003,PC,2002,Shooter,0
Neverwinter Nights 2: Mask of the Betrayer,PC,2007,Role-Playing,0
Mortal Kombat: Tournament Edition,GBA,2003,Fighting,0.01
SeaWorld Adventure Parks: Shamu's Deep Sea Adventure,XB,2005,Adventure,0.01
Diary Girl,DS,2008,Misc,0.01
Shitsuji ga Aruji o Erabu Toki,PSV,2016,Adventure,0
Rayman Raving Rabbids,PC,2006,Misc,0
War for the Overworld,PC,2015,Strategy,0
World Poker Tour,GBA,2005,Misc,0.01
Best Of Tests,DS,2008,Puzzle,0.01
Infinite Stratos 2: Love and Purge,PSV,2015,Action,0
Honda ATV Fever,DS,2010,Racing,0.01
Umihara Kawase Jun: Second Edition Kanzenban,DS,2009,Puzzle,0
50 Classic Games,3DS,2012,Misc,0
Psycho-Pass,XOne,2014,Adventure,0
Fab 5 Soccer,DS,2008,Sports,0.01
Destiny Links,DS,2009,Role-Playing,0
Egg Mania: Eggstreme Madness,XB,2002,Puzzle,0.01
Pro Angler Moves,PS3,2012,Sports,0.01
WRC: FIA World Rally Championship,PC,,Racing,0
Sakura Sakura: Haru Urara,PSP,2010,Adventure,0
Rocksmith 2014 Edition Remastered,XOne,2016,Misc,0.01
Uta no * Prince-Sama: Sweet Serenade,PSP,2011,Adventure,0
Higurashi no Naku Koro ni Iki,PS3,2015,Action,0
The Legend of Heroes: Trails in the Sky Third Chapter,PS3,2013,Role-Playing,0
Road Trip: Shifting Gears,GBA,2002,Racing,0.01
Rewrite,PSV,2014,Adventure,0
Darksiders: Warmastered Edition,XOne,2016,Action,0.01
Major Dream: Major Wii Nagero! Gyroball!!,Wii,2008,Sports,0
"Iza, Shutsujin! Koisen",PSP,2011,Adventure,0
Grand Theft Auto III,PC,2002,Action,0
Hiiro no Kakera: Shin Tamayori Hime Denshou,PS2,2009,Adventure,0
Datenshi no Amai Yuuwaku x Kaikan Phrase,DS,2010,Adventure,0
Grooverider: Slot Car Thunder,XB,2003,Racing,0.01
Super PickUps,Wii,2009,Racing,0.01
Bakumatsu Koihana: Shinsengumi DS,DS,2008,Adventure,0
Digger Simulator,PC,2011,Simulation,0
Miyako: Awayuki no Utage,PSP,2012,Action,0
LifeSigns: Surgical Unit,DS,2005,Simulation,0.01
Konami Classics Vol. 2,X360,2009,Misc,0.01
The Technomancer,PC,2016,Role-Playing,0
Football Manager Live,PC,2009,Sports,0
Aeon Flux,XB,2005,Action,0.01
Marginal #4: Idol of Supernova,PSV,2014,Adventure,0
Tobidase! Kagaku-kun Chikyuu Daitanken! Nazo no Chinkai Seibutsu ni Idome!,DS,2011,Misc,0
Kana: Imouto,PSP,2010,Adventure,0
Rock N' Roll Racing,SNES,1993,Racing,0
Impossible Creatures,PC,2002,Strategy,0
Serious Sam II,PC,2005,Shooter,0
Football Academy,DS,2009,Sports,0
GoGo's Crazy Bones,DS,2012,Action,0
Norn + Nonette: Last Era,PSV,2015,Action,0
Nodame Cantabile,PS2,2007,Misc,0
Games Around the World,DS,2010,Misc,0.01
Hitotsu Tobashi Renai V,PSV,2015,Adventure,0
Blitzkrieg 2 Anthology,PC,2008,Strategy,0
DoDonPachi Saidaioujou,X360,2013,Shooter,0
Last Escort: Club Katze,PS2,2010,Adventure,0
Fuuraiki 3,PSV,2015,Action,0
1/2 Summer +,PSP,2013,Adventure,0
Winning Post 7 Maximum 2008,PS3,2008,Sports,0
SBK09 Superbike World Championship,PS3,2009,Racing,0
Tears to Tiara: Kakan no Daichi Portable,PSP,2010,Adventure,0
Tantei Jinguuji Saburo DS: Fuserareta Shinjitsu,DS,2009,Adventure,0
Ninja Gaiden Sigma 2,PSV,2013,Action,0
UEFA Champions League 2006-2007,PSP,2007,Sports,0.01
Monster Rancher Advance 2,GBA,2002,Simulation,0.01
Big Hero 6: Battle in the Bay,3DS,2014,Action,0
Dr. Slump & Arale-Chan,DS,2008,Adventure,0
Madden NFL 13,PS3,2012,Sports,0
Umineko no Naku Koro ni Portable 1,PSP,2011,Adventure,0
Festa!! Hyper Girls Party,PS2,2006,Adventure,0
Geten no Hana: Yume Akari,PSP,2014,Misc,0
Kikiite Hajimaru: Eigo Kaiwa Training - KikiTore,DS,2008,Misc,0
Vanark,PS,1999,Shooter,0.01
Game Book DS: Sword World 2.0,DS,2009,Role-Playing,0
WTA Tour Tennis,XB,2002,Sports,0.01
Fernbus Simulator,PC,2016,Simulation,0
Furious Karting,XB,2003,Racing,0.01
IL-2 Sturmovik,PC,2001,Simulation,0
NHL 16,PS3,2015,Sports,0
Pet Shop Monogatari DS 2,DS,2010,Simulation,0
Monkey Madness: Island Escape,DS,2010,Action,0.01
Chokkan! Asonde Relaxuma,DS,2008,Action,0
Hot Wheels: Stunt Track Challenge / World Race,GBA,2006,Racing,0.01
Minna no Conveni,DS,2010,Simulation,0
Accel World: Kasoku no Chouten,PSP,2013,Adventure,0
Azure Striker Gunvolt: Striker Pack,3DS,2016,Action,0
SoulCalibur Legends (JP sales),Wii,2007,Action,0
Theatre Of War,PC,2007,Strategy,0
Izumo 2,PS2,2006,Adventure,0
Entaku no Seito: Students of Round,X360,2011,Role-Playing,0
Bratz: Forever Diamondz,PS2,2006,Adventure,0.01
Smiley World: Island Challenge,DS,2009,Puzzle,0.01
PC Engine Best Collention: Ginga Ojousama Densetsu Collection,PSP,2008,Adventure,0
Isshoni Gohan. Portable,PSP,2013,Adventure,0
King of Fighters 2002: Unlimited Match Tougeki Ver.,PS2,2010,Fighting,0
Hanayamata: Yosakoi Live,PSV,2014,Adventure,0
Malice,XB,2004,Platform,0.01
htoL#NiQ: The Firefly Diary,PSV,2014,Platform,0
Rosario to Vampire: Tanabata no Miss Youkai Gakuen,DS,2008,Adventure,0
Virtua Tennis 3,PC,2007,Sports,0
Wallace & Gromit: Curse of the Were-Rabbit,XB,2005,Adventure,0.01
Worms: WMD,XOne,2016,Action,0.01
Ouka Sengoku Portable,PSP,2012,Adventure,0
Shepherd's Crossing,PSP,2009,Simulation,0
The Book of Unwritten Tales 2,WiiU,2016,Adventure,0
Dark Parables: The Exiled Prince,PC,2011,Puzzle,0
Tactics Layer: Ritina Guard Senki,DS,2009,Strategy,0
Hyakka Yakou,PSV,2015,Action,0
San-X Character Channel: All-Star Daishuugou!,DS,2008,Action,0
Fuun Shinsengumi Bakumatsuden Portable,PSP,2009,Action,0.01
Doki-Doki Universe,PSV,2013,Adventure,0
Sega Golf Club: Miyazato San Kyoudai Naizou,PS3,2006,Sports,0
Rozen Maiden: Gebetgarten,PS2,2007,Fighting,0
Sangoku Koi Senki: Omoide Gaeshi - CS Edition,PSV,2016,Adventure,0
Homeworld Remastered Collection,PC,,Strategy,0
Princess Arthur,PSP,2013,Misc,0
Brain Exercise With Dr. Kawashima,PC,2009,Puzzle,0
Sherlock Holmes: The Devil's Daughter,PC,2016,Adventure,0
Sakura-Sou no Pet na Kanojo,PSP,2013,Adventure,0
Fatal Fury: Battle Archives Volume 2 (JP sales),PS2,2007,Fighting,0
Toro to Morimori,PS3,2009,Misc,0
Tantei Jinguuji Saburo: Hai to Diamond,PSP,2009,Adventure,0
Satisfashion,Wii,2010,Misc,0.01
Truck Racer,Wii,2009,Racing,0
Metal Slug Anthology,PS2,2007,Shooter,0
Shorts,DS,,Platform,0.01
K-1 Grand Prix,PS,1999,Fighting,0.01
Rave Master: Special Attack Force!,GBA,2002,Fighting,0.01
Simple 2000 Series Vol. 120: The Saigo no Nippon Tsuwamono,PS2,2007,Strategy,0
Casper,GBA,2002,Adventure,0.01
AKB1/48: Idol to Guam de Koishitara...,X360,,Misc,0
Adventure Time: The Secret of the Nameless ,X360,2014,Adventure,0.01
Football Manager 2005,PC,2004,Sports,0
Hakuoki: Reimeiroku DS,DS,2012,Action,0
BattleForge,PC,2009,Strategy,0
Turbo Trainz,Wii,2012,Racing,0
Ro-Kyu-Bu! Secret Photo Op,PSV,2014,Adventure,0
Barbie and Her Sisters Puppy Rescue,WiiU,2015,Action,0
Caladrius,X360,2013,Shooter,0
Duel Love: Koisuru Otome wa Shouri no Megami,DS,2008,Adventure,0
Super Robot Monkey Team: Game Boy Advance Video Volume 1,GBA,2005,Misc,0.01
Freekstyle,GBA,2003,Racing,0.01
Mystery Legends: Beauty and the Beast,PC,2012,Puzzle,0
Tomoyo After: It's a Wonderful Life CS Edition,PS2,2007,Adventure,0
Bunmei Kaika: Aoiza Ibunroku Saien,PSP,2012,Action,0
Groovin' Blocks,Wii,2009,Puzzle,0.01
Aa Megami-samaa,PS2,2007,Adventure,0
Rail Simulator,PC,2007,Simulation,0
Banjo-Kazooie,X360,2008,Platform,0
Monster High: New Ghoul in School,Wii,2015,Action,0
Bakumatsu Rock,PSP,2014,Action,0
Prototype: Biohazard Bundle,XOne,2016,Action,0.01
Far East of Eden II: Manji Maru,DS,2006,Role-Playing,0
Family Jockey,Wii,2008,Sports,0
Spider-Man: Friend or Foe,PC,2007,Action,0.01
Thunder Alley,GBA,2004,Racing,0.01
Resistance Dual Pack,PS3,2011,Shooter,0
BlazBlue: Calamity Trigger,PC,2010,Fighting,0
Nyaruko-San: Nafushigatai Game no You na Mono,PSV,2013,Adventure,0
Agatha Christie's The ABC Murders,XOne,2016,Adventure,0.01
Samurai Warriors: Sanada Maru,PSV,2016,Action,0
Sengoku Basara 2 Heroes,Wii,2007,Action,0
Soshite Kono Uchuu ni Kirameku Kimi no Shi XXX,PS2,2007,Adventure,0
Victory Spike,PS,1996,Sports,0
Harry Potter and the Chamber of Secrets,PC,2002,Action,0
Double Sequence: The Q-Virus Invasion,DS,2008,Puzzle,0.01
Brothers in Arms: Furious 4,X360,,Shooter,0.01
MXGP 2,PC,2016,Racing,0
Densetsu no Yuusha no Densetsu: Legendary Saga,PSP,2010,Role-Playing,0
Hi Hi Puffy AmiYumi: The Genie & the Amp,DS,2006,Action,0.01
Zero no Tsukaima: Maigo no Period to Ikusen no Symphony,PS2,2008,Adventure,0
Order Up!!,3DS,2011,Action,0
Marvel: Ultimate Alliance,PC,2006,Role-Playing,0.01
Dance with Devils,PSV,2016,Action,0
Battle Worlds: Kronos,PC,2016,Strategy,0
Hiiro no Kakera: Shin Tamayori Hime Denshou Portable,PSP,2010,Adventure,0
Kao the Kangaroo,GBA,2001,Platform,0.01
Jewel Quest II,PC,2007,Puzzle,0
Builder's Block,PS,1999,Strategy,0.01
Seisou no Amazones,3DS,2013,Role-Playing,0
Mahjong Taikai IV,PS3,2006,Misc,0
F.E.A.R. Perseus Mandate,PC,2007,Shooter,0.01
Farming Simulator 15 Expansion Pack,PC,2015,Action,0
Lumo,PSV,2016,Puzzle,0
Chou Ezaru wa Akai Hana: Koi wa Tsuki ni Shirube Kareru,PSV,2016,Action,0
Agarest Senki: Re-appearance,PS3,,Role-Playing,0
Military History: Commander - Europe at War,DS,2009,Strategy,0
Ultraman Fighting Evolution 0,PSP,2006,Fighting,0
Gokuhou!! Mecha Mote Iinchou: Girls Motekawa Box,DS,2009,Simulation,0
Deus Ex,PC,2000,Role-Playing,0
Aquaman: Battle for Atlantis,GC,2003,Action,0.01
Jinsei Game Q DS: Shouwa no Dekigoto,DS,2007,Misc,0
Strider (2014),PS3,2014,Platform,0
Doraemon Wii: Himitsu Douguou Ketteisen!,Wii,2007,Misc,0
Goku Makaimura Kai,PSP,2007,Platform,0
No Fate! Only the Power of Will,X360,2010,Adventure,0
Captain Morgane and the Golden Turtle,Wii,2012,Adventure,0
Makai Senki Disgaea 3 Append Disc: Raspberyl-hen Hajime Mashita,PS3,2009,Role-Playing,0
PDC World Championship Darts 2009,Wii,2009,Sports,0
Crows: Burning Edge,PS4,2016,Action,0
Simple DS Series Vol. 41: The Bakudan Shori-Han,DS,2008,Action,0
Nitroplus Blasterz: Heroines Infinite Duel,PS3,2015,Fighting,0
Kurogane Kaikitan,PSV,2015,Adventure,0
Naxat Soft Reachmania Vol. 1: CR Galaxy Angel,PS2,2008,Misc,0
"Hanayaka Kana, Ware ga Ichizoku",PSP,2010,Adventure,0
Mamoru-kun wa Norowarete Shimatta!,X360,2009,Shooter,0
Myself; Yourself,PS2,2007,Adventure,0
Sengoku Hime 2 Arashi: Hyakubana Senran Tatsukaze no Gotoku,PSP,2010,Strategy,0
Chaos;Head Noah,PSV,2014,Adventure,0
Curse of the Amsterdam Diamond,DS,2012,Puzzle,0
PDC World Championship Darts 2008,PSP,,Sports,0.01
Dokuro,PSV,2012,Action,0
Starry ? Sky: After Autumn,PSP,2011,Misc,0
Dragon Quest X: All in One Package,WiiU,2015,Role-Playing,0
Tiger Woods PGA Tour 2005,PC,2004,Sports,0
Slide Adventure: Mag Kid,DS,2007,Action,0
My Little Baby,DS,2008,Simulation,0
Smuggler's Run,GBA,2002,Racing,0.01
Jan Sangoku Musou,PS2,2006,Misc,0
Kono Aozora ni Yakusoku o: Melody of the Sun and Sea,PS2,2007,Adventure,0
Fatal Fury: Battle Archives Volume 1 (JP sales),PS2,2006,Fighting,0
Rakushou! Pachi-Slot Sengen 6: Rio 2 Cruising Vanadis,PS2,2009,Misc,0
Kamaitachi no Yoru 2: Tokubetsu Hen,PSP,2006,Adventure,0
CT Special Forces 2: Back in the Trenches,GBA,2003,Shooter,0.01
Durarara!! Relay,PSV,2015,Action,0
Root Double: Before Crime After Days,X360,2012,Action,0
ef - a fairy tale of the two.,PS2,2010,Adventure,0
Sonic & All-Stars Racing Transformed,PC,2013,Racing,0
FairlyLife: MiracleDays,PSP,2010,Adventure,0
Goat Simulator,XOne,2016,Simulation,0
Death Connection Portable,PSP,2011,Adventure,0
Surf's Up,GC,2007,Sports,0.01
Rainbow Islands: Revolution,PSP,2005,Action,0.01
TimeShift,PC,2007,Shooter,0.01
Rakushou! Pachi-Slot Sengen 4,PS2,2006,Misc,0
Chaos;Child,PS4,2015,Adventure,0
Moe Moe 2-Ji Daisenryaku 2,PSP,2010,Strategy,0
Tsuyo Kiss 3 Portable,PSP,2012,Action,0
Championship Manager 2010,PC,2009,Sports,0
Moto Racer Advance,GBA,2002,Racing,0.01
Dynasty Warriors: Eiketsuden,PSV,2016,Action,0
Duel Masters: Shadow of the Code,GBA,2004,Misc,0.01
Freaky Flyers,GC,,Racing,0.01
The Chronicles of Riddick: Assault on Dark Athena,PC,2009,Shooter,0
Happy Dance Collection,Wii,2008,Misc,0
Army Men: Air Combat - The Elite Missions,GC,2003,Shooter,0.01
Rally Championship,GC,2003,Racing,0.01
Binary Star,PSV,2014,Adventure,0
Conflict: Denied Ops,PC,2008,Shooter,0
Legend of Kay Anniversary,WiiU,2015,Action,0
Musou Tourou,PSP,2009,Strategy,0
Gakuen Hetalia,DS,2012,Adventure,0
Really? Really! DS,DS,2009,Adventure,0
Daiya no Kuni no Alice: Wonderful Mirror World,PSP,2013,Adventure,0
FlatOut: Ultimate Carnage,PC,2008,Racing,0
Touch Detective 3: Does Funghi Dream of Bananas?,3DS,2014,Adventure,0
Battlestations: Midway,PC,2007,Strategy,0
Mario vs. Donkey Kong: Tipping Stars,WiiU,2015,Puzzle,0
Tringo,GBA,2006,Puzzle,0.01
Jam Sessions: Sing and Play Guitar (jp sales),DS,2007,Misc,0
Cities: Skylines Snowfall,PC,2016,Simulation,0
RalliSport Challenge(JP sales),XB,2002,Racing,0
Ultraman Fighting Evolution 3,PS2,2004,Fighting,0
Rondo of Swords (jp sales),DS,2007,Role-Playing,0
Element Hunter,DS,2009,Role-Playing,0
R.B.I. Baseball 2016,PS4,2016,Sports,0.01
Greg Hastings' Tournament Paintball Max'd,PS2,2006,Shooter,0.01
Shinseiki Evangelion: Koutetsu no Girlfriend Tokubetsu-Hen Portable,PSP,2009,Adventure,0
Whac-A-Mole,GBA,2005,Puzzle,0.01
Nakayoshi All-Stars: Mezase Gakuen Idol,DS,2008,Misc,0
Kamigami no Asobi InFinite,PSV,2016,Adventure,0
Fullmetal Alchemist: Prince of the Dawn,Wii,2009,Adventure,0
H2O+: Footprints in the Sand,PS2,2008,Adventure,0
Grooverider: Slot Car Thunder,GC,2003,Racing,0.01
Fashionable Puppy: Oshare na Koinu DS,DS,2007,Simulation,0
Sekirei: Mirai Kara no Okurimono,PS2,2009,Adventure,0
Ultimate Board Game Collection,PS2,2006,Misc,0.01
The Humans: Meet the Ancestors!,DS,2009,Puzzle,0.01
Jambo! Safari Animal Rescue,DS,2009,Simulation,0.01
Dinotopia: The Sunstone Odyssey,XB,2003,Action,0.01
Dungeons & Dragons: Neverwinter Nights - Complete,PC,2011,Misc,0.01
Idol Janshi Suchie-Pai IV,PS2,2007,Misc,0
Natsuzora no Monologue,PSP,2013,Adventure,0
Kenka Banchou Portable,PSP,2009,Action,0
The Train Giant,PC,2012,Strategy,0
Inversion,PC,,Shooter,0.01
Monster Jam,PC,2007,Racing,0.01
Turbo: Super Stunt Squad,X360,2013,Sports,0
Ishin Renka: Ryouma Gaiden,PSP,2010,Adventure,0
NHL 2K7,XB,2006,Sports,0.01
Act of Aggression,PC,2015,Strategy,0
Shirahana no Ori: Hiiro no Kakera 4 - Shiki no Uta,PSP,2013,Adventure,0
Powerdrome,XB,2004,Racing,0.01
Fallout Anthology,PC,2015,Action,0
Monster Bomber,DS,2006,Puzzle,0.01
Hakuouki: Shinsengumi Kitan,PS3,,Adventure,0.01
Fate/kaleid liner Prisma Illya,3DS,2014,Action,0
Young Justice: Legacy,X360,2013,Action,0
Wand of Fortune,PS2,2009,Adventure,0
Arabians Lost: The Engagement on Desert,PSP,2012,Adventure,0
TrackMania Turbo,PC,2016,Action,0
Minds and Mystery: 5 Game Pack,PC,2014,Action,0
S.Y.K: Shinsetsu Saiyuuki Portable,PSP,2010,Adventure,0
Cross Edge Dash,X360,2009,Role-Playing,0
"Crouching Tiger, Hidden Dragon",XB,2003,Action,0.01
Meru Purana,PS,1996,Strategy,0
Fullmetal Alchemist: Trading Card Game,DS,2007,Misc,0.01
Super Bubble Pop,XB,2002,Puzzle,0.01
Gobliiins 4,PC,2009,Adventure,0
Akatsuki no Amaneka to Aoi Kyojin,PSP,2010,Strategy,0
Myst,PSP,2006,Adventure,0
John Daly's ProStroke Golf,X360,2010,Sports,0.01
Chaos;Child,PS3,2015,Adventure,0
Darkened Skye,GC,2002,Adventure,0.01
Sakura-Sou no Pet na Kanojo,PSV,2013,Adventure,0
Cartoon Network Battle Crashers,3DS,2016,Action,0.01
Wand of Fortune: Mirai e no Prologue,PS2,2010,Adventure,0
Nova Usagi no Game de Ryuugaku!? DS,DS,2007,Misc,0
Heart no Kuni no Alice,PSP,2009,Adventure,0
San-X: Chara Sagashi Land,DS,2007,Action,0
Petz: Hamsterz Life 2,GBA,2007,Misc,0.01
Juiced 2: Hot Import Nights,PC,2007,Racing,0
Poker for Dummies,PC,2008,Misc,0
Super Dungeon Bros,PS4,2016,Action,0.01
Command & Conquer Renegade,PC,2002,Shooter,0
Memories Off,PSP,2008,Adventure,0
Tenchu San Portable,PSP,2009,Action,0
Pippa Funnell 2: Farm Adventures,DS,2007,Simulation,0
Ride,X360,2015,Racing,0
Vitamin X,PS2,2007,Adventure,0
The Wild West,DS,2007,Action,0.01
thinkSMART: Chess for Kids,DS,2011,Misc,0.01
Saint Seiya Omega: Ultimate Cosmo,PSP,2012,Fighting,0
God Eater Off Shot: Tachibana Sakuya-hen Twin Pack & Animation Vol.7,PS4,2016,Action,0
Dungeon Explorer: Warriors of Ancient Arts,PSP,2007,Role-Playing,0.01
"Sakigake!! Otokojuku - Nihon yo, Kore ga Otoko Dearu!",PS3,2014,Fighting,0
Sherlock Holmes: The Devil's Daughter,PS4,2016,Adventure,0.01
Root Letter,PS4,2016,Adventure,0
River City Ransom SP,3DS,2016,Action,0
Aladdin Magic Racer,Wii,2011,Racing,0.01
Shin Hayarigami 2,PS4,2016,Adventure,0
Teenage Mutant Ninja Turtles (3DS),3DS,2013,Action,0.01
Time Leap,X360,2009,Adventure,0
The Godfather (JP sales),X360,2006,Action,0
World Heroes Anthology,PS2,2007,Fighting,0
Ride 2,XOne,2016,Racing,0
Ride 2,PC,2016,Racing,0
Art Academy: Home Studio,WiiU,2015,Misc,0
th!nk Logic Trainer,Wii,2009,Puzzle,0.01
Colin McRae Rally 04,PC,2004,Racing,0
"Tennis no Oji-Sama: Doubles no Oji-Sama - Boys, Be Glorious!",DS,2009,Sports,0
Uchida Yasuou Mystery: Meitantei Senken Mitsuhiko Series: Fukutoshin Renzoku Satsujin Jiken,DS,2009,Adventure,0
Routes PE,PS2,2007,Adventure,0
Railfan,PS3,2006,Simulation,0
SoniPro,3DS,2014,Adventure,0
Rugby World Cup 2015,PC,2015,Sports,0
Akatsuki no Goei Trinity,PSP,2012,Adventure,0
Tropico 3: Gold Edition,PC,2010,Strategy,0
ESPN NBA 2Night 2002,XB,2002,Sports,0.01
Virtua Quest,GC,,Role-Playing,0.01
Icewind Dale II,PC,2002,Role-Playing,0
Golden Time: Vivid Memories,PSV,2014,Adventure,0
Shinseiki Evangelion: Koutetsu no Girlfriend 2nd Portable,PSP,2009,Adventure,0
Dungeons 2,PS4,2016,Role-Playing,0.01
Tenjin Ranman: Happy GO Lucky!!,PSP,2010,Adventure,0
Pro Evolution Soccer 2010,PC,2009,Sports,0
Hoshigami: Ruining Blue Earth Remix,DS,2007,Role-Playing,0
Carmageddon: Max Damage,PS4,2016,Action,0.01
Getsuei Gakuen: kou,PSV,2013,Adventure,0
Alone in the Dark,PC,2008,Adventure,0
Rugby League Live 3,XOne,2015,Action,0
The Cages: Pro Style Batting Practice,Wii,2010,Sports,0.01
Zettai Kaikyuu Gakuen: Eden with Roses and Phantasm,PSV,2016,Adventure,0
Hotel Giant DS,DS,2008,Simulation,0
Clive Barker's Jericho,PC,2007,Shooter,0
Shin Sangoku Musou 4 Special,X360,2005,Action,0
Grand Prix Legends,PC,1997,Racing,0
Bullet Soul: Tama Tamashii,X360,2011,Shooter,0
G1 Jockey 4 2007,PS2,2007,Sports,0
"Element Girl: Love, Fashion and Friends",DS,2008,Adventure,0
Heart no Kuni no Alice: Wonderful Twin World,PSP,2014,Adventure,0
Assassin's Creed Chronicles,XOne,2016,Action,0
Madagascar: Escape 2 Africa,PC,2008,Action,0.01
Wade Hixton's Counter Punch,GBA,2004,Sports,0.01
MotoGP 14 ,PSV,2014,Racing,0
Junjou Romanchika: Koi no Doki Doki Daisakusen,PS2,2008,Adventure,0
Sega Rally Revo,PC,2007,Racing,0
Superstars V8 Racing,X360,2009,Racing,0
Winning Eleven: Pro Evolution Soccer 2007,PC,2006,Sports,0
Shin Koihime Musou: Otome Taisen * Sangokushi Engi,PS3,2014,Adventure,0
Farming Simulator 2014,PSV,2014,Simulation,0.01
"Horse Life 4: My Horse, My Friend, My Champion",3DS,2015,Action,0
Heart no Kuni no Alice,PS2,2008,Adventure,0
Shijyou Saikyou no Deshi Kenichi: Gekitou! Ragnarok Hachikengou,PS2,2007,Fighting,0
Juggler DS,DS,2008,Misc,0
Naruto Shippuden: Ultimate Ninja Storm Collection,PS3,2016,Action,0
Katekyoo Hitman Reborn! Kindan no Yami no Delta,Wii,2008,Action,0
Transformers: Prime,Wii,2012,Action,0
Amnesia Later,PSV,2014,Misc,0
Outdoors Unleashed: Alaska 3D,3DS,2011,Sports,0.01
Razor Freestyle Scooter,GBA,2001,Sports,0.01
Vitamin Y,DS,2008,Adventure,0
Egg Mania: Eggstreme Madness,GC,2002,Puzzle,0.01
Magicians Academy,PS2,2007,Role-Playing,0
Memories Off #5: Togireta Film,PSP,2009,Adventure,0
Luxor: Pharaoh's Challenge,DS,2007,Puzzle,0
The Eye of Judgment: Legends,PSP,2010,Strategy,0
Exstetra,3DS,2013,Role-Playing,0
Lucian Bee's: Resurrection Supernova,PS2,2009,Adventure,0
King's Bounty: Armored Princess,PC,2009,Role-Playing,0
The Amazing Spider-Man (DS & Mobile Versions),PSP,2009,Action,0
Smart Boy's Winter Wonderland,DS,2008,Misc,0.01
Captain Rainbow,Wii,2008,Adventure,0
DoDonPachi Daifukkatsu: Black Label,X360,2011,Shooter,0
Space Raiders,GC,2003,Shooter,0.01
"Shinobi, Koi Utsutsu: Setsugetsuka Koi Emaki",PSV,2015,Action,0
Ishin no Arashi: Shippuu Ryuumeden,DS,2010,Strategy,0
Dengeki Gakuen RPG: Cross of Venus Special,DS,2011,Role-Playing,0
Muv-Luv Alternative,PS3,2012,Simulation,0
Irotoridori no Sekai: World's End Re-Birth,PSV,2015,Action,0
Taishou x Alice: All in One,PSV,2016,Adventure,0
Transformers: Fall of Cybertron,PC,2012,Action,0.01
Farming 2017 - The Simulation,PS4,2016,Simulation,0
Koi Sentai Love & Peace the P.S.P: Power Zenkai! Special Youso Tenkomori de Portable Ka Daisakusen de Aru!,PSP,2012,Action,0
Case Closed: One Truth Prevails,Wii,2007,Adventure,0
Slotter Mania P: Tetsuya Shinjuku vs Ueno ,PSP,2010,Misc,0
Bomberman,Wii,2008,Puzzle,0
Hitman (2016),XOne,2016,Action,0
Micro Machines V4,PS2,2006,Racing,0.01
Who Wants to be a Millionaire: 2nd Edition,DS,2008,Misc,0
Winx Club: Saving Alfea ,3DS,2014,Action,0
Daito Giken Koushiki Pachi-Slot Simulator: 24 - Twenty-Four,PS2,2008,Misc,0
Rabbids Invasion: The Interactive TV Show,XOne,2014,Misc,0
Unending Bloody Call,PSP,2012,Action,0
Saints Row: Gat out of Hell,XOne,2015,Action,0
Shutsugeki! Otometachi no Senjou 2: Ikusabana no Kizuna,PSP,2011,Strategy,0
Legends of Oz: Dorothy's Return,3DS,2014,Puzzle,0
Snood 2: On Vacation,GBA,2005,Puzzle,0.01
The Land Before Time: Into the Mysterious Beyond,GBA,2006,Platform,0.01
"Transformers: War for Cybertron (XBox 360, PS3, & PC Versions)",PC,2010,Shooter,0.01
Satomi Hakkenden: Hachi Tamanoki,PSP,2014,Adventure,0
Shinigami to Shoujo,PSP,2011,Adventure,0
Naraku no Shiro,PS2,2008,Adventure,0
Mystereet,PS2,2006,Adventure,0
Samurai Shodown: Warrios Rage,PS,1999,Fighting,0.01
Mario & Luigi: Paper Jam & Mario Kart 7 Double Pack,3DS,2015,Misc,0
Romeo Vs. Juliet,PSP,2013,Adventure,0
Kiniro no Corda 3,3DS,2015,Adventure,0
Palais de Reine,PS2,2007,Strategy,0
Bakumatsu Rock: Ultra Soul,PSP,2014,Misc,0
Dragon Ball Z for Kinect,X360,2012,Fighting,0.01
Legacy of Kain: Defiance,PC,2003,Action,0
Balloon Pop 2,3DS,2012,Puzzle,0.01
National Geographic Panda (JP sales),DS,2008,Simulation,0
Codename: Panzers Complete Collection,PC,2016,Strategy,0
Xblaze: Lost Memories,PSV,2015,Adventure,0.01
Knights in the Nightmare: DHE Series Special Pack,DS,2008,Role-Playing,0
Trine,PC,2009,Action,0
DJ Max Technika Tune,PSV,2012,Misc,0
World Snooker Championship 2007,X360,2007,Sports,0
Norn + Nonette: Act Tune,PSV,2016,Action,0
Crossroad Crisis,PS,2000,Puzzle,0.01
Tengai Makyo: Dai Yon no Mokushiroku,PSP,2006,Role-Playing,0
The Ultimate Battle of the Sexes,Wii,2010,Misc,0.01
Karnaaj Rally,GBA,2003,Racing,0.01
Akatsuki no Goei Trinity,PS3,2012,Adventure,0
Shirogane no Soleil: Contract to the Future - Mirai e no Keiyaku,PS2,2008,Adventure,0
Sébastien Loeb Rally Evo,XOne,2016,Racing,0
The Amazing Spider-Man 2 (2014),PC,2014,Action,0
Style Book: Cinnamoroll,DS,2006,Misc,0
SBK Superbike World Championship,PSP,2008,Racing,0.01
The Treasures of Mystery Island 3 Pack - Save Mystery Island!,PC,2011,Puzzle,0.01
Blazer Drive,DS,2008,Role-Playing,0
Deal or No Deal,PC,2006,Misc,0
Onigokko! Portable,PSP,2013,Adventure,0
Tour de France 2014,PS3,2014,Sports,0
WSC REAL 09: World Snooker Championship,PS3,2009,Sports,0
Hospital Tycoon,PC,2007,Strategy,0
Hoshizora no Comic Garden,DS,2008,Adventure,0
Hirameki Action: Chibikko Wagyan no Daiki na Bouken,DS,2009,Action,0
Rugby Challenge 3,XOne,2016,Sports,0
Eve: Burst Error R,PSV,2016,Action,0
ZombiU,XOne,2016,Action,0
Time Travelers,PSP,2012,Adventure,0
Metal Gear Solid HD Edition,X360,2011,Action,0
Mushi Bugyou,3DS,2013,Action,0
Real Crimes: The Unicorn Killer,DS,2011,Puzzle,0
Agatha Christie: Peril at End House,PC,2009,Adventure,0
The Rise of the Argonauts,PC,2008,Role-Playing,0
Fast Racing Neo ,WiiU,2016,Action,0
Nintendogs and Cats Golden Retriever and New Friends,3DS,2011,Action,0
Ben 10 Omniverse 2,X360,2013,Action,0
Summer Athletics,PC,2008,Sports,0
Imagine Figure Skater (JP sales),DS,2007,Sports,0
Dramatical Murder Re:code,PSV,2014,Adventure,0
Driving Simulator 2011,PC,2011,Racing,0
Hyakki Yagyou Kaidan Romance,PSP,2012,Action,0
Prison Architect,XOne,2016,Action,0.01
Bookworm Deluxe,PC,2006,Puzzle,0.01
Hakuoki: Reimeiroku - Omouhase Kara,PSV,2015,Action,0
E.T. The Extra-Terrestrial,GBA,2001,Action,0.01
Mahou Sensei Negima!? Neo-Pactio Fight!!,Wii,2007,Fighting,0
Sweet Honey Coming,PS2,2009,Adventure,0
Psychic Detective,PS,1995,Adventure,0.01
Hanasaku Manimani,PSV,2014,Adventure,0
Fujiko F. Fujio Characters: Great Assembly! Slightly Fantastic Slapstick Party,3DS,2014,Action,0
Super Robot Taisen: Original Generation,GBA,2002,Role-Playing,0.01
Sugar + Spice! Anoko no Suteki na Nanimokamo,PS2,2008,Adventure,0
Kanokon: Esuii,PS2,2008,Adventure,0
Metal Gear Solid V: The Definitive Experience,XOne,2016,Action,0.01
Mortal Kombat: Deadly Alliance,GBA,2002,Fighting,0.01
Tsukigime Ranko's Longest Day,PS3,2014,Action,0
Original Frisbee Disc Sports: Ultimate & Golf,DS,2007,Action,0.01
G1 Jockey 4 2008,PS3,2008,Sports,0
Aikatsu Stars! My Special Appeal,3DS,2016,Action,0
End of Nations,PC,2012,Strategy,0.01
XI Coliseum,PSP,2006,Puzzle,0
Kyoukai no Shirayuki,PSV,2016,Action,0
Worms 2,PC,1997,Strategy,0
Grisaia no Kajitsu: La Fruit de la Grisaia,PSP,2013,Adventure,0
Scarlett: Nichijou no Kyoukaisen,PS2,2008,Adventure,0
7'scarlet,PSV,2016,Adventure,0
Help Wanted: 50 Wacky Jobs (jp sales),Wii,2008,Simulation,0
Yattaman Wii: BikkuriDokkiri Machine de Mou Race da Koron,Wii,2008,Racing,0
Neo Angelique Special,PSP,2008,Adventure,0
Outdoors Unleashed: Africa 3D,3DS,2011,Sports,0.01
Real Rode,PS2,2008,Adventure,0
Pony Friends 2,PC,2009,Simulation,0
Dynasty Warriors: Eiketsuden,PS3,2016,Action,0
Metal Gear Solid V: Ground Zeroes,PC,2014,Action,0
PGA European Tour,N64,2000,Sports,0.01
Carmageddon 64,N64,1999,Action,0.01
Planet Monsters,GBA,2001,Action,0.01
Breach,PC,2011,Shooter,0.01
Bust-A-Move 3000,GC,2003,Puzzle,0.01
Mega Brain Boost,DS,2008,Puzzle,0.01
The Longest 5 Minutes,PSV,2016,Action,0
Mezase!! Tsuri Master DS,DS,2009,Sports,0
Eiyuu Densetsu: Sora no Kiseki Material Collection Portable,PSP,2007,Role-Playing,0
STORM: Frontline Nation,PC,2011,Strategy,0
Strawberry Nauts,PSV,2016,Adventure,0
Plushees,DS,2008,Simulation,0.01
15 Days,PC,2009,Adventure,0
Men in Black II: Alien Escape,GC,2003,Shooter,0.01
Aiyoku no Eustia,PSV,2014,Misc,0
Woody Woodpecker in Crazy Castle 5,GBA,2002,Platform,0.01
SCORE International Baja 1000: The Official Game,PS2,2008,Racing,0
Samurai Warriors: Sanada Maru,PS3,2016,Action,0
LMA Manager 2007,X360,2006,Sports,0
Haitaka no Psychedelica,PSV,2016,Adventure,0
Spirits & Spells,GBA,2003,Platform,0.01
Winning Post 8 2016,PSV,2016,Simulation,0
